frame,timestamp_sec,track_id,class,confidence,x1,y1,x2,y2
91,3.04,5,boneka-asli,0.6507,50,70,248,245
92,3.07,5,boneka-asli,0.6507,69,67,270,244
93,3.11,5,boneka-asli,0.6507,104,63,302,238
95,3.17,5,boneka-asli,0.6507,169,54,365,226
96,3.21,5,boneka-asli,0.6507,231,47,421,214
97,3.24,5,boneka-asli,0.6507,285,36,475,203
98,3.27,5,boneka-asli,0.6507,341,25,525,188
99,3.31,5,boneka-asli,0.6507,396,15,577,176
116,3.87,15,boneka-dummy,0.7452,20,7,344,196
117,3.91,15,boneka-dummy,0.7452,31,5,352,191
118,3.94,15,boneka-dummy,0.7452,50,3,369,186
119,3.97,15,boneka-dummy,0.7452,83,1,396,178
120,4.01,15,boneka-dummy,0.7452,124,0,431,170
121,4.04,15,boneka-dummy,0.7452,172,0,475,163
121,4.04,21,boneka-asli,0.5868,0,597,712,1080
122,4.07,15,boneka-dummy,0.7452,224,0,526,157
122,4.07,21,boneka-asli,0.5868,0,597,715,1077
123,4.11,15,boneka-dummy,0.7452,273,0,576,153
124,4.14,15,boneka-dummy,0.7452,323,0,624,147
125,4.17,15,boneka-dummy,0.7452,371,0,672,143
125,4.17,21,boneka-asli,0.5868,48,600,764,1078
126,4.21,15,boneka-dummy,0.7452,417,0,719,139
127,4.24,15,boneka-dummy,0.7452,463,0,767,136
127,4.24,21,boneka-asli,0.5868,111,591,840,1079
128,4.27,15,boneka-dummy,0.7452,507,0,816,134
129,4.31,15,boneka-dummy,0.7452,550,0,864,133
129,4.31,21,boneka-asli,0.5868,212,586,941,1079
129,4.31,26,boneka-asli,0.6708,8,246,167,806
130,4.34,15,boneka-dummy,0.7452,594,0,912,130
130,4.34,26,boneka-asli,0.6708,18,240,181,812
131,4.37,15,boneka-dummy,0.7452,640,0,956,127
131,4.37,26,boneka-asli,0.6708,37,231,202,802
132,4.41,15,boneka-dummy,0.7452,686,1,1000,123
132,4.41,26,boneka-asli,0.6708,60,222,226,780
133,4.44,15,boneka-dummy,0.7452,732,1,1043,118
133,4.44,26,boneka-asli,0.6708,82,213,251,758
134,4.47,26,boneka-asli,0.6708,110,205,286,740
135,4.51,26,boneka-asli,0.6708,146,197,330,725
136,4.54,26,boneka-asli,0.6708,184,189,378,710
137,4.57,26,boneka-asli,0.6708,225,181,430,698
138,4.61,21,boneka-asli,0.5868,504,584,1226,1079
138,4.61,26,boneka-asli,0.6708,265,170,483,686
139,4.64,26,boneka-asli,0.6708,304,160,535,677
139,4.64,30,boneka-asli,0.6326,0,355,527,1038
140,4.67,21,boneka-asli,0.5868,722,610,1401,1079
140,4.67,26,boneka-asli,0.6708,347,153,589,668
140,4.67,30,boneka-asli,0.6326,0,350,540,1052
141,4.71,26,boneka-asli,0.6708,387,148,640,662
141,4.71,30,boneka-asli,0.6326,0,353,556,1065
142,4.74,26,boneka-asli,0.6708,424,145,687,659
142,4.74,30,boneka-asli,0.6326,1,350,570,1062
143,4.77,26,boneka-asli,0.6708,462,144,733,658
144,4.81,21,boneka-asli,0.5868,841,586,1542,1079
144,4.81,26,boneka-asli,0.6708,496,145,775,657
144,4.81,30,boneka-asli,0.6326,27,347,587,1035
145,4.84,26,boneka-asli,0.6708,527,143,814,655
145,4.84,30,boneka-asli,0.6326,39,340,620,1044
146,4.87,26,boneka-asli,0.6708,557,142,851,653
147,4.91,26,boneka-asli,0.6708,585,140,884,651
148,4.94,26,boneka-asli,0.6708,605,137,911,649
149,4.97,21,boneka-asli,0.5868,1055,574,1731,1079
149,4.97,26,boneka-asli,0.6708,622,135,935,648
149,4.97,30,boneka-asli,0.6326,49,301,685,1060
150,5.01,26,boneka-asli,0.6708,643,134,961,647
150,5.01,30,boneka-asli,0.6326,55,286,722,1070
150,5.01,35,boneka-asli,0.5715,669,860,1092,1070
151,5.04,21,boneka-asli,0.5868,1196,587,1825,1079
151,5.04,26,boneka-asli,0.6708,658,134,982,647
151,5.04,30,boneka-asli,0.6326,48,260,749,1075
151,5.04,35,boneka-asli,0.5715,674,862,1096,1071
152,5.07,21,boneka-asli,0.5868,1268,588,1872,1079
152,5.07,26,boneka-asli,0.6708,669,133,998,648
152,5.07,30,boneka-asli,0.6326,47,247,772,1077
153,5.11,26,boneka-asli,0.6708,681,134,1015,650
153,5.11,30,boneka-asli,0.6326,38,212,801,1078
153,5.11,35,boneka-asli,0.5715,688,863,1114,1075
154,5.14,21,boneka-asli,0.5868,1314,590,1896,1079
154,5.14,26,boneka-asli,0.6708,693,133,1030,649
154,5.14,30,boneka-asli,0.6326,30,184,823,1079
154,5.14,35,boneka-asli,0.5715,703,864,1130,1077
155,5.18,26,boneka-asli,0.6708,701,129,1044,650
155,5.18,30,boneka-asli,0.6326,36,196,825,1079
155,5.18,35,boneka-asli,0.5715,716,864,1146,1078
156,5.21,21,boneka-asli,0.5868,1321,588,1908,1079
156,5.21,26,boneka-asli,0.6708,713,125,1061,649
156,5.21,35,boneka-asli,0.5715,731,865,1160,1079
157,5.24,21,boneka-asli,0.5868,1339,584,1914,1079
157,5.24,26,boneka-asli,0.6708,729,123,1079,645
157,5.24,30,boneka-asli,0.6326,22,154,852,1079
157,5.24,35,boneka-asli,0.5715,749,867,1174,1079
158,5.28,21,boneka-asli,0.5868,1349,580,1917,1079
158,5.28,26,boneka-asli,0.6708,745,118,1099,642
158,5.28,35,boneka-asli,0.5715,767,870,1188,1079
159,5.31,21,boneka-asli,0.5868,1385,587,1918,1079
159,5.31,30,boneka-asli,0.6326,31,161,862,1078
159,5.31,35,boneka-asli,0.5715,790,871,1208,1079
160,5.34,21,boneka-asli,0.5868,1417,582,1919,1042
160,5.34,26,boneka-asli,0.6708,767,109,1127,639
160,5.34,35,boneka-asli,0.5715,811,870,1230,1079
161,5.38,21,boneka-asli,0.5868,1398,584,1919,1048
161,5.38,26,boneka-asli,0.6708,786,100,1149,632
161,5.38,35,boneka-asli,0.5715,828,867,1253,1079
162,5.41,21,boneka-asli,0.5868,1387,591,1919,1059
162,5.41,26,boneka-asli,0.6708,804,90,1172,625
162,5.41,30,boneka-asli,0.6326,54,163,897,1078
162,5.41,35,boneka-asli,0.5715,846,865,1274,1079
163,5.44,26,boneka-asli,0.6708,821,79,1193,617
163,5.44,35,boneka-asli,0.5715,860,853,1309,1079
164,5.48,21,boneka-asli,0.5868,1366,581,1919,1069
164,5.48,26,boneka-asli,0.6708,838,67,1214,609
164,5.48,35,boneka-asli,0.5715,876,842,1341,1079
165,5.51,21,boneka-asli,0.5868,1353,570,1919,1074
166,5.54,26,boneka-asli,0.6708,861,56,1241,603
166,5.54,35,boneka-asli,0.5715,901,836,1374,1079
167,5.58,26,boneka-asli,0.6708,876,48,1261,599
167,5.58,35,boneka-asli,0.5715,924,835,1397,1079
168,5.61,21,boneka-asli,0.5868,1378,578,1919,1077
168,5.61,26,boneka-asli,0.6708,888,41,1277,596
168,5.61,35,boneka-asli,0.5715,940,834,1414,1079
169,5.64,26,boneka-asli,0.6708,901,35,1293,593
169,5.64,35,boneka-asli,0.5715,960,832,1436,1079
171,5.71,35,boneka-asli,0.5715,978,829,1460,1079
172,5.74,21,boneka-asli,0.5868,1449,557,1919,1078
172,5.74,35,boneka-asli,0.5715,998,827,1481,1079
173,5.78,35,boneka-asli,0.5715,1013,827,1496,1079
174,5.81,35,boneka-asli,0.5715,1029,829,1508,1079
175,5.84,35,boneka-asli,0.5715,1046,835,1517,1079
175,5.84,37,boneka-asli,0.6322,1736,600,1904,1080
176,5.88,26,boneka-asli,0.6708,937,26,1335,594
176,5.88,35,boneka-asli,0.5715,1063,845,1519,1079
176,5.88,37,boneka-asli,0.6322,1734,610,1899,1080
177,5.91,26,boneka-asli,0.6708,955,22,1358,597
177,5.91,35,boneka-asli,0.5715,1069,857,1511,1079
178,5.94,26,boneka-asli,0.6708,965,22,1371,604
178,5.94,35,boneka-asli,0.5715,1090,870,1515,1079
179,5.98,26,boneka-asli,0.6708,970,23,1379,612
179,5.98,35,boneka-asli,0.5715,1115,882,1521,1079
180,6.01,26,boneka-asli,0.6708,974,25,1385,619
180,6.01,35,boneka-asli,0.5715,1129,890,1530,1078
181,6.04,26,boneka-asli,0.6708,977,28,1389,625
182,6.08,26,boneka-asli,0.6708,977,28,1391,630
183,6.11,26,boneka-asli,0.6708,976,28,1392,635
184,6.14,26,boneka-asli,0.6708,973,31,1390,639
185,6.18,26,boneka-asli,0.6708,969,35,1386,645
186,6.21,26,boneka-asli,0.6708,963,42,1381,652
187,6.24,26,boneka-asli,0.6708,955,50,1373,659
187,6.24,37,boneka-asli,0.6322,1703,654,1864,1080
188,6.28,26,boneka-asli,0.6708,944,55,1364,666
188,6.28,37,boneka-asli,0.6322,1682,679,1850,1080
189,6.31,37,boneka-asli,0.6322,1663,695,1843,1080
190,6.34,26,boneka-asli,0.6708,925,60,1349,675
191,6.38,26,boneka-asli,0.6708,910,66,1337,680
191,6.38,37,boneka-asli,0.6322,1632,660,1848,1080
192,6.41,37,boneka-asli,0.6322,1607,670,1841,1080
193,6.44,37,boneka-asli,0.6322,1587,682,1836,1080
194,6.48,26,boneka-asli,0.6708,881,77,1306,686
194,6.48,37,boneka-asli,0.6322,1563,687,1832,1080
196,6.54,26,boneka-asli,0.6708,844,91,1266,695
196,6.54,40,boneka-asli,0.5399,1357,766,1736,968
197,6.58,26,boneka-asli,0.6708,812,102,1236,703
197,6.58,37,boneka-asli,0.6322,1554,689,1841,1079
198,6.61,37,boneka-asli,0.6322,1550,695,1849,1079
199,6.64,37,boneka-asli,0.6322,1545,695,1859,1079
200,6.68,37,boneka-asli,0.6322,1541,688,1872,1079
200,6.68,40,boneka-asli,0.5399,1323,777,1712,984
201,6.71,26,boneka-asli,0.6708,752,118,1176,718
201,6.71,37,boneka-asli,0.6322,1541,694,1877,1079
202,6.74,37,boneka-asli,0.6322,1531,694,1877,1079
202,6.74,40,boneka-asli,0.5399,1283,783,1688,997
203,6.78,26,boneka-asli,0.6708,700,134,1127,735
203,6.78,37,boneka-asli,0.6322,1501,700,1858,1079
204,6.81,26,boneka-asli,0.6708,661,144,1091,747
204,6.81,37,boneka-asli,0.6322,1479,704,1850,1079
204,6.81,40,boneka-asli,0.5399,1235,789,1661,1015
205,6.84,26,boneka-asli,0.6708,629,153,1061,758
205,6.84,37,boneka-asli,0.6322,1458,707,1844,1079
206,6.88,37,boneka-asli,0.6322,1434,719,1830,1079
206,6.88,40,boneka-asli,0.5399,1192,807,1625,1037
207,6.91,26,boneka-asli,0.6708,590,166,1028,774
207,6.91,37,boneka-asli,0.6322,1395,729,1806,1079
208,6.94,37,boneka-asli,0.6322,1384,734,1809,1079
208,6.94,40,boneka-asli,0.5399,1146,822,1585,1055
208,6.94,42,boneka-dummy,0.6458,1314,2,1787,126
209,6.98,26,boneka-asli,0.6708,545,181,984,789
209,6.98,37,boneka-asli,0.6322,1377,739,1813,1079
209,6.98,40,boneka-asli,0.5399,1115,834,1556,1067
209,6.98,42,boneka-dummy,0.6458,1305,2,1787,129
210,7.01,37,boneka-asli,0.6322,1362,746,1805,1079
210,7.01,42,boneka-dummy,0.6458,1281,2,1773,132
211,7.04,26,boneka-asli,0.6708,495,193,938,804
211,7.04,37,boneka-asli,0.6322,1313,753,1771,1079
211,7.04,42,boneka-dummy,0.6458,1255,2,1754,133
212,7.08,26,boneka-asli,0.6708,450,201,896,816
212,7.08,37,boneka-asli,0.6322,1280,755,1755,1079
212,7.08,40,boneka-asli,0.5399,1066,847,1497,1073
212,7.08,42,boneka-dummy,0.6458,1226,2,1728,134
213,7.11,37,boneka-asli,0.6322,1250,750,1747,1079
213,7.11,42,boneka-dummy,0.6458,1192,1,1695,135
214,7.14,37,boneka-asli,0.6322,1184,751,1703,1079
214,7.14,42,boneka-dummy,0.6458,1160,1,1658,134
215,7.18,26,boneka-asli,0.6708,370,206,823,827
215,7.18,37,boneka-asli,0.6322,1126,748,1668,1079
215,7.18,40,boneka-asli,0.5399,987,852,1418,1076
215,7.18,42,boneka-dummy,0.6458,1130,1,1620,133
216,7.21,26,boneka-asli,0.6708,307,205,767,835
216,7.21,37,boneka-asli,0.6322,1062,740,1636,1079
216,7.21,42,boneka-dummy,0.6458,1096,1,1581,132
217,7.25,26,boneka-asli,0.6708,251,206,718,843
217,7.25,37,boneka-asli,0.6322,988,729,1598,1079
217,7.25,42,boneka-dummy,0.6458,1059,1,1540,131
218,7.28,26,boneka-asli,0.6708,198,207,671,850
218,7.28,37,boneka-asli,0.6322,925,725,1562,1079
219,7.31,26,boneka-asli,0.6708,149,209,627,858
219,7.31,37,boneka-asli,0.6322,874,729,1522,1079
220,7.35,26,boneka-asli,0.6708,104,208,588,865
220,7.35,37,boneka-asli,0.6322,851,727,1512,1079
221,7.38,26,boneka-asli,0.6708,61,208,549,870
221,7.38,37,boneka-asli,0.6322,819,721,1499,1079
222,7.41,26,boneka-asli,0.6708,30,206,518,875
222,7.41,37,boneka-asli,0.6322,805,716,1495,1079
222,7.41,42,boneka-dummy,0.6458,949,1,1429,132
223,7.45,26,boneka-asli,0.6708,15,204,495,882
223,7.45,37,boneka-asli,0.6322,769,713,1466,1079
223,7.45,42,boneka-dummy,0.6458,875,2,1353,133
224,7.48,26,boneka-asli,0.6708,7,205,474,889
224,7.48,37,boneka-asli,0.6322,753,709,1453,1079
224,7.48,42,boneka-dummy,0.6458,824,1,1303,134
225,7.51,26,boneka-asli,0.6708,3,211,455,900
225,7.51,37,boneka-asli,0.6322,742,707,1437,1079
225,7.51,42,boneka-dummy,0.6458,782,0,1268,136
226,7.55,26,boneka-asli,0.6708,1,215,439,921
226,7.55,42,boneka-dummy,0.6458,745,0,1236,138
227,7.58,26,boneka-asli,0.6708,0,222,423,938
227,7.58,37,boneka-asli,0.6322,693,708,1386,1079
227,7.58,42,boneka-dummy,0.6458,705,0,1209,144
228,7.61,26,boneka-asli,0.6708,0,233,408,962
228,7.61,37,boneka-asli,0.6322,675,720,1342,1079
228,7.61,42,boneka-dummy,0.6458,672,0,1188,149
229,7.65,26,boneka-asli,0.6708,0,247,392,991
229,7.65,37,boneka-asli,0.6322,687,734,1323,1079
229,7.65,42,boneka-dummy,0.6458,638,0,1173,157
230,7.68,26,boneka-asli,0.6708,0,268,375,1020
230,7.68,37,boneka-asli,0.6322,709,756,1304,1079
230,7.68,42,boneka-dummy,0.6458,602,3,1164,172
231,7.71,26,boneka-asli,0.6708,0,294,360,1047
231,7.71,37,boneka-asli,0.6322,721,781,1275,1079
231,7.71,42,boneka-dummy,0.6458,576,11,1149,187
232,7.75,26,boneka-asli,0.6708,0,325,348,1063
232,7.75,37,boneka-asli,0.6322,741,802,1261,1079
232,7.75,42,boneka-dummy,0.6458,560,27,1141,209
233,7.78,26,boneka-asli,0.6708,0,360,341,1071
233,7.78,37,boneka-asli,0.6322,789,833,1257,1079
233,7.78,42,boneka-dummy,0.6458,552,50,1134,238
234,7.81,26,boneka-asli,0.6708,0,401,342,1075
235,7.85,26,boneka-asli,0.6708,9,449,348,1077
236,7.88,26,boneka-asli,0.6708,29,505,354,1078
237,7.91,26,boneka-asli,0.6708,54,570,361,1079
238,7.95,26,boneka-asli,0.6708,87,637,377,1079
239,7.98,26,boneka-asli,0.6708,126,709,395,1079
240,8.01,26,boneka-asli,0.6708,193,785,433,1079
249,8.31,55,boneka-asli,0.7082,424,772,869,1079
250,8.35,55,boneka-asli,0.7082,422,751,897,1079
251,8.38,55,boneka-asli,0.7082,410,719,930,1079
251,8.38,56,boneka-dummy,0.6922,1205,294,1702,508
252,8.41,55,boneka-asli,0.7082,387,678,963,1079
252,8.41,56,boneka-dummy,0.6922,1245,276,1748,493
253,8.45,55,boneka-asli,0.7082,370,636,998,1079
253,8.45,56,boneka-dummy,0.6922,1264,247,1775,467
254,8.48,55,boneka-asli,0.7082,361,597,1036,1079
254,8.48,56,boneka-dummy,0.6922,1302,212,1816,435
255,8.51,55,boneka-asli,0.7082,354,554,1075,1079
255,8.51,56,boneka-dummy,0.6922,1336,173,1867,405
256,8.55,55,boneka-asli,0.7082,351,510,1115,1079
256,8.55,56,boneka-dummy,0.6922,1335,121,1893,380
257,8.58,55,boneka-asli,0.7082,351,464,1155,1078
257,8.58,56,boneka-dummy,0.6922,1335,65,1906,350
258,8.61,55,boneka-asli,0.7082,366,417,1184,1058
258,8.61,56,boneka-dummy,0.6922,1345,32,1913,327
259,8.65,56,boneka-dummy,0.6922,1381,16,1916,295
260,8.68,55,boneka-asli,0.7082,417,358,1211,995
260,8.68,56,boneka-dummy,0.6922,1446,8,1918,251
261,8.71,55,boneka-asli,0.7082,466,318,1232,946
261,8.71,56,boneka-dummy,0.6922,1501,4,1919,216
262,8.75,55,boneka-asli,0.7082,506,291,1249,915
263,8.78,55,boneka-asli,0.7082,538,269,1267,895
264,8.81,55,boneka-asli,0.7082,565,251,1285,880
267,8.91,55,boneka-asli,0.7082,600,234,1322,875
269,8.98,55,boneka-asli,0.7082,638,220,1368,876
272,9.08,55,boneka-asli,0.7082,675,194,1424,875
274,9.15,55,boneka-asli,0.7082,696,159,1460,868
275,9.18,55,boneka-asli,0.7082,708,129,1481,859
276,9.21,55,boneka-asli,0.7082,724,103,1503,852
277,9.25,55,boneka-asli,0.7082,737,78,1520,841
278,9.28,55,boneka-asli,0.7082,739,51,1521,826
279,9.32,55,boneka-asli,0.7082,753,27,1527,805
280,9.35,55,boneka-asli,0.7082,777,13,1541,784
281,9.38,55,boneka-asli,0.7082,803,6,1550,760
282,9.42,55,boneka-asli,0.7082,825,3,1558,739
283,9.45,55,boneka-asli,0.7082,841,1,1563,722
283,9.45,59,boneka-asli,0.7453,30,0,937,1080
284,9.48,55,boneka-asli,0.7082,854,0,1575,714
284,9.48,59,boneka-asli,0.7453,34,0,942,1080
285,9.52,55,boneka-asli,0.7082,862,0,1588,713
288,9.62,55,boneka-asli,0.7082,860,0,1616,740
289,9.65,55,boneka-asli,0.7082,856,0,1641,769
290,9.68,55,boneka-asli,0.7082,849,0,1657,795
291,9.72,55,boneka-asli,0.7082,824,0,1650,825
292,9.75,55,boneka-asli,0.7082,799,0,1642,859
293,9.78,55,boneka-asli,0.7082,802,5,1650,884
294,9.82,55,boneka-asli,0.7082,812,16,1657,903
295,9.85,55,boneka-asli,0.7082,819,31,1656,920
296,9.88,55,boneka-asli,0.7082,817,46,1645,935
297,9.92,55,boneka-asli,0.7082,798,62,1610,949
298,9.95,55,boneka-asli,0.7082,792,74,1589,952
299,9.98,55,boneka-asli,0.7082,787,87,1569,950
300,10.02,55,boneka-asli,0.7082,766,96,1526,943
301,10.05,55,boneka-asli,0.7082,756,97,1504,935
302,10.08,55,boneka-asli,0.7082,744,97,1483,927
303,10.12,55,boneka-asli,0.7082,726,98,1459,921
304,10.15,55,boneka-asli,0.7082,705,101,1432,916
305,10.18,55,boneka-asli,0.7082,683,106,1402,912
306,10.22,55,boneka-asli,0.7082,657,109,1374,910
307,10.25,55,boneka-asli,0.7082,632,110,1349,910
309,10.32,55,boneka-asli,0.7082,603,111,1321,912
309,10.32,59,boneka-asli,0.7453,17,48,844,1080
310,10.35,55,boneka-asli,0.7082,580,113,1300,915
313,10.45,55,boneka-asli,0.7082,541,112,1272,926
314,10.48,55,boneka-asli,0.7082,516,114,1254,934
314,10.48,59,boneka-asli,0.7453,8,114,744,1080
315,10.52,55,boneka-asli,0.7082,497,118,1244,947
315,10.52,59,boneka-asli,0.7453,4,152,680,1080
316,10.55,55,boneka-asli,0.7082,480,119,1235,956
316,10.55,59,boneka-asli,0.7453,2,179,635,1080
317,10.58,55,boneka-asli,0.7082,465,120,1226,964
317,10.58,59,boneka-asli,0.7453,1,198,607,1080
318,10.62,55,boneka-asli,0.7082,452,127,1216,973
318,10.62,59,boneka-asli,0.7453,0,207,588,1080
319,10.65,55,boneka-asli,0.7082,440,128,1210,978
319,10.65,59,boneka-asli,0.7453,0,214,573,1080
320,10.68,55,boneka-asli,0.7082,434,130,1202,978
320,10.68,59,boneka-asli,0.7453,0,215,563,1080
321,10.72,55,boneka-asli,0.7082,432,130,1198,973
321,10.72,59,boneka-asli,0.7453,0,207,562,1080
322,10.75,55,boneka-asli,0.7082,433,125,1196,966
322,10.75,59,boneka-asli,0.7453,0,193,566,1080
323,10.78,55,boneka-asli,0.7082,437,120,1199,958
323,10.78,59,boneka-asli,0.7453,0,180,570,1080
324,10.82,55,boneka-asli,0.7082,449,113,1208,947
324,10.82,59,boneka-asli,0.7453,0,170,575,1080
325,10.85,55,boneka-asli,0.7082,461,104,1220,937
325,10.85,59,boneka-asli,0.7453,0,149,584,1080
326,10.88,55,boneka-asli,0.7082,475,99,1233,929
326,10.88,59,boneka-asli,0.7453,0,143,591,1080
327,10.92,55,boneka-asli,0.7082,495,89,1253,917
327,10.92,59,boneka-asli,0.7453,0,112,610,1080
328,10.95,55,boneka-asli,0.7082,518,75,1276,901
328,10.95,59,boneka-asli,0.7453,0,89,631,1080
329,10.98,55,boneka-asli,0.7082,549,64,1302,882
329,10.98,59,boneka-asli,0.7453,1,54,659,1080
330,11.02,55,boneka-asli,0.7082,586,45,1345,866
330,11.02,59,boneka-asli,0.7453,11,28,692,1080
331,11.05,55,boneka-asli,0.7082,630,25,1396,849
331,11.05,59,boneka-asli,0.7453,23,14,722,1080
332,11.08,55,boneka-asli,0.7082,683,12,1451,832
332,11.08,59,boneka-asli,0.7453,37,7,752,1080
333,11.12,55,boneka-asli,0.7082,740,6,1509,818
333,11.12,59,boneka-asli,0.7453,55,3,788,1080
334,11.15,55,boneka-asli,0.7082,805,3,1577,808
334,11.15,59,boneka-asli,0.7453,75,1,827,1080
335,11.18,55,boneka-asli,0.7082,869,1,1645,800
335,11.18,59,boneka-asli,0.7453,91,0,866,1080
336,11.22,55,boneka-asli,0.7082,935,2,1710,789
336,11.22,59,boneka-asli,0.7453,112,0,913,1080
337,11.25,55,boneka-asli,0.7082,999,1,1780,784
337,11.25,59,boneka-asli,0.7453,143,0,971,1080
338,11.28,55,boneka-asli,0.7082,1047,0,1833,779
339,11.32,55,boneka-asli,0.7082,1088,0,1875,775
340,11.35,55,boneka-asli,0.7082,1120,0,1897,774
341,11.39,55,boneka-asli,0.7082,1150,0,1908,775
342,11.42,55,boneka-asli,0.7082,1175,0,1914,782
343,11.45,55,boneka-asli,0.7082,1197,0,1917,794
344,11.49,55,boneka-asli,0.7082,1217,0,1918,809
345,11.52,55,boneka-asli,0.7082,1237,0,1919,820
346,11.55,55,boneka-asli,0.7082,1254,2,1919,831
347,11.59,55,boneka-asli,0.7082,1277,29,1919,846
348,11.62,55,boneka-asli,0.7082,1284,36,1919,865
349,11.65,55,boneka-asli,0.7082,1283,37,1919,889
350,11.69,55,boneka-asli,0.7082,1281,37,1919,911
351,11.72,55,boneka-asli,0.7082,1283,46,1919,933
352,11.75,55,boneka-asli,0.7082,1289,60,1919,952
353,11.79,55,boneka-asli,0.7082,1300,74,1919,967
354,11.82,55,boneka-asli,0.7082,1320,111,1919,977
355,11.85,55,boneka-asli,0.7082,1355,166,1919,985
356,11.89,55,boneka-asli,0.7082,1386,202,1919,985
357,11.92,55,boneka-asli,0.7082,1414,210,1919,980
358,11.95,55,boneka-asli,0.7082,1441,210,1919,975
359,11.99,55,boneka-asli,0.7082,1453,166,1919,985
360,12.02,55,boneka-asli,0.7082,1463,115,1919,1018
360,12.02,59,boneka-asli,0.7453,514,0,1341,995
361,12.05,59,boneka-asli,0.7453,707,0,1556,938
438,14.62,63,boneka-dummy,0.5907,1514,0,1901,1080
440,14.69,63,boneka-dummy,0.5907,1486,0,1875,1080
441,14.72,63,boneka-dummy,0.5907,1459,0,1853,1080
442,14.76,63,boneka-dummy,0.5907,1425,0,1827,1080
444,14.82,63,boneka-dummy,0.5907,1378,0,1795,1080
445,14.86,63,boneka-dummy,0.5907,1330,0,1767,1080
458,15.29,65,boneka-asli,0.7974,1413,0,1911,830
459,15.32,65,boneka-asli,0.7974,1407,0,1911,840
460,15.36,65,boneka-asli,0.7974,1394,0,1905,851
461,15.39,65,boneka-asli,0.7974,1378,0,1899,866
462,15.43,65,boneka-asli,0.7974,1348,0,1892,899
463,15.46,65,boneka-asli,0.7974,1312,0,1884,940
464,15.49,65,boneka-asli,0.7974,1270,0,1878,990
465,15.53,65,boneka-asli,0.7974,1237,11,1869,1033
466,15.56,65,boneka-asli,0.7974,1209,29,1853,1056
467,15.59,65,boneka-asli,0.7974,1188,57,1831,1068
468,15.63,65,boneka-asli,0.7974,1175,88,1811,1074
469,15.66,65,boneka-asli,0.7974,1169,121,1797,1077
470,15.69,65,boneka-asli,0.7974,1162,148,1784,1078
471,15.73,65,boneka-asli,0.7974,1157,175,1773,1079
472,15.76,65,boneka-asli,0.7974,1148,201,1760,1079
473,15.79,65,boneka-asli,0.7974,1140,224,1748,1079
474,15.83,65,boneka-asli,0.7974,1135,244,1741,1079
475,15.86,65,boneka-asli,0.7974,1134,263,1740,1079
476,15.89,65,boneka-asli,0.7974,1122,280,1726,1079
477,15.93,65,boneka-asli,0.7974,1110,295,1712,1079
478,15.96,65,boneka-asli,0.7974,1101,310,1700,1079
479,15.99,65,boneka-asli,0.7974,1097,337,1684,1079
480,16.03,65,boneka-asli,0.7974,1086,352,1671,1079
481,16.06,65,boneka-asli,0.7974,1069,361,1654,1079
482,16.09,65,boneka-asli,0.7974,1045,365,1634,1079
483,16.13,65,boneka-asli,0.7974,1014,367,1607,1079
484,16.16,65,boneka-asli,0.7974,983,368,1581,1079
485,16.19,65,boneka-asli,0.7974,940,364,1544,1079
486,16.23,65,boneka-asli,0.7974,902,361,1512,1079
487,16.26,65,boneka-asli,0.7974,865,359,1480,1079
488,16.29,65,boneka-asli,0.7974,823,356,1442,1079
489,16.33,65,boneka-asli,0.7974,780,354,1402,1079
490,16.36,65,boneka-asli,0.7974,736,353,1361,1079
491,16.39,65,boneka-asli,0.7974,694,354,1320,1079
492,16.43,65,boneka-asli,0.7974,648,357,1274,1079
493,16.46,65,boneka-asli,0.7974,605,353,1236,1079
494,16.49,65,boneka-asli,0.7974,562,347,1199,1079
495,16.53,65,boneka-asli,0.7974,515,341,1159,1079
496,16.56,65,boneka-asli,0.7974,471,333,1121,1079
497,16.59,65,boneka-asli,0.7974,431,323,1089,1079
498,16.63,65,boneka-asli,0.7974,393,317,1055,1079
499,16.66,65,boneka-asli,0.7974,345,320,1006,1079
500,16.69,65,boneka-asli,0.7974,301,319,963,1079
501,16.73,65,boneka-asli,0.7974,247,319,911,1079
502,16.76,65,boneka-asli,0.7974,196,314,866,1079
503,16.79,65,boneka-asli,0.7974,144,311,816,1079
504,16.83,65,boneka-asli,0.7974,84,308,760,1079
505,16.86,65,boneka-asli,0.7974,42,313,703,1079
506,16.89,65,boneka-asli,0.7974,21,319,648,1079
507,16.93,65,boneka-asli,0.7974,10,325,593,1079
508,16.96,65,boneka-asli,0.7974,5,335,534,1079
509,16.99,65,boneka-asli,0.7974,2,355,469,1079
510,17.03,65,boneka-asli,0.7974,1,368,402,1078
524,17.50,68,boneka-asli,0.5987,1132,885,1909,1080
534,17.83,68,boneka-asli,0.5987,1165,846,1914,1080
535,17.86,68,boneka-asli,0.5987,1193,828,1917,1080
536,17.90,68,boneka-asli,0.5987,1201,818,1918,1080
537,17.93,68,boneka-asli,0.5987,1219,812,1919,1080
538,17.96,68,boneka-asli,0.5987,1226,807,1919,1080
539,18.00,68,boneka-asli,0.5987,1210,808,1919,1080
540,18.03,68,boneka-asli,0.5987,1180,810,1919,1080
541,18.06,68,boneka-asli,0.5987,1159,808,1918,1080
542,18.10,68,boneka-asli,0.5987,1143,802,1915,1080
543,18.13,68,boneka-asli,0.5987,1157,797,1917,1080
544,18.16,68,boneka-asli,0.5987,1152,793,1910,1080
545,18.20,68,boneka-asli,0.5987,1167,795,1901,1080
546,18.23,68,boneka-asli,0.5987,1141,793,1862,1080
548,18.30,68,boneka-asli,0.5987,1091,793,1791,1079
549,18.33,73,boneka-asli,0.7048,1599,321,1910,713
550,18.36,68,boneka-asli,0.5987,1041,785,1735,1078
550,18.36,73,boneka-asli,0.7048,1591,315,1906,712
552,18.43,73,boneka-asli,0.7048,1565,307,1890,714
553,18.46,73,boneka-asli,0.7048,1543,297,1878,714
554,18.50,73,boneka-asli,0.7048,1519,292,1867,717
555,18.53,73,boneka-asli,0.7048,1494,286,1853,716
556,18.56,73,boneka-asli,0.7048,1469,283,1840,713
563,18.80,68,boneka-asli,0.5987,841,779,1512,1075
565,18.86,68,boneka-asli,0.5987,744,775,1388,1071
567,18.93,68,boneka-asli,0.5987,658,774,1285,1072
568,18.96,68,boneka-asli,0.5987,638,776,1234,1071
580,19.36,68,boneka-asli,0.5987,476,777,1045,1074
585,19.53,68,boneka-asli,0.5987,343,776,888,1070
588,19.63,68,boneka-asli,0.5987,269,779,781,1068
595,19.87,68,boneka-asli,0.5987,136,795,611,1072
596,19.90,68,boneka-asli,0.5987,68,798,512,1076
603,20.13,84,boneka-asli,0.6246,1001,883,1604,1079
608,20.30,84,boneka-asli,0.6246,962,878,1578,1079
610,20.37,85,boneka-asli,0.6419,612,272,1401,758
612,20.43,86,boneka-dummy,0.5560,1385,406,1634,742
614,20.50,84,boneka-asli,0.6246,894,860,1553,1079
615,20.53,86,boneka-dummy,0.5560,1380,407,1621,734
616,20.57,84,boneka-asli,0.6246,843,846,1517,1078
616,20.57,86,boneka-dummy,0.5560,1369,400,1609,728
617,20.60,86,boneka-dummy,0.5560,1359,397,1599,724
618,20.63,84,boneka-asli,0.6246,835,836,1507,1075
618,20.63,86,boneka-dummy,0.5560,1354,397,1590,720
619,20.67,86,boneka-dummy,0.5560,1350,397,1581,713
621,20.73,84,boneka-asli,0.6246,780,822,1465,1074
621,20.73,86,boneka-dummy,0.5560,1345,393,1574,709
623,20.80,84,boneka-asli,0.6246,736,812,1429,1073
625,20.87,84,boneka-asli,0.6246,748,807,1421,1068
625,20.87,86,boneka-dummy,0.5560,1330,393,1553,702
626,20.90,84,boneka-asli,0.6246,770,804,1419,1065
627,20.93,84,boneka-asli,0.6246,737,801,1383,1066
627,20.93,92,boneka-asli,0.5703,52,800,439,1041
628,20.97,84,boneka-asli,0.6246,698,795,1363,1071
628,20.97,85,boneka-asli,0.6419,562,262,1331,738
628,20.97,92,boneka-asli,0.5703,55,799,437,1037
629,21.00,84,boneka-asli,0.6246,686,788,1362,1074
629,21.00,85,boneka-asli,0.6419,538,257,1287,723
629,21.00,95,boneka-dummy,0.8800,1795,650,1912,1080
630,21.03,85,boneka-asli,0.6419,520,252,1257,711
630,21.03,95,boneka-dummy,0.8800,1789,645,1907,1080
631,21.07,84,boneka-asli,0.6246,637,780,1323,1076
631,21.07,85,boneka-asli,0.6419,501,243,1236,703
631,21.07,95,boneka-dummy,0.8800,1777,638,1898,1080
632,21.10,85,boneka-asli,0.6419,482,236,1217,696
632,21.10,95,boneka-dummy,0.8800,1761,631,1887,1080
633,21.13,84,boneka-asli,0.6246,587,768,1284,1077
633,21.13,95,boneka-dummy,0.8800,1743,622,1875,1080
634,21.17,84,boneka-asli,0.6246,564,760,1264,1078
634,21.17,85,boneka-asli,0.6419,458,229,1186,686
634,21.17,95,boneka-dummy,0.8800,1725,613,1864,1078
635,21.20,84,boneka-asli,0.6246,548,753,1248,1078
635,21.20,95,boneka-dummy,0.8800,1705,604,1854,1074
636,21.23,84,boneka-asli,0.6246,539,747,1234,1079
636,21.23,95,boneka-dummy,0.8800,1687,596,1844,1065
637,21.27,84,boneka-asli,0.6246,538,741,1224,1079
637,21.27,85,boneka-asli,0.6419,436,226,1138,667
637,21.27,95,boneka-dummy,0.8800,1663,589,1829,1052
638,21.30,84,boneka-asli,0.6246,546,735,1224,1079
638,21.30,85,boneka-asli,0.6419,418,224,1106,656
638,21.30,95,boneka-dummy,0.8800,1640,583,1814,1038
639,21.33,84,boneka-asli,0.6246,543,732,1209,1078
639,21.33,85,boneka-asli,0.6419,407,223,1087,649
639,21.33,95,boneka-dummy,0.8800,1612,576,1795,1027
640,21.37,84,boneka-asli,0.6246,533,723,1192,1077
640,21.37,85,boneka-asli,0.6419,397,224,1068,642
640,21.37,95,boneka-dummy,0.8800,1589,572,1781,1018
641,21.40,84,boneka-asli,0.6246,528,723,1170,1075
641,21.40,85,boneka-asli,0.6419,389,227,1054,639
641,21.40,95,boneka-dummy,0.8800,1570,567,1770,1011
642,21.43,84,boneka-asli,0.6246,529,724,1154,1074
642,21.43,85,boneka-asli,0.6419,384,230,1044,635
642,21.43,95,boneka-dummy,0.8800,1550,565,1758,1008
643,21.47,84,boneka-asli,0.6246,535,727,1146,1075
643,21.47,85,boneka-asli,0.6419,376,228,1041,635
643,21.47,95,boneka-dummy,0.8800,1533,567,1749,1006
644,21.50,84,boneka-asli,0.6246,530,727,1133,1076
644,21.50,85,boneka-asli,0.6419,361,227,1034,636
644,21.50,95,boneka-dummy,0.8800,1519,568,1742,1006
645,21.53,84,boneka-asli,0.6246,524,729,1117,1077
645,21.53,95,boneka-dummy,0.8800,1508,570,1738,1008
646,21.57,84,boneka-asli,0.6246,518,731,1103,1078
646,21.57,85,boneka-asli,0.6419,347,229,1026,639
646,21.57,95,boneka-dummy,0.8800,1498,573,1736,1010
647,21.60,84,boneka-asli,0.6246,511,732,1089,1079
647,21.60,85,boneka-asli,0.6419,340,231,1024,640
647,21.60,95,boneka-dummy,0.8800,1491,575,1735,1011
648,21.64,84,boneka-asli,0.6246,508,733,1080,1079
648,21.64,85,boneka-asli,0.6419,331,227,1026,641
648,21.64,95,boneka-dummy,0.8800,1483,575,1733,1011
649,21.67,84,boneka-asli,0.6246,508,733,1074,1078
649,21.67,85,boneka-asli,0.6419,324,222,1025,638
649,21.67,95,boneka-dummy,0.8800,1475,573,1730,1007
650,21.70,84,boneka-asli,0.6246,506,729,1070,1076
650,21.70,85,boneka-asli,0.6419,316,219,1022,636
650,21.70,95,boneka-dummy,0.8800,1465,572,1723,1003
651,21.74,84,boneka-asli,0.6246,511,729,1069,1074
651,21.74,85,boneka-asli,0.6419,312,216,1019,633
651,21.74,95,boneka-dummy,0.8800,1455,569,1717,999
652,21.77,84,boneka-asli,0.6246,512,726,1065,1071
652,21.77,85,boneka-asli,0.6419,305,213,1012,629
652,21.77,95,boneka-dummy,0.8800,1446,566,1711,995
653,21.80,84,boneka-asli,0.6246,511,719,1059,1065
653,21.80,85,boneka-asli,0.6419,303,211,1002,622
653,21.80,95,boneka-dummy,0.8800,1437,561,1706,988
654,21.84,84,boneka-asli,0.6246,507,710,1047,1055
654,21.84,85,boneka-asli,0.6419,300,209,998,620
654,21.84,95,boneka-dummy,0.8800,1429,556,1700,979
654,21.84,99,boneka-asli,0.6396,438,721,782,1049
655,21.87,84,boneka-asli,0.6246,509,700,1042,1045
655,21.87,85,boneka-asli,0.6419,292,205,994,618
655,21.87,95,boneka-dummy,0.8800,1418,549,1691,968
655,21.87,99,boneka-asli,0.6396,436,718,778,1043
656,21.90,85,boneka-asli,0.6419,285,202,986,615
656,21.90,95,boneka-dummy,0.8800,1405,540,1680,958
657,21.94,84,boneka-asli,0.6246,498,688,1024,1031
657,21.94,85,boneka-asli,0.6419,281,202,972,609
657,21.94,92,boneka-asli,0.5703,27,754,491,1058
657,21.94,95,boneka-dummy,0.8800,1391,532,1669,948
658,21.97,84,boneka-asli,0.6246,512,680,1015,1012
658,21.97,85,boneka-asli,0.6419,269,199,958,603
658,21.97,95,boneka-dummy,0.8800,1378,525,1658,938
658,21.97,99,boneka-asli,0.6396,415,703,752,1024
659,22.00,84,boneka-asli,0.6246,515,674,999,998
659,22.00,85,boneka-asli,0.6419,254,191,950,599
659,22.00,95,boneka-dummy,0.8800,1360,516,1643,928
659,22.00,99,boneka-asli,0.6396,394,693,729,1011
660,22.04,85,boneka-asli,0.6419,246,191,939,594
660,22.04,92,boneka-asli,0.5703,13,714,508,1069
660,22.04,95,boneka-dummy,0.8800,1345,515,1626,919
660,22.04,99,boneka-asli,0.6396,379,685,712,1001
661,22.07,85,boneka-asli,0.6419,236,184,930,587
661,22.07,92,boneka-asli,0.5703,6,691,506,1074
661,22.07,95,boneka-dummy,0.8800,1329,509,1612,910
661,22.07,99,boneka-asli,0.6396,378,678,705,992
662,22.10,84,boneka-asli,0.6246,482,665,958,986
662,22.10,85,boneka-asli,0.6419,217,172,923,582
662,22.10,92,boneka-asli,0.5703,3,692,481,1077
662,22.10,95,boneka-dummy,0.8800,1312,503,1598,905
662,22.10,99,boneka-asli,0.6396,374,674,696,985
663,22.14,85,boneka-asli,0.6419,206,163,917,577
663,22.14,92,boneka-asli,0.5703,1,692,465,1078
663,22.14,95,boneka-dummy,0.8800,1294,497,1583,900
663,22.14,99,boneka-asli,0.6396,363,671,680,979
664,22.17,85,boneka-asli,0.6419,196,160,905,572
664,22.17,92,boneka-asli,0.5703,0,698,448,1079
664,22.17,95,boneka-dummy,0.8800,1278,490,1569,895
664,22.17,99,boneka-asli,0.6396,351,668,666,975
665,22.20,85,boneka-asli,0.6419,184,162,886,569
665,22.20,95,boneka-dummy,0.8800,1262,485,1555,890
665,22.20,99,boneka-asli,0.6396,348,665,659,972
666,22.24,85,boneka-asli,0.6419,170,162,870,568
666,22.24,92,boneka-asli,0.5703,0,703,435,1079
666,22.24,95,boneka-dummy,0.8800,1247,481,1541,885
666,22.24,99,boneka-asli,0.6396,334,661,643,969
667,22.27,85,boneka-asli,0.6419,157,161,858,566
667,22.27,95,boneka-dummy,0.8800,1235,477,1529,881
667,22.27,99,boneka-asli,0.6396,328,658,633,966
668,22.30,85,boneka-asli,0.6419,148,159,845,561
668,22.30,95,boneka-dummy,0.8800,1220,474,1515,878
668,22.30,99,boneka-asli,0.6396,311,656,615,965
668,22.30,104,boneka-dummy,0.6443,1828,401,1910,812
669,22.34,84,boneka-asli,0.6246,414,649,891,971
669,22.34,85,boneka-asli,0.6419,137,155,835,556
669,22.34,95,boneka-dummy,0.8800,1205,475,1499,877
669,22.34,99,boneka-asli,0.6396,302,655,602,964
669,22.34,104,boneka-dummy,0.6443,1826,407,1907,810
670,22.37,85,boneka-asli,0.6419,125,153,826,553
670,22.37,95,boneka-dummy,0.8800,1191,476,1483,875
670,22.37,99,boneka-asli,0.6396,292,654,590,964
670,22.37,104,boneka-dummy,0.6443,1820,398,1903,808
671,22.40,85,boneka-asli,0.6419,113,148,820,551
671,22.40,95,boneka-dummy,0.8800,1177,475,1469,874
671,22.40,99,boneka-asli,0.6396,283,654,576,963
671,22.40,104,boneka-dummy,0.6443,1813,385,1900,807
672,22.44,84,boneka-asli,0.6246,381,639,849,962
672,22.44,85,boneka-asli,0.6419,104,144,811,548
672,22.44,95,boneka-dummy,0.8800,1165,475,1455,873
672,22.44,99,boneka-asli,0.6396,272,654,561,963
672,22.44,104,boneka-dummy,0.6443,1805,375,1895,805
673,22.47,85,boneka-asli,0.6419,93,146,797,548
673,22.47,92,boneka-asli,0.5703,0,672,414,1035
673,22.47,95,boneka-dummy,0.8800,1154,477,1443,873
673,22.47,99,boneka-asli,0.6396,260,654,545,963
673,22.47,104,boneka-dummy,0.6443,1796,361,1892,805
674,22.50,85,boneka-asli,0.6419,90,147,790,546
674,22.50,95,boneka-dummy,0.8800,1142,475,1431,873
674,22.50,99,boneka-asli,0.6396,247,655,528,964
674,22.50,104,boneka-dummy,0.6443,1784,339,1890,813
675,22.54,84,boneka-asli,0.6246,347,634,805,960
675,22.54,85,boneka-asli,0.6419,69,145,780,551
675,22.54,95,boneka-dummy,0.8800,1128,474,1417,874
675,22.54,99,boneka-asli,0.6396,233,656,512,967
675,22.54,104,boneka-dummy,0.6443,1773,331,1887,822
676,22.57,84,boneka-asli,0.6246,300,634,759,960
676,22.57,85,boneka-asli,0.6419,52,146,769,554
676,22.57,95,boneka-dummy,0.8800,1114,474,1402,875
676,22.57,104,boneka-dummy,0.6443,1765,353,1880,827
677,22.60,85,boneka-asli,0.6419,39,145,759,553
677,22.60,95,boneka-dummy,0.8800,1100,474,1387,875
677,22.60,99,boneka-asli,0.6396,211,656,488,968
677,22.60,104,boneka-dummy,0.6443,1753,355,1875,827
678,22.64,85,boneka-asli,0.6419,30,144,746,549
678,22.64,95,boneka-dummy,0.8800,1086,473,1372,873
678,22.64,99,boneka-asli,0.6396,188,655,466,969
678,22.64,104,boneka-dummy,0.6443,1747,385,1869,826
678,22.64,105,boneka-asli,0.5776,422,643,932,1045
679,22.67,85,boneka-asli,0.6419,15,145,730,549
679,22.67,95,boneka-dummy,0.8800,1072,475,1355,871
679,22.67,99,boneka-asli,0.6396,166,653,447,968
679,22.67,104,boneka-dummy,0.6443,1734,372,1869,824
679,22.67,105,boneka-asli,0.5776,441,642,898,1002
680,22.70,84,boneka-asli,0.6246,239,635,693,957
680,22.70,85,boneka-asli,0.6419,8,144,721,548
680,22.70,95,boneka-dummy,0.8800,1060,473,1342,868
680,22.70,104,boneka-dummy,0.6443,1728,409,1862,821
681,22.74,85,boneka-asli,0.6419,6,139,720,542
681,22.74,95,boneka-dummy,0.8800,1046,469,1328,866
681,22.74,99,boneka-asli,0.6396,144,651,424,965
681,22.74,104,boneka-dummy,0.6443,1724,446,1857,819
682,22.77,85,boneka-asli,0.6419,8,137,711,534
682,22.77,95,boneka-dummy,0.8800,1035,466,1319,865
682,22.77,99,boneka-asli,0.6396,124,650,405,962
682,22.77,104,boneka-dummy,0.6443,1716,475,1851,817
682,22.77,105,boneka-asli,0.5776,437,640,843,959
683,22.80,85,boneka-asli,0.6419,7,135,702,528
683,22.80,95,boneka-dummy,0.8800,1024,466,1308,864
683,22.80,99,boneka-asli,0.6396,109,648,394,963
683,22.80,104,boneka-dummy,0.6443,1706,484,1850,816
684,22.84,84,boneka-asli,0.6246,208,631,655,953
684,22.84,95,boneka-dummy,0.8800,1014,468,1296,862
684,22.84,99,boneka-asli,0.6396,104,646,391,962
684,22.84,104,boneka-dummy,0.6443,1696,483,1852,815
685,22.87,85,boneka-asli,0.6419,3,137,692,529
685,22.87,95,boneka-dummy,0.8800,1006,468,1287,861
685,22.87,99,boneka-asli,0.6396,102,644,390,961
685,22.87,104,boneka-dummy,0.6443,1688,483,1855,813
686,22.90,85,boneka-asli,0.6419,1,138,687,531
686,22.90,95,boneka-dummy,0.8800,1001,463,1284,858
686,22.90,99,boneka-asli,0.6396,98,642,389,961
686,22.90,104,boneka-dummy,0.6443,1680,480,1858,811
687,22.94,85,boneka-asli,0.6419,0,136,683,529
687,22.94,95,boneka-dummy,0.8800,1000,470,1277,854
687,22.94,99,boneka-asli,0.6396,89,639,382,959
687,22.94,104,boneka-dummy,0.6443,1672,474,1862,808
687,22.94,105,boneka-asli,0.5776,425,634,808,935
688,22.97,85,boneka-asli,0.6419,0,134,682,526
688,22.97,95,boneka-dummy,0.8800,998,479,1271,852
688,22.97,99,boneka-asli,0.6396,65,638,360,957
688,22.97,104,boneka-dummy,0.6443,1662,474,1858,805
688,22.97,105,boneka-asli,0.5776,409,631,781,922
689,23.00,85,boneka-asli,0.6419,0,131,686,525
689,23.00,95,boneka-dummy,0.8800,989,471,1267,851
689,23.00,99,boneka-asli,0.6396,56,637,353,955
689,23.00,104,boneka-dummy,0.6443,1652,476,1853,801
689,23.00,105,boneka-asli,0.5776,405,631,770,916
690,23.04,85,boneka-asli,0.6419,0,126,682,522
690,23.04,95,boneka-dummy,0.8800,982,468,1263,850
690,23.04,99,boneka-asli,0.6396,54,636,352,955
690,23.04,104,boneka-dummy,0.6443,1645,478,1850,800
690,23.04,105,boneka-asli,0.5776,402,630,765,914
691,23.07,95,boneka-dummy,0.8800,970,460,1257,851
691,23.07,99,boneka-asli,0.6396,53,636,354,955
691,23.07,104,boneka-dummy,0.6443,1636,478,1847,799
691,23.07,105,boneka-asli,0.5776,394,631,753,913
692,23.10,95,boneka-dummy,0.8800,959,452,1253,851
692,23.10,99,boneka-asli,0.6396,45,636,351,955
692,23.10,104,boneka-dummy,0.6443,1627,472,1846,798
692,23.10,105,boneka-asli,0.5776,383,630,742,910
693,23.14,84,boneka-asli,0.6246,124,624,583,952
693,23.14,85,boneka-asli,0.6419,0,122,683,519
693,23.14,95,boneka-dummy,0.8800,951,447,1249,852
693,23.14,104,boneka-dummy,0.6443,1619,466,1846,797
693,23.14,105,boneka-asli,0.5776,376,631,734,910
694,23.17,95,boneka-dummy,0.8800,947,444,1246,851
694,23.17,99,boneka-asli,0.6396,35,635,347,957
694,23.17,104,boneka-dummy,0.6443,1613,462,1846,796
694,23.17,105,boneka-asli,0.5776,374,630,733,911
695,23.20,95,boneka-dummy,0.8800,944,444,1242,850
695,23.20,99,boneka-asli,0.6396,28,634,345,959
695,23.20,104,boneka-dummy,0.6443,1608,460,1845,795
695,23.20,105,boneka-asli,0.5776,373,629,732,911
696,23.24,95,boneka-dummy,0.8800,943,446,1240,849
696,23.24,99,boneka-asli,0.6396,24,634,346,960
696,23.24,104,boneka-dummy,0.6443,1606,464,1842,793
696,23.24,105,boneka-asli,0.5776,369,628,729,911
697,23.27,85,boneka-asli,0.6419,0,116,670,524
697,23.27,95,boneka-dummy,0.8800,943,448,1237,848
697,23.27,99,boneka-asli,0.6396,21,634,345,960
697,23.27,104,boneka-dummy,0.6443,1604,466,1841,791
697,23.27,105,boneka-asli,0.5776,367,627,725,911
698,23.30,85,boneka-asli,0.6419,0,113,657,526
698,23.30,95,boneka-dummy,0.8800,941,446,1237,847
698,23.30,99,boneka-asli,0.6396,19,635,343,960
698,23.30,104,boneka-dummy,0.6443,1603,465,1842,789
698,23.30,105,boneka-asli,0.5776,364,627,723,912
699,23.34,85,boneka-asli,0.6419,0,112,650,527
699,23.34,95,boneka-dummy,0.8800,944,452,1236,847
699,23.34,99,boneka-asli,0.6396,10,636,334,961
699,23.34,105,boneka-asli,0.5776,361,627,723,914
700,23.37,85,boneka-asli,0.6419,0,111,645,528
700,23.37,95,boneka-dummy,0.8800,945,455,1236,849
700,23.37,99,boneka-asli,0.6396,13,637,338,964
700,23.37,104,boneka-dummy,0.6443,1600,467,1840,788
700,23.37,105,boneka-asli,0.5776,356,628,720,917
701,23.40,85,boneka-asli,0.6419,1,113,659,525
701,23.40,95,boneka-dummy,0.8800,947,459,1237,850
701,23.40,99,boneka-asli,0.6396,6,638,331,967
701,23.40,104,boneka-dummy,0.6443,1601,467,1846,788
701,23.40,105,boneka-asli,0.5776,317,628,743,971
702,23.44,84,boneka-asli,0.6246,106,625,562,954
702,23.44,85,boneka-asli,0.6419,7,113,671,523
702,23.44,95,boneka-dummy,0.8800,950,470,1235,852
702,23.44,99,boneka-asli,0.6396,3,640,323,969
702,23.44,104,boneka-dummy,0.6443,1602,465,1853,788
702,23.44,105,boneka-asli,0.5776,289,628,764,1016
703,23.47,95,boneka-dummy,0.8800,949,474,1234,853
703,23.47,99,boneka-asli,0.6396,1,641,318,972
703,23.47,105,boneka-asli,0.5776,274,631,775,1047
704,23.50,85,boneka-asli,0.6419,3,112,663,526
704,23.50,95,boneka-dummy,0.8800,947,479,1231,855
704,23.50,99,boneka-asli,0.6396,0,643,318,975
704,23.50,104,boneka-dummy,0.6443,1600,468,1857,790
704,23.50,105,boneka-asli,0.5776,266,632,778,1063
705,23.54,95,boneka-dummy,0.8800,940,476,1231,859
705,23.54,99,boneka-asli,0.6396,4,646,325,979
705,23.54,104,boneka-dummy,0.6443,1594,472,1855,794
705,23.54,105,boneka-asli,0.5776,295,634,760,1030
706,23.57,85,boneka-asli,0.6419,1,110,663,540
706,23.57,95,boneka-dummy,0.8800,933,472,1232,867
706,23.57,99,boneka-asli,0.6396,2,652,328,990
706,23.57,104,boneka-dummy,0.6443,1585,479,1849,800
706,23.57,105,boneka-asli,0.5776,326,639,746,999
707,23.60,85,boneka-asli,0.6419,0,109,677,558
707,23.60,95,boneka-dummy,0.8800,929,472,1233,878
707,23.60,99,boneka-asli,0.6396,1,659,329,1001
707,23.60,104,boneka-dummy,0.6443,1580,488,1846,808
707,23.60,105,boneka-asli,0.5776,344,646,735,984
708,23.64,85,boneka-asli,0.6419,0,110,668,564
708,23.64,95,boneka-dummy,0.8800,928,475,1236,888
708,23.64,99,boneka-asli,0.6396,0,666,329,1010
708,23.64,104,boneka-dummy,0.6443,1578,502,1841,813
708,23.64,105,boneka-asli,0.5776,343,654,722,981
709,23.67,85,boneka-asli,0.6419,0,112,657,571
709,23.67,95,boneka-dummy,0.8800,930,479,1239,896
709,23.67,99,boneka-asli,0.6396,5,676,334,1019
709,23.67,104,boneka-dummy,0.6443,1580,518,1837,819
710,23.71,85,boneka-asli,0.6419,0,113,650,578
710,23.71,95,boneka-dummy,0.8800,934,484,1241,901
710,23.71,99,boneka-asli,0.6396,5,679,339,1028
710,23.71,104,boneka-dummy,0.6443,1580,527,1838,824
710,23.71,105,boneka-asli,0.5776,333,664,749,1020
711,23.74,84,boneka-asli,0.6246,71,645,542,989
711,23.74,85,boneka-asli,0.6419,0,114,647,589
711,23.74,95,boneka-dummy,0.8800,937,490,1242,906
711,23.74,104,boneka-dummy,0.6443,1579,531,1841,827
712,23.77,85,boneka-asli,0.6419,0,117,642,595
712,23.77,95,boneka-dummy,0.8800,939,498,1242,912
712,23.77,99,boneka-asli,0.6396,2,686,341,1041
712,23.77,104,boneka-dummy,0.6443,1579,535,1845,832
712,23.77,105,boneka-asli,0.5776,352,691,739,1020
713,23.81,85,boneka-asli,0.6419,0,122,635,598
713,23.81,95,boneka-dummy,0.8800,939,501,1243,919
713,23.81,99,boneka-asli,0.6396,1,691,343,1052
713,23.81,104,boneka-dummy,0.6443,1577,547,1841,837
713,23.81,105,boneka-asli,0.5776,355,695,736,1018
714,23.84,85,boneka-asli,0.6419,0,126,628,599
714,23.84,95,boneka-dummy,0.8800,937,505,1243,928
714,23.84,99,boneka-asli,0.6396,0,697,340,1061
714,23.84,104,boneka-dummy,0.6443,1576,559,1840,842
714,23.84,105,boneka-asli,0.5776,349,695,729,1018
715,23.87,84,boneka-asli,0.6246,46,662,547,1026
715,23.87,85,boneka-asli,0.6419,0,124,625,599
715,23.87,95,boneka-dummy,0.8800,935,510,1241,935
715,23.87,105,boneka-asli,0.5776,343,694,725,1020
716,23.91,84,boneka-asli,0.6246,33,670,551,1046
716,23.91,85,boneka-asli,0.6419,0,126,622,603
716,23.91,95,boneka-dummy,0.8800,934,514,1240,940
716,23.91,99,boneka-asli,0.6396,0,706,331,1068
716,23.91,104,boneka-dummy,0.6443,1570,567,1838,849
716,23.91,105,boneka-asli,0.5776,364,727,714,1022
717,23.94,84,boneka-asli,0.6246,23,676,549,1057
717,23.94,85,boneka-asli,0.6419,0,124,617,605
717,23.94,95,boneka-dummy,0.8800,933,517,1238,943
717,23.94,104,boneka-dummy,0.6443,1562,574,1831,854
718,23.97,84,boneka-asli,0.6246,13,678,547,1066
718,23.97,85,boneka-asli,0.6419,0,124,610,606
718,23.97,95,boneka-dummy,0.8800,928,519,1232,944
718,23.97,104,boneka-dummy,0.6443,1552,581,1821,856
719,24.01,84,boneka-asli,0.6246,6,681,537,1072
719,24.01,85,boneka-asli,0.6419,0,124,601,606
719,24.01,95,boneka-dummy,0.8800,919,520,1222,946
719,24.01,104,boneka-dummy,0.6443,1544,584,1815,856
720,24.04,84,boneka-asli,0.6246,3,683,532,1076
720,24.04,85,boneka-asli,0.6419,0,125,588,605
720,24.04,95,boneka-dummy,0.8800,908,520,1210,946
720,24.04,104,boneka-dummy,0.6443,1533,585,1808,856
721,24.07,84,boneka-asli,0.6246,1,686,523,1076
721,24.07,85,boneka-asli,0.6419,0,126,574,605
721,24.07,95,boneka-dummy,0.8800,895,521,1196,947
721,24.07,104,boneka-dummy,0.6443,1513,585,1790,856
722,24.11,84,boneka-asli,0.6246,0,687,510,1076
722,24.11,85,boneka-asli,0.6419,0,126,561,605
722,24.11,95,boneka-dummy,0.8800,878,522,1179,949
722,24.11,104,boneka-dummy,0.6443,1497,585,1777,856
723,24.14,84,boneka-asli,0.6246,0,686,503,1077
723,24.14,85,boneka-asli,0.6419,0,124,547,604
723,24.14,95,boneka-dummy,0.8800,862,521,1163,949
724,24.17,84,boneka-asli,0.6246,0,684,492,1078
724,24.17,85,boneka-asli,0.6419,0,110,538,603
724,24.17,95,boneka-dummy,0.8800,843,520,1143,948
724,24.17,104,boneka-dummy,0.6443,1471,587,1750,852
725,24.21,84,boneka-asli,0.6246,0,680,483,1078
725,24.21,85,boneka-asli,0.6419,0,101,527,600
725,24.21,95,boneka-dummy,0.8800,822,517,1122,945
726,24.24,85,boneka-asli,0.6419,0,94,512,596
726,24.24,95,boneka-dummy,0.8800,799,512,1098,940
727,24.27,84,boneka-asli,0.6246,0,676,458,1079
727,24.27,95,boneka-dummy,0.8800,778,514,1073,936
728,24.31,95,boneka-dummy,0.8800,762,520,1051,931
729,24.34,84,boneka-asli,0.6246,20,680,464,1057
729,24.34,95,boneka-dummy,0.8800,745,528,1027,927
730,24.37,84,boneka-asli,0.6246,41,685,466,1042
730,24.37,95,boneka-dummy,0.8800,725,527,1007,924
731,24.41,95,boneka-dummy,0.8800,701,518,989,922
732,24.44,85,boneka-asli,0.6419,0,114,477,587
732,24.44,95,boneka-dummy,0.8800,674,504,969,919
733,24.47,84,boneka-asli,0.6246,21,682,436,1030
733,24.47,95,boneka-dummy,0.8800,647,492,946,914
734,24.51,84,boneka-asli,0.6246,10,678,411,1023
734,24.51,95,boneka-dummy,0.8800,622,484,925,911
735,24.54,84,boneka-asli,0.6246,5,676,399,1032
735,24.54,95,boneka-dummy,0.8800,595,480,898,909
736,24.57,95,boneka-dummy,0.8800,569,475,875,909
737,24.61,95,boneka-dummy,0.8800,542,472,849,907
737,24.61,115,boneka-asli,0.6416,1162,486,1437,798
738,24.64,95,boneka-dummy,0.8800,516,468,824,904
738,24.64,115,boneka-asli,0.6416,1149,483,1426,798
739,24.67,95,boneka-dummy,0.8800,490,468,796,901
739,24.67,115,boneka-asli,0.6416,1134,484,1407,795
740,24.71,95,boneka-dummy,0.8800,463,464,770,898
740,24.71,115,boneka-asli,0.6416,1113,482,1385,792
741,24.74,95,boneka-dummy,0.8800,435,467,740,894
741,24.74,115,boneka-asli,0.6416,1088,476,1361,788
742,24.77,95,boneka-dummy,0.8800,407,465,712,889
742,24.77,115,boneka-asli,0.6416,1064,472,1335,783
743,24.81,95,boneka-dummy,0.8800,380,463,685,886
743,24.81,115,boneka-asli,0.6416,1038,465,1310,779
744,24.84,95,boneka-dummy,0.8800,350,457,658,881
745,24.87,95,boneka-dummy,0.8800,321,449,636,879
745,24.87,115,boneka-asli,0.6416,1003,454,1277,773
746,24.91,95,boneka-dummy,0.8800,290,442,609,876
746,24.91,115,boneka-asli,0.6416,973,447,1247,769
747,24.94,95,boneka-dummy,0.8800,262,438,584,875
747,24.94,115,boneka-asli,0.6416,947,443,1219,766
748,24.97,95,boneka-dummy,0.8800,232,433,557,875
748,24.97,115,boneka-asli,0.6416,922,438,1193,764
749,25.01,95,boneka-dummy,0.8800,197,429,526,872
749,25.01,115,boneka-asli,0.6416,896,434,1166,762
750,25.04,95,boneka-dummy,0.8800,168,424,499,869
750,25.04,115,boneka-asli,0.6416,870,426,1142,760
751,25.07,95,boneka-dummy,0.8800,136,419,468,865
751,25.07,115,boneka-asli,0.6416,841,421,1113,759
752,25.11,95,boneka-dummy,0.8800,103,414,436,860
752,25.11,115,boneka-asli,0.6416,815,416,1085,755
753,25.14,95,boneka-dummy,0.8800,67,409,402,855
753,25.14,115,boneka-asli,0.6416,788,411,1055,750
754,25.17,95,boneka-dummy,0.8800,33,404,369,851
754,25.17,115,boneka-asli,0.6416,759,403,1026,746
755,25.21,95,boneka-dummy,0.8800,16,400,340,846
755,25.21,115,boneka-asli,0.6416,729,393,998,743
756,25.24,95,boneka-dummy,0.8800,8,396,313,842
756,25.24,115,boneka-asli,0.6416,698,384,967,740
757,25.27,95,boneka-dummy,0.8800,4,393,286,835
757,25.27,115,boneka-asli,0.6416,668,379,935,736
758,25.31,95,boneka-dummy,0.8800,2,379,262,830
758,25.31,115,boneka-asli,0.6416,636,373,902,734
759,25.34,95,boneka-dummy,0.8800,1,396,227,826
759,25.34,115,boneka-asli,0.6416,606,364,873,731
760,25.37,95,boneka-dummy,0.8800,0,393,198,823
760,25.37,115,boneka-asli,0.6416,571,356,840,729
762,25.44,115,boneka-asli,0.6416,517,352,785,728
763,25.47,115,boneka-asli,0.6416,469,343,739,728
766,25.57,115,boneka-asli,0.6416,385,333,661,730
768,25.64,115,boneka-asli,0.6416,304,329,581,735
771,25.74,115,boneka-asli,0.6416,201,309,492,741
772,25.78,115,boneka-asli,0.6416,133,297,430,745
773,25.81,115,boneka-asli,0.6416,81,287,382,751
774,25.84,115,boneka-asli,0.6416,40,283,340,757
775,25.88,115,boneka-asli,0.6416,20,283,302,763
776,25.91,115,boneka-asli,0.6416,10,283,271,769
777,25.94,115,boneka-asli,0.6416,5,292,241,777
778,25.98,115,boneka-asli,0.6416,2,293,214,786
867,28.95,117,boneka-asli,0.7391,17,426,138,982
868,28.98,117,boneka-asli,0.7391,24,425,147,990
869,29.01,117,boneka-asli,0.7391,36,431,164,1011
871,29.08,117,boneka-asli,0.7391,61,445,192,1012
872,29.11,117,boneka-asli,0.7391,81,458,218,1016
874,29.18,117,boneka-asli,0.7391,121,470,268,1025
875,29.21,117,boneka-asli,0.7391,155,479,315,1038
877,29.28,117,boneka-asli,0.7391,200,492,373,1049
878,29.31,117,boneka-asli,0.7391,232,500,420,1059
879,29.35,117,boneka-asli,0.7391,263,510,465,1068
880,29.38,117,boneka-asli,0.7391,292,519,505,1074
881,29.41,117,boneka-asli,0.7391,322,531,544,1077
882,29.45,117,boneka-asli,0.7391,352,544,581,1078
883,29.48,117,boneka-asli,0.7391,382,552,618,1079
884,29.51,117,boneka-asli,0.7391,416,557,659,1079
885,29.55,117,boneka-asli,0.7391,450,562,699,1079
886,29.58,117,boneka-asli,0.7391,481,567,735,1079
887,29.61,117,boneka-asli,0.7391,511,571,768,1079
888,29.65,117,boneka-asli,0.7391,539,575,801,1079
889,29.68,117,boneka-asli,0.7391,566,577,832,1079
890,29.71,117,boneka-asli,0.7391,594,580,863,1079
891,29.75,117,boneka-asli,0.7391,618,581,891,1079
892,29.78,117,boneka-asli,0.7391,648,578,924,1079
893,29.82,117,boneka-asli,0.7391,680,577,959,1079
894,29.85,117,boneka-asli,0.7391,713,573,996,1079
896,29.92,117,boneka-asli,0.7391,761,567,1049,1079
896,29.92,120,boneka-dummy,0.8511,14,728,174,1079
897,29.95,117,boneka-asli,0.7391,798,562,1090,1079
897,29.95,120,boneka-dummy,0.8511,23,713,190,1079
898,29.98,120,boneka-dummy,0.8511,33,696,211,1079
899,30.02,117,boneka-asli,0.7391,844,555,1140,1079
899,30.02,120,boneka-dummy,0.8511,48,686,233,1079
900,30.05,117,boneka-asli,0.7391,876,548,1177,1079
900,30.05,120,boneka-dummy,0.8511,58,679,252,1079
901,30.08,117,boneka-asli,0.7391,907,544,1212,1079
901,30.08,120,boneka-dummy,0.8511,66,673,269,1079
902,30.12,117,boneka-asli,0.7391,939,539,1246,1079
902,30.12,120,boneka-dummy,0.8511,75,668,289,1079
903,30.15,117,boneka-asli,0.7391,966,536,1276,1079
903,30.15,120,boneka-dummy,0.8511,85,663,311,1079
904,30.18,117,boneka-asli,0.7391,995,534,1306,1079
904,30.18,120,boneka-dummy,0.8511,95,658,336,1079
905,30.22,117,boneka-asli,0.7391,1021,532,1334,1079
905,30.22,120,boneka-dummy,0.8511,114,653,369,1079
906,30.25,120,boneka-dummy,0.8511,136,650,404,1079
907,30.28,117,boneka-asli,0.7391,1066,531,1381,1079
907,30.28,120,boneka-dummy,0.8511,157,646,437,1079
908,30.32,117,boneka-asli,0.7391,1101,530,1417,1079
908,30.32,120,boneka-dummy,0.8511,182,643,474,1079
909,30.35,117,boneka-asli,0.7391,1135,528,1452,1079
909,30.35,120,boneka-dummy,0.8511,208,640,510,1079
910,30.38,120,boneka-dummy,0.8511,231,635,545,1079
911,30.42,117,boneka-asli,0.7391,1174,523,1494,1079
911,30.42,120,boneka-dummy,0.8511,250,630,574,1079
912,30.45,117,boneka-asli,0.7391,1202,521,1524,1079
912,30.45,120,boneka-dummy,0.8511,271,628,602,1079
913,30.48,117,boneka-asli,0.7391,1226,517,1552,1079
913,30.48,120,boneka-dummy,0.8511,289,624,628,1079
914,30.52,120,boneka-dummy,0.8511,307,620,653,1079
915,30.55,117,boneka-asli,0.7391,1257,514,1586,1079
915,30.55,120,boneka-dummy,0.8511,324,621,673,1079
916,30.58,117,boneka-asli,0.7391,1284,513,1614,1079
916,30.58,120,boneka-dummy,0.8511,338,616,693,1079
917,30.62,117,boneka-asli,0.7391,1306,514,1636,1079
917,30.62,120,boneka-dummy,0.8511,351,612,712,1079
918,30.65,117,boneka-asli,0.7391,1325,512,1657,1079
918,30.65,120,boneka-dummy,0.8511,368,614,729,1079
919,30.68,117,boneka-asli,0.7391,1342,508,1678,1079
919,30.68,120,boneka-dummy,0.8511,382,611,747,1079
920,30.72,117,boneka-asli,0.7391,1359,506,1699,1079
920,30.72,120,boneka-dummy,0.8511,394,605,764,1079
921,30.75,117,boneka-asli,0.7391,1378,503,1719,1079
921,30.75,120,boneka-dummy,0.8511,410,601,784,1079
922,30.78,120,boneka-dummy,0.8511,424,598,801,1079
923,30.82,120,boneka-dummy,0.8511,438,595,817,1079
924,30.85,120,boneka-dummy,0.8511,456,596,835,1079
925,30.88,120,boneka-dummy,0.8511,474,594,854,1079
926,30.92,117,boneka-asli,0.7391,1467,569,1776,1079
926,30.92,120,boneka-dummy,0.8511,493,590,875,1079
927,30.95,120,boneka-dummy,0.8511,512,585,896,1079
928,30.98,120,boneka-dummy,0.8511,532,582,918,1079
929,31.02,120,boneka-dummy,0.8511,553,582,939,1079
930,31.05,117,boneka-asli,0.7391,1499,430,1848,1079
930,31.05,120,boneka-dummy,0.8511,574,581,961,1079
931,31.08,117,boneka-asli,0.7391,1532,367,1884,1079
931,31.08,120,boneka-dummy,0.8511,595,580,982,1079
932,31.12,117,boneka-asli,0.7391,1564,355,1902,1079
932,31.12,120,boneka-dummy,0.8511,614,578,1002,1079
933,31.15,117,boneka-asli,0.7391,1591,351,1911,1079
933,31.15,120,boneka-dummy,0.8511,636,575,1027,1079
934,31.18,117,boneka-asli,0.7391,1616,357,1915,1079
934,31.18,120,boneka-dummy,0.8511,654,568,1050,1079
935,31.22,117,boneka-asli,0.7391,1636,362,1917,1079
935,31.22,120,boneka-dummy,0.8511,665,561,1066,1079
936,31.25,117,boneka-asli,0.7391,1654,371,1918,1079
936,31.25,120,boneka-dummy,0.8511,674,556,1077,1079
937,31.28,117,boneka-asli,0.7391,1667,374,1919,1079
937,31.28,120,boneka-dummy,0.8511,680,551,1086,1079
938,31.32,117,boneka-asli,0.7391,1678,377,1919,1079
938,31.32,120,boneka-dummy,0.8511,686,544,1097,1080
939,31.35,120,boneka-dummy,0.8511,685,533,1103,1080
940,31.38,117,boneka-asli,0.7391,1690,376,1919,1079
940,31.38,120,boneka-dummy,0.8511,684,522,1108,1080
941,31.42,120,boneka-dummy,0.8511,684,515,1111,1080
942,31.45,117,boneka-asli,0.7391,1712,426,1919,1078
942,31.45,120,boneka-dummy,0.8511,682,512,1110,1080
943,31.48,117,boneka-asli,0.7391,1728,461,1919,1078
943,31.48,120,boneka-dummy,0.8511,681,508,1110,1080
944,31.52,117,boneka-asli,0.7391,1742,487,1919,1078
944,31.52,120,boneka-dummy,0.8511,680,504,1111,1080
945,31.55,117,boneka-asli,0.7391,1753,519,1919,1078
945,31.55,120,boneka-dummy,0.8511,677,501,1110,1080
946,31.58,117,boneka-asli,0.7391,1763,558,1919,1078
946,31.58,120,boneka-dummy,0.8511,673,500,1108,1080
947,31.62,117,boneka-asli,0.7391,1770,586,1919,1078
947,31.62,120,boneka-dummy,0.8511,669,497,1106,1080
948,31.65,117,boneka-asli,0.7391,1771,590,1919,1078
948,31.65,120,boneka-dummy,0.8511,668,495,1106,1080
949,31.68,117,boneka-asli,0.7391,1763,529,1919,1079
949,31.68,120,boneka-dummy,0.8511,659,492,1100,1080
950,31.72,117,boneka-asli,0.7391,1755,478,1919,1079
950,31.72,120,boneka-dummy,0.8511,654,487,1097,1080
951,31.75,120,boneka-dummy,0.8511,646,479,1094,1080
952,31.78,120,boneka-dummy,0.8511,638,470,1090,1080
953,31.82,117,boneka-asli,0.7391,1744,423,1919,1075
953,31.82,120,boneka-dummy,0.8511,629,462,1084,1080
954,31.85,120,boneka-dummy,0.8511,618,453,1078,1080
955,31.89,120,boneka-dummy,0.8511,603,440,1070,1080
956,31.92,120,boneka-dummy,0.8511,585,425,1060,1080
957,31.95,120,boneka-dummy,0.8511,570,415,1049,1080
958,31.99,117,boneka-asli,0.7391,1714,353,1919,1075
958,31.99,120,boneka-dummy,0.8511,556,405,1038,1080
959,32.02,117,boneka-asli,0.7391,1696,317,1918,1075
959,32.02,120,boneka-dummy,0.8511,541,396,1025,1080
960,32.05,117,boneka-asli,0.7391,1684,283,1917,1067
960,32.05,120,boneka-dummy,0.8511,527,385,1015,1080
961,32.09,117,boneka-asli,0.7391,1672,263,1914,1066
961,32.09,120,boneka-dummy,0.8511,520,378,1008,1080
962,32.12,117,boneka-asli,0.7391,1664,266,1909,1065
962,32.12,120,boneka-dummy,0.8511,512,376,999,1080
963,32.15,117,boneka-asli,0.7391,1654,255,1907,1065
963,32.15,120,boneka-dummy,0.8511,501,379,984,1080
964,32.19,117,boneka-asli,0.7391,1647,250,1905,1064
964,32.19,120,boneka-dummy,0.8511,493,386,970,1080
965,32.22,117,boneka-asli,0.7391,1642,284,1895,1062
965,32.22,120,boneka-dummy,0.8511,485,392,955,1080
966,32.25,117,boneka-asli,0.7391,1627,253,1896,1058
966,32.25,120,boneka-dummy,0.8511,477,399,940,1080
967,32.29,117,boneka-asli,0.7391,1615,228,1895,1050
967,32.29,120,boneka-dummy,0.8511,467,396,928,1080
968,32.32,117,boneka-asli,0.7391,1603,225,1889,1041
968,32.32,120,boneka-dummy,0.8511,452,390,914,1080
969,32.35,117,boneka-asli,0.7391,1585,187,1889,1034
969,32.35,120,boneka-dummy,0.8511,432,383,897,1078
970,32.39,117,boneka-asli,0.7391,1567,144,1890,1028
970,32.39,120,boneka-dummy,0.8511,411,378,876,1077
971,32.42,117,boneka-asli,0.7391,1545,87,1893,1022
971,32.42,120,boneka-dummy,0.8511,393,380,854,1075
972,32.45,117,boneka-asli,0.7391,1530,67,1890,1018
972,32.45,120,boneka-dummy,0.8511,373,376,831,1071
973,32.49,120,boneka-dummy,0.8511,353,373,811,1068
974,32.52,120,boneka-dummy,0.8511,336,369,793,1065
975,32.55,120,boneka-dummy,0.8511,323,367,780,1063
976,32.59,120,boneka-dummy,0.8511,312,367,768,1062
977,32.62,120,boneka-dummy,0.8511,303,368,759,1063
978,32.65,120,boneka-dummy,0.8511,297,368,753,1064
979,32.69,120,boneka-dummy,0.8511,294,369,750,1065
980,32.72,120,boneka-dummy,0.8511,292,376,745,1066
981,32.75,120,boneka-dummy,0.8511,292,377,745,1066
982,32.79,120,boneka-dummy,0.8511,297,378,750,1066
983,32.82,120,boneka-dummy,0.8511,306,390,753,1067
984,32.85,120,boneka-dummy,0.8511,313,392,759,1067
985,32.89,120,boneka-dummy,0.8511,323,393,769,1068
986,32.92,120,boneka-dummy,0.8511,336,397,778,1067
987,32.95,120,boneka-dummy,0.8511,351,403,789,1067
988,32.99,120,boneka-dummy,0.8511,364,407,800,1069
989,33.02,117,boneka-asli,0.7391,1527,94,1888,1018
989,33.02,120,boneka-dummy,0.8511,377,409,813,1072
990,33.05,117,boneka-asli,0.7391,1524,96,1894,1021
990,33.05,120,boneka-dummy,0.8511,391,408,829,1075
991,33.09,117,boneka-asli,0.7391,1526,110,1899,1022
991,33.09,120,boneka-dummy,0.8511,406,406,846,1077
992,33.12,117,boneka-asli,0.7391,1531,131,1903,1025
992,33.12,120,boneka-dummy,0.8511,423,405,864,1078
993,33.15,117,boneka-asli,0.7391,1539,151,1907,1026
993,33.15,120,boneka-dummy,0.8511,439,406,879,1079
994,33.19,117,boneka-asli,0.7391,1547,179,1908,1030
994,33.19,120,boneka-dummy,0.8511,453,407,892,1079
995,33.22,117,boneka-asli,0.7391,1555,207,1910,1035
995,33.22,120,boneka-dummy,0.8511,466,410,903,1079
996,33.25,117,boneka-asli,0.7391,1563,224,1915,1043
996,33.25,120,boneka-dummy,0.8511,484,414,918,1079
997,33.29,117,boneka-asli,0.7391,1571,238,1917,1050
997,33.29,120,boneka-dummy,0.8511,501,416,934,1079
998,33.32,117,boneka-asli,0.7391,1575,230,1918,1054
998,33.32,120,boneka-dummy,0.8511,523,418,954,1079
999,33.35,117,boneka-asli,0.7391,1581,225,1919,1058
999,33.35,120,boneka-dummy,0.8511,543,424,970,1079
1000,33.39,117,boneka-asli,0.7391,1591,239,1919,1063
1000,33.39,120,boneka-dummy,0.8511,561,429,986,1079
1001,33.42,117,boneka-asli,0.7391,1601,251,1919,1068
1001,33.42,120,boneka-dummy,0.8511,575,429,1000,1079
1002,33.45,117,boneka-asli,0.7391,1612,273,1919,1072
1002,33.45,120,boneka-dummy,0.8511,589,428,1015,1079
1003,33.49,117,boneka-asli,0.7391,1622,289,1919,1076
1003,33.49,120,boneka-dummy,0.8511,603,429,1027,1079
1004,33.52,117,boneka-asli,0.7391,1630,299,1919,1078
1004,33.52,120,boneka-dummy,0.8511,613,433,1033,1079
1005,33.55,120,boneka-dummy,0.8511,617,436,1034,1079
1006,33.59,117,boneka-asli,0.7391,1631,298,1919,1079
1006,33.59,120,boneka-dummy,0.8511,616,437,1032,1079
1007,33.62,117,boneka-asli,0.7391,1629,291,1919,1079
1007,33.62,120,boneka-dummy,0.8511,610,438,1025,1079
1008,33.65,117,boneka-asli,0.7391,1625,285,1919,1079
1008,33.65,120,boneka-dummy,0.8511,599,439,1013,1079
1009,33.69,117,boneka-asli,0.7391,1620,288,1919,1079
1009,33.69,120,boneka-dummy,0.8511,586,439,999,1079
1010,33.72,120,boneka-dummy,0.8511,568,437,982,1079
1011,33.75,117,boneka-asli,0.7391,1610,299,1910,1079
1011,33.75,120,boneka-dummy,0.8511,548,435,963,1079
1012,33.79,117,boneka-asli,0.7391,1599,309,1902,1079
1012,33.79,120,boneka-dummy,0.8511,531,435,946,1079
1013,33.82,117,boneka-asli,0.7391,1584,284,1902,1079
1013,33.82,120,boneka-dummy,0.8511,516,437,931,1079
1014,33.85,117,boneka-asli,0.7391,1570,249,1905,1079
1014,33.85,120,boneka-dummy,0.8511,500,438,915,1079
1015,33.89,117,boneka-asli,0.7391,1559,218,1909,1079
1015,33.89,120,boneka-dummy,0.8511,488,436,905,1079
1016,33.92,117,boneka-asli,0.7391,1552,199,1910,1079
1016,33.92,120,boneka-dummy,0.8511,480,436,898,1079
1017,33.96,117,boneka-asli,0.7391,1548,191,1912,1079
1017,33.96,120,boneka-dummy,0.8511,474,436,893,1079
1018,33.99,117,boneka-asli,0.7391,1548,198,1911,1079
1018,33.99,120,boneka-dummy,0.8511,469,435,889,1079
1019,34.02,117,boneka-asli,0.7391,1553,226,1907,1079
1019,34.02,120,boneka-dummy,0.8511,462,433,884,1079
1020,34.06,117,boneka-asli,0.7391,1554,236,1907,1079
1020,34.06,120,boneka-dummy,0.8511,455,431,879,1079
1021,34.09,117,boneka-asli,0.7391,1541,178,1913,1079
1021,34.09,120,boneka-dummy,0.8511,450,430,874,1079
1022,34.12,120,boneka-dummy,0.8511,447,430,873,1079
1023,34.16,117,boneka-asli,0.7391,1529,114,1916,1079
1023,34.16,120,boneka-dummy,0.8511,440,430,865,1079
1024,34.19,117,boneka-asli,0.7391,1517,69,1918,1078
1024,34.19,120,boneka-dummy,0.8511,434,432,859,1079
1025,34.22,120,boneka-dummy,0.8511,429,435,852,1079
1026,34.26,117,boneka-asli,0.7391,1532,169,1903,1077
1026,34.26,120,boneka-dummy,0.8511,426,438,846,1079
1027,34.29,117,boneka-asli,0.7391,1545,259,1891,1076
1027,34.29,120,boneka-dummy,0.8511,423,440,842,1079
1028,34.32,117,boneka-asli,0.7391,1553,314,1885,1077
1028,34.32,120,boneka-dummy,0.8511,423,440,841,1077
1029,34.36,117,boneka-asli,0.7391,1559,343,1887,1077
1029,34.36,120,boneka-dummy,0.8511,427,436,844,1074
1030,34.39,117,boneka-asli,0.7391,1561,357,1890,1077
1030,34.39,120,boneka-dummy,0.8511,438,432,853,1070
1031,34.42,120,boneka-dummy,0.8511,454,429,867,1066
1032,34.46,117,boneka-asli,0.7391,1564,353,1899,1078
1032,34.46,120,boneka-dummy,0.8511,470,426,882,1062
1033,34.49,117,boneka-asli,0.7391,1569,347,1909,1079
1033,34.49,120,boneka-dummy,0.8511,491,424,899,1055
1034,34.52,117,boneka-asli,0.7391,1574,331,1914,1079
1034,34.52,120,boneka-dummy,0.8511,511,422,916,1049
1035,34.56,117,boneka-asli,0.7391,1570,251,1917,1079
1035,34.56,120,boneka-dummy,0.8511,533,421,934,1043
1036,34.59,117,boneka-asli,0.7391,1569,190,1918,1079
1036,34.59,120,boneka-dummy,0.8511,557,420,955,1038
1037,34.62,117,boneka-asli,0.7391,1571,144,1919,1079
1037,34.62,120,boneka-dummy,0.8511,579,420,972,1032
1038,34.66,117,boneka-asli,0.7391,1582,128,1919,1079
1038,34.66,120,boneka-dummy,0.8511,600,421,988,1025
1039,34.69,117,boneka-asli,0.7391,1601,154,1919,1079
1039,34.69,120,boneka-dummy,0.8511,618,420,1001,1017
1040,34.72,117,boneka-asli,0.7391,1616,189,1919,1079
1040,34.72,120,boneka-dummy,0.8511,634,420,1013,1010
1041,34.76,117,boneka-asli,0.7391,1623,207,1919,1079
1041,34.76,120,boneka-dummy,0.8511,641,419,1016,1004
1042,34.79,117,boneka-asli,0.7391,1630,242,1919,1079
1042,34.79,120,boneka-dummy,0.8511,645,420,1014,998
1043,34.82,117,boneka-asli,0.7391,1634,274,1919,1079
1043,34.82,120,boneka-dummy,0.8511,645,423,1007,994
1044,34.86,117,boneka-asli,0.7391,1637,306,1918,1079
1044,34.86,120,boneka-dummy,0.8511,643,425,1001,993
1045,34.89,117,boneka-asli,0.7391,1636,330,1914,1079
1045,34.89,120,boneka-dummy,0.8511,638,430,992,992
1046,34.92,117,boneka-asli,0.7391,1631,346,1908,1079
1046,34.92,120,boneka-dummy,0.8511,631,435,981,994
1047,34.96,117,boneka-asli,0.7391,1623,357,1902,1079
1047,34.96,120,boneka-dummy,0.8511,620,439,969,996
1048,34.99,117,boneka-asli,0.7391,1614,368,1894,1079
1048,34.99,120,boneka-dummy,0.8511,608,442,957,999
1049,35.02,117,boneka-asli,0.7391,1603,377,1888,1079
1049,35.02,120,boneka-dummy,0.8511,602,445,952,1001
1050,35.06,117,boneka-asli,0.7391,1593,391,1881,1079
1050,35.06,120,boneka-dummy,0.8511,597,452,946,1005
1051,35.09,117,boneka-asli,0.7391,1581,404,1874,1079
1051,35.09,120,boneka-dummy,0.8511,586,461,935,1011
1052,35.12,117,boneka-asli,0.7391,1570,417,1869,1079
1052,35.12,120,boneka-dummy,0.8511,579,472,927,1017
1053,35.16,117,boneka-asli,0.7391,1559,428,1865,1079
1053,35.16,120,boneka-dummy,0.8511,571,482,918,1024
1054,35.19,117,boneka-asli,0.7391,1549,440,1861,1079
1054,35.19,120,boneka-dummy,0.8511,559,492,906,1035
1055,35.22,117,boneka-asli,0.7391,1539,452,1857,1079
1055,35.22,120,boneka-dummy,0.8511,550,501,896,1044
1056,35.26,117,boneka-asli,0.7391,1528,461,1854,1079
1056,35.26,120,boneka-dummy,0.8511,546,509,890,1049
1057,35.29,117,boneka-asli,0.7391,1514,467,1846,1079
1057,35.29,120,boneka-dummy,0.8511,542,516,882,1053
1058,35.32,117,boneka-asli,0.7391,1501,473,1837,1079
1058,35.32,120,boneka-dummy,0.8511,544,533,875,1056
1059,35.36,117,boneka-asli,0.7391,1495,478,1835,1079
1059,35.36,120,boneka-dummy,0.8511,544,545,870,1058
1060,35.39,117,boneka-asli,0.7391,1493,482,1839,1079
1060,35.39,120,boneka-dummy,0.8511,545,554,866,1059
1061,35.42,117,boneka-asli,0.7391,1490,484,1841,1079
1061,35.42,120,boneka-dummy,0.8511,546,559,865,1060
1062,35.46,117,boneka-asli,0.7391,1488,485,1845,1079
1062,35.46,120,boneka-dummy,0.8511,547,560,865,1061
1063,35.49,117,boneka-asli,0.7391,1486,487,1848,1079
1063,35.49,120,boneka-dummy,0.8511,547,559,865,1060
1064,35.52,117,boneka-asli,0.7391,1484,487,1851,1079
1064,35.52,120,boneka-dummy,0.8511,549,565,862,1059
1065,35.56,117,boneka-asli,0.7391,1480,487,1853,1079
1065,35.56,120,boneka-dummy,0.8511,548,565,862,1057
1066,35.59,117,boneka-asli,0.7391,1476,485,1854,1079
1066,35.59,120,boneka-dummy,0.8511,546,560,862,1056
1067,35.62,117,boneka-asli,0.7391,1471,484,1855,1079
1067,35.62,120,boneka-dummy,0.8511,545,559,862,1054
1067,35.62,135,boneka-dummy,0.5336,588,531,769,642
1068,35.66,117,boneka-asli,0.7391,1466,483,1855,1079
1068,35.66,120,boneka-dummy,0.8511,545,553,864,1052
1068,35.66,135,boneka-dummy,0.5336,588,531,772,643
1069,35.69,117,boneka-asli,0.7391,1461,480,1856,1079
1069,35.69,120,boneka-dummy,0.8511,544,551,864,1049
1070,35.72,117,boneka-asli,0.7391,1456,478,1855,1079
1070,35.72,120,boneka-dummy,0.8511,542,544,864,1045
1071,35.76,117,boneka-asli,0.7391,1452,476,1854,1079
1071,35.76,120,boneka-dummy,0.8511,542,544,862,1042
1072,35.79,117,boneka-asli,0.7391,1446,472,1853,1079
1072,35.79,120,boneka-dummy,0.8511,541,542,860,1038
1073,35.82,117,boneka-asli,0.7391,1439,469,1850,1079
1073,35.82,120,boneka-dummy,0.8511,540,537,859,1033
1074,35.86,117,boneka-asli,0.7391,1430,467,1845,1079
1074,35.86,120,boneka-dummy,0.8511,538,527,860,1029
1074,35.86,135,boneka-dummy,0.5336,586,524,770,637
1075,35.89,117,boneka-asli,0.7391,1422,466,1839,1079
1075,35.89,120,boneka-dummy,0.8511,538,522,858,1024
1075,35.89,135,boneka-dummy,0.5336,586,521,767,633
1076,35.92,117,boneka-asli,0.7391,1411,463,1833,1080
1076,35.92,120,boneka-dummy,0.8511,535,518,853,1019
1077,35.96,117,boneka-asli,0.7391,1400,458,1827,1080
1077,35.96,120,boneka-dummy,0.8511,531,514,846,1014
1078,35.99,117,boneka-asli,0.7391,1390,455,1820,1080
1078,35.99,120,boneka-dummy,0.8511,526,509,841,1009
1078,35.99,137,boneka-dummy,0.5649,1733,856,1914,977
1079,36.03,117,boneka-asli,0.7391,1378,449,1812,1080
1079,36.03,120,boneka-dummy,0.8511,520,504,832,1002
1080,36.06,117,boneka-asli,0.7391,1366,443,1805,1080
1080,36.06,120,boneka-dummy,0.8511,518,502,827,995
1081,36.09,117,boneka-asli,0.7391,1354,436,1796,1080
1081,36.09,120,boneka-dummy,0.8511,516,504,819,987
1082,36.13,117,boneka-asli,0.7391,1345,429,1790,1080
1082,36.13,120,boneka-dummy,0.8511,513,506,812,980
1082,36.13,135,boneka-dummy,0.5336,567,504,746,615
1082,36.13,137,boneka-dummy,0.5649,1729,844,1902,959
1083,36.16,117,boneka-asli,0.7391,1336,424,1783,1080
1083,36.16,120,boneka-dummy,0.8511,508,507,804,973
1083,36.16,135,boneka-dummy,0.5336,551,493,735,607
1083,36.16,137,boneka-dummy,0.5649,1713,832,1888,948
1084,36.19,117,boneka-asli,0.7391,1325,421,1772,1080
1084,36.19,120,boneka-dummy,0.8511,501,499,801,969
1084,36.19,135,boneka-dummy,0.5336,543,487,726,601
1084,36.19,137,boneka-dummy,0.5649,1703,825,1878,940
1085,36.23,117,boneka-asli,0.7391,1315,418,1762,1080
1085,36.23,120,boneka-dummy,0.8511,495,490,797,964
1085,36.23,135,boneka-dummy,0.5336,540,481,720,593
1085,36.23,137,boneka-dummy,0.5649,1698,819,1875,935
1086,36.26,117,boneka-asli,0.7391,1307,414,1756,1080
1086,36.26,120,boneka-dummy,0.8511,493,480,797,958
1086,36.26,137,boneka-dummy,0.5649,1696,814,1869,928
1087,36.29,117,boneka-asli,0.7391,1300,405,1751,1077
1087,36.29,120,boneka-dummy,0.8511,492,470,797,952
1088,36.33,117,boneka-asli,0.7391,1296,397,1747,1073
1088,36.33,120,boneka-dummy,0.8511,491,462,796,946
1089,36.36,117,boneka-asli,0.7391,1294,391,1744,1069
1089,36.36,120,boneka-dummy,0.8511,489,457,792,940
1090,36.39,117,boneka-asli,0.7391,1294,389,1742,1064
1090,36.39,120,boneka-dummy,0.8511,489,455,789,937
1091,36.43,117,boneka-asli,0.7391,1294,387,1739,1060
1091,36.43,120,boneka-dummy,0.8511,488,455,786,935
1091,36.43,137,boneka-dummy,0.5649,1691,802,1854,910
1092,36.46,117,boneka-asli,0.7391,1295,387,1737,1056
1092,36.46,120,boneka-dummy,0.8511,486,454,783,934
1093,36.49,117,boneka-asli,0.7391,1295,388,1734,1053
1093,36.49,120,boneka-dummy,0.8511,486,455,782,934
1094,36.53,117,boneka-asli,0.7391,1295,391,1731,1052
1094,36.53,120,boneka-dummy,0.8511,487,456,783,935
1094,36.53,137,boneka-dummy,0.5649,1678,796,1835,899
1095,36.56,117,boneka-asli,0.7391,1294,394,1727,1050
1095,36.56,120,boneka-dummy,0.8511,487,459,781,936
1095,36.56,137,boneka-dummy,0.5649,1667,793,1821,893
1096,36.59,117,boneka-asli,0.7391,1291,397,1721,1048
1096,36.59,120,boneka-dummy,0.8511,487,463,781,941
1097,36.63,117,boneka-asli,0.7391,1286,400,1716,1052
1097,36.63,120,boneka-dummy,0.8511,486,471,779,948
1097,36.63,137,boneka-dummy,0.5649,1660,795,1813,894
1098,36.66,117,boneka-asli,0.7391,1281,405,1709,1055
1098,36.66,120,boneka-dummy,0.8511,486,487,774,953
1098,36.66,137,boneka-dummy,0.5649,1655,798,1810,898
1099,36.69,117,boneka-asli,0.7391,1275,409,1701,1057
1099,36.69,120,boneka-dummy,0.8511,485,498,770,957
1100,36.73,117,boneka-asli,0.7391,1267,413,1692,1063
1100,36.73,120,boneka-dummy,0.8511,479,503,766,962
1100,36.73,137,boneka-dummy,0.5649,1632,802,1791,903
1101,36.76,117,boneka-asli,0.7391,1258,421,1681,1070
1101,36.76,120,boneka-dummy,0.8511,472,505,762,968
1102,36.79,117,boneka-asli,0.7391,1251,430,1669,1074
1102,36.79,120,boneka-dummy,0.8511,466,506,760,974
1103,36.83,117,boneka-asli,0.7391,1244,436,1659,1076
1103,36.83,120,boneka-dummy,0.8511,461,512,755,981
1103,36.83,137,boneka-dummy,0.5649,1611,808,1769,909
1104,36.86,117,boneka-asli,0.7391,1239,440,1650,1078
1104,36.86,120,boneka-dummy,0.8511,455,518,749,987
1105,36.89,117,boneka-asli,0.7391,1236,445,1642,1079
1105,36.89,120,boneka-dummy,0.8511,451,527,744,992
1106,36.93,117,boneka-asli,0.7391,1234,451,1635,1079
1106,36.93,120,boneka-dummy,0.8511,448,536,739,998
1107,36.96,117,boneka-asli,0.7391,1233,458,1629,1079
1107,36.96,120,boneka-dummy,0.8511,446,543,735,1002
1108,36.99,117,boneka-asli,0.7391,1233,463,1624,1079
1108,36.99,120,boneka-dummy,0.8511,446,547,735,1006
1109,37.03,117,boneka-asli,0.7391,1234,467,1621,1079
1109,37.03,120,boneka-dummy,0.8511,446,550,737,1010
1110,37.06,117,boneka-asli,0.7391,1236,473,1619,1079
1110,37.06,120,boneka-dummy,0.8511,449,553,741,1015
1110,37.06,137,boneka-dummy,0.5649,1585,822,1740,921
1110,37.06,151,boneka-dummy,0.6308,92,0,609,173
1111,37.09,117,boneka-asli,0.7391,1238,479,1617,1079
1111,37.09,120,boneka-dummy,0.8511,454,561,744,1020
1112,37.13,117,boneka-asli,0.7391,1239,486,1614,1079
1112,37.13,120,boneka-dummy,0.8511,457,570,745,1027
1112,37.13,151,boneka-dummy,0.6308,83,0,612,176
1113,37.16,117,boneka-asli,0.7391,1241,493,1611,1079
1113,37.16,120,boneka-dummy,0.8511,460,579,748,1032
1113,37.16,151,boneka-dummy,0.6308,61,0,608,183
1114,37.19,117,boneka-asli,0.7391,1244,500,1609,1079
1114,37.19,120,boneka-dummy,0.8511,462,587,749,1038
1115,37.23,117,boneka-asli,0.7391,1246,505,1609,1079
1115,37.23,120,boneka-dummy,0.8511,462,592,751,1044
1115,37.23,151,boneka-dummy,0.6308,34,0,611,194
1116,37.26,117,boneka-asli,0.7391,1251,510,1611,1079
1116,37.26,120,boneka-dummy,0.8511,465,598,754,1050
1117,37.29,117,boneka-asli,0.7391,1255,514,1614,1079
1117,37.29,120,boneka-dummy,0.8511,468,600,759,1053
1118,37.33,117,boneka-asli,0.7391,1261,517,1618,1079
1118,37.33,120,boneka-dummy,0.8511,472,602,764,1056
1119,37.36,117,boneka-asli,0.7391,1268,520,1623,1079
1119,37.36,120,boneka-dummy,0.8511,480,602,772,1058
1120,37.39,117,boneka-asli,0.7391,1276,522,1631,1079
1120,37.39,120,boneka-dummy,0.8511,490,603,783,1060
1121,37.43,117,boneka-asli,0.7391,1285,523,1639,1079
1121,37.43,120,boneka-dummy,0.8511,500,607,792,1061
1121,37.43,151,boneka-dummy,0.6308,17,0,619,216
1122,37.46,117,boneka-asli,0.7391,1294,523,1648,1079
1122,37.46,120,boneka-dummy,0.8511,511,608,804,1062
1122,37.46,151,boneka-dummy,0.6308,8,0,620,227
1123,37.49,117,boneka-asli,0.7391,1303,524,1656,1079
1123,37.49,120,boneka-dummy,0.8511,523,609,815,1062
1123,37.49,151,boneka-dummy,0.6308,4,0,616,233
1124,37.53,117,boneka-asli,0.7391,1311,527,1662,1079
1124,37.53,120,boneka-dummy,0.8511,532,609,824,1063
1124,37.53,151,boneka-dummy,0.6308,2,0,612,237
1125,37.56,117,boneka-asli,0.7391,1316,531,1665,1079
1125,37.56,120,boneka-dummy,0.8511,541,611,831,1063
1125,37.56,151,boneka-dummy,0.6308,1,0,610,239
1126,37.59,117,boneka-asli,0.7391,1319,534,1666,1079
1126,37.59,120,boneka-dummy,0.8511,548,614,835,1062
1126,37.59,151,boneka-dummy,0.6308,0,0,608,241
1126,37.59,153,boneka-asli,0.5594,1766,210,1897,346
1127,37.63,117,boneka-asli,0.7391,1318,535,1663,1079
1127,37.63,120,boneka-dummy,0.8511,554,615,837,1061
1127,37.63,151,boneka-dummy,0.6308,2,0,602,242
1128,37.66,117,boneka-asli,0.7391,1315,535,1660,1079
1128,37.66,120,boneka-dummy,0.8511,556,614,839,1058
1128,37.66,151,boneka-dummy,0.6308,7,0,597,242
1129,37.69,117,boneka-asli,0.7391,1310,534,1655,1079
1129,37.69,120,boneka-dummy,0.8511,558,612,839,1055
1130,37.73,117,boneka-asli,0.7391,1305,532,1650,1079
1130,37.73,120,boneka-dummy,0.8511,560,610,839,1050
1130,37.73,153,boneka-asli,0.5594,1759,209,1892,348
1131,37.76,117,boneka-asli,0.7391,1301,529,1647,1079
1131,37.76,120,boneka-dummy,0.8511,560,609,837,1044
1131,37.76,153,boneka-asli,0.5594,1755,210,1888,349
1132,37.79,117,boneka-asli,0.7391,1298,526,1643,1078
1132,37.79,120,boneka-dummy,0.8511,560,608,833,1036
1132,37.79,153,boneka-asli,0.5594,1750,210,1882,350
1133,37.83,120,boneka-dummy,0.8511,562,608,830,1027
1133,37.83,151,boneka-dummy,0.6308,26,0,589,237
1134,37.86,117,boneka-asli,0.7391,1293,520,1636,1069
1134,37.86,120,boneka-dummy,0.8511,565,608,830,1018
1134,37.86,151,boneka-dummy,0.6308,27,0,580,237
1135,37.89,117,boneka-asli,0.7391,1288,513,1627,1057
1135,37.89,120,boneka-dummy,0.8511,567,602,830,1010
1135,37.89,151,boneka-dummy,0.6308,27,0,572,239
1136,37.93,117,boneka-asli,0.7391,1281,504,1619,1047
1136,37.93,120,boneka-dummy,0.8511,566,592,831,1002
1136,37.93,151,boneka-dummy,0.6308,27,0,565,240
1137,37.96,117,boneka-asli,0.7391,1273,497,1609,1038
1137,37.96,120,boneka-dummy,0.8511,563,584,828,993
1137,37.96,151,boneka-dummy,0.6308,59,0,539,212
1138,37.99,117,boneka-asli,0.7391,1267,493,1599,1026
1138,37.99,120,boneka-dummy,0.8511,559,579,822,985
1138,37.99,151,boneka-dummy,0.6308,86,0,514,187
1139,38.03,117,boneka-asli,0.7391,1262,489,1589,1016
1139,38.03,120,boneka-dummy,0.8511,555,573,816,976
1139,38.03,151,boneka-dummy,0.6308,91,0,514,183
1140,38.06,120,boneka-dummy,0.8511,552,570,810,968
1140,38.06,151,boneka-dummy,0.6308,85,0,516,186
1141,38.10,120,boneka-dummy,0.8511,550,570,805,962
1141,38.10,151,boneka-dummy,0.6308,58,0,526,203
1142,38.13,120,boneka-dummy,0.8511,544,567,799,957
1142,38.13,151,boneka-dummy,0.6308,48,0,517,205
1143,38.16,120,boneka-dummy,0.8511,538,567,791,953
1143,38.16,151,boneka-dummy,0.6308,47,0,510,204
1143,38.16,156,boneka-asli,0.5950,708,326,1393,987
1144,38.20,120,boneka-dummy,0.8511,530,567,783,949
1144,38.20,151,boneka-dummy,0.6308,61,0,495,191
1144,38.20,153,boneka-asli,0.5594,1725,211,1853,347
1144,38.20,156,boneka-asli,0.5950,715,329,1395,985
1145,38.23,117,boneka-asli,0.7391,1236,484,1556,998
1145,38.23,120,boneka-dummy,0.8511,524,565,778,947
1145,38.23,151,boneka-dummy,0.6308,66,0,496,189
1146,38.26,117,boneka-asli,0.7391,1221,481,1538,989
1146,38.26,120,boneka-dummy,0.8511,521,562,776,945
1146,38.26,151,boneka-dummy,0.6308,70,0,496,187
1147,38.30,120,boneka-dummy,0.8511,520,562,774,944
1147,38.30,151,boneka-dummy,0.6308,55,0,510,201
1147,38.30,153,boneka-asli,0.5594,1709,211,1835,349
1147,38.30,156,boneka-asli,0.5950,724,314,1423,985
1148,38.33,117,boneka-asli,0.7391,1211,479,1527,983
1148,38.33,120,boneka-dummy,0.8511,519,562,773,942
1148,38.33,151,boneka-dummy,0.6308,52,0,513,205
1149,38.36,117,boneka-asli,0.7391,1205,479,1521,979
1149,38.36,120,boneka-dummy,0.8511,519,563,772,941
1149,38.36,151,boneka-dummy,0.6308,51,0,511,206
1149,38.36,156,boneka-asli,0.5950,709,325,1397,981
1150,38.40,117,boneka-asli,0.7391,1200,479,1515,977
1150,38.40,120,boneka-dummy,0.8511,519,564,772,940
1150,38.40,156,boneka-asli,0.5950,695,336,1369,977
1151,38.43,117,boneka-asli,0.7391,1194,479,1509,977
1151,38.43,120,boneka-dummy,0.8511,519,564,771,939
1151,38.43,151,boneka-dummy,0.6308,31,0,521,222
1151,38.43,156,boneka-asli,0.5950,689,326,1376,976
1152,38.46,117,boneka-asli,0.7391,1187,479,1502,976
1152,38.46,120,boneka-dummy,0.8511,520,567,771,939
1153,38.50,117,boneka-asli,0.7391,1180,481,1494,977
1153,38.50,120,boneka-dummy,0.8511,516,570,767,940
1153,38.50,153,boneka-asli,0.5594,1696,215,1816,348
1154,38.53,117,boneka-asli,0.7391,1173,483,1485,976
1154,38.53,120,boneka-dummy,0.8511,511,574,759,940
1154,38.53,156,boneka-asli,0.5950,684,317,1391,981
1155,38.56,117,boneka-asli,0.7391,1165,486,1475,976
1155,38.56,120,boneka-dummy,0.8511,507,576,753,940
1155,38.56,156,boneka-asli,0.5950,680,313,1400,982
1156,38.60,117,boneka-asli,0.7391,1156,489,1463,976
1156,38.60,120,boneka-dummy,0.8511,504,577,750,940
1156,38.60,156,boneka-asli,0.5950,680,318,1402,980
1157,38.63,117,boneka-asli,0.7391,1149,492,1453,976
1157,38.63,120,boneka-dummy,0.8511,503,578,747,941
1157,38.63,156,boneka-asli,0.5950,678,318,1407,978
1158,38.66,117,boneka-asli,0.7391,1144,494,1445,973
1158,38.66,120,boneka-dummy,0.8511,498,577,741,940
1158,38.66,156,boneka-asli,0.5950,675,322,1408,977
1159,38.70,117,boneka-asli,0.7391,1139,494,1439,971
1159,38.70,120,boneka-dummy,0.8511,495,577,737,939
1159,38.70,156,boneka-asli,0.5950,671,324,1409,975
1160,38.73,117,boneka-asli,0.7391,1134,494,1432,969
1160,38.73,120,boneka-dummy,0.8511,492,576,735,938
1160,38.73,156,boneka-asli,0.5950,663,325,1407,975
1161,38.76,117,boneka-asli,0.7391,1128,493,1425,967
1161,38.76,120,boneka-dummy,0.8511,490,575,733,936
1161,38.76,156,boneka-asli,0.5950,654,331,1394,973
1162,38.80,117,boneka-asli,0.7391,1122,492,1419,965
1162,38.80,120,boneka-dummy,0.8511,489,573,731,932
1163,38.83,117,boneka-asli,0.7391,1117,488,1414,962
1163,38.83,120,boneka-dummy,0.8511,490,572,728,926
1163,38.83,156,boneka-asli,0.5950,639,338,1361,964
1164,38.86,117,boneka-asli,0.7391,1113,486,1407,955
1164,38.86,120,boneka-dummy,0.8511,490,573,724,919
1165,38.90,117,boneka-asli,0.7391,1108,482,1401,949
1165,38.90,120,boneka-dummy,0.8511,488,571,720,912
1166,38.93,117,boneka-asli,0.7391,1104,478,1396,944
1166,38.93,120,boneka-dummy,0.8511,485,569,715,906
1167,38.96,117,boneka-asli,0.7391,1101,475,1391,937
1167,38.96,120,boneka-dummy,0.8511,482,566,713,901
1167,38.96,156,boneka-asli,0.5950,643,334,1359,950
1168,39.00,117,boneka-asli,0.7391,1097,472,1385,932
1168,39.00,120,boneka-dummy,0.8511,479,564,710,896
1168,39.00,156,boneka-asli,0.5950,635,331,1357,948
1169,39.03,117,boneka-asli,0.7391,1093,470,1380,927
1169,39.03,120,boneka-dummy,0.8511,473,559,704,892
1169,39.03,156,boneka-asli,0.5950,616,327,1353,953
1170,39.06,117,boneka-asli,0.7391,1085,461,1375,924
1170,39.06,120,boneka-dummy,0.8511,467,555,699,889
1170,39.06,156,boneka-asli,0.5950,610,323,1348,945
1171,39.10,117,boneka-asli,0.7391,1079,460,1368,921
1171,39.10,120,boneka-dummy,0.8511,463,550,696,886
1171,39.10,151,boneka-dummy,0.6308,19,0,523,235
1171,39.10,156,boneka-asli,0.5950,606,322,1338,934
1172,39.13,117,boneka-asli,0.7391,1074,459,1362,918
1172,39.13,120,boneka-dummy,0.8511,459,545,693,882
1172,39.13,151,boneka-dummy,0.6308,17,0,519,241
1172,39.13,156,boneka-asli,0.5950,603,320,1332,924
1173,39.16,117,boneka-asli,0.7391,1069,458,1356,916
1173,39.16,120,boneka-dummy,0.8511,459,541,692,877
1173,39.16,151,boneka-dummy,0.6308,14,0,509,242
1174,39.20,117,boneka-asli,0.7391,1065,457,1349,912
1174,39.20,120,boneka-dummy,0.8511,459,537,690,872
1174,39.20,151,boneka-dummy,0.6308,18,0,503,242
1174,39.20,156,boneka-asli,0.5950,598,308,1333,915
1175,39.23,117,boneka-asli,0.7391,1063,454,1345,906
1175,39.23,120,boneka-dummy,0.8511,459,533,689,867
1175,39.23,151,boneka-dummy,0.6308,22,0,495,241
1175,39.23,156,boneka-asli,0.5950,598,302,1333,907
1176,39.26,117,boneka-asli,0.7391,1059,450,1341,901
1176,39.26,120,boneka-dummy,0.8511,458,529,688,862
1177,39.30,117,boneka-asli,0.7391,1057,447,1339,897
1177,39.30,120,boneka-dummy,0.8511,458,526,688,858
1177,39.30,151,boneka-dummy,0.6308,28,0,492,241
1178,39.33,117,boneka-asli,0.7391,1056,444,1338,892
1178,39.33,120,boneka-dummy,0.8511,460,525,689,854
1178,39.33,151,boneka-dummy,0.6308,35,0,487,237
1178,39.33,156,boneka-asli,0.5950,600,300,1322,894
1179,39.36,117,boneka-asli,0.7391,1057,441,1338,889
1179,39.36,120,boneka-dummy,0.8511,461,523,690,851
1179,39.36,151,boneka-dummy,0.6308,40,0,483,234
1179,39.36,156,boneka-asli,0.5950,596,300,1305,886
1180,39.40,117,boneka-asli,0.7391,1058,440,1339,885
1180,39.40,120,boneka-dummy,0.8511,462,522,690,848
1180,39.40,151,boneka-dummy,0.6308,47,0,476,227
1180,39.40,156,boneka-asli,0.5950,597,299,1293,880
1181,39.43,117,boneka-asli,0.7391,1059,438,1338,881
1181,39.43,120,boneka-dummy,0.8511,463,521,690,845
1181,39.43,156,boneka-asli,0.5950,603,299,1288,876
1182,39.46,117,boneka-asli,0.7391,1060,437,1338,877
1182,39.46,120,boneka-dummy,0.8511,464,521,691,843
1182,39.46,156,boneka-asli,0.5950,599,300,1273,874
1183,39.50,117,boneka-asli,0.7391,1061,436,1338,875
1183,39.50,120,boneka-dummy,0.8511,465,521,692,842
1183,39.50,156,boneka-asli,0.5950,601,300,1264,871
1184,39.53,117,boneka-asli,0.7391,1060,436,1337,873
1184,39.53,120,boneka-dummy,0.8511,465,521,691,841
1184,39.53,151,boneka-dummy,0.6308,45,0,479,231
1184,39.53,156,boneka-asli,0.5950,604,301,1262,870
1185,39.56,117,boneka-asli,0.7391,1060,437,1336,873
1185,39.56,120,boneka-dummy,0.8511,464,520,690,840
1185,39.56,151,boneka-dummy,0.6308,46,0,483,234
1185,39.56,153,boneka-asli,0.5594,1658,214,1768,340
1185,39.56,156,boneka-asli,0.5950,614,299,1275,870
1186,39.60,117,boneka-asli,0.7391,1059,439,1335,872
1186,39.60,120,boneka-dummy,0.8511,463,521,690,840
1186,39.60,151,boneka-dummy,0.6308,46,0,483,234
1186,39.60,153,boneka-asli,0.5594,1638,214,1743,337
1186,39.60,156,boneka-asli,0.5950,611,305,1265,871
1187,39.63,117,boneka-asli,0.7391,1059,440,1333,872
1187,39.63,120,boneka-dummy,0.8511,462,521,688,840
1187,39.63,156,boneka-asli,0.5950,619,305,1275,872
1188,39.66,117,boneka-asli,0.7391,1057,442,1332,872
1188,39.66,120,boneka-dummy,0.8511,463,522,688,840
1188,39.66,156,boneka-asli,0.5950,624,306,1283,871
1189,39.70,117,boneka-asli,0.7391,1056,442,1331,872
1189,39.70,120,boneka-dummy,0.8511,463,523,688,840
1189,39.70,151,boneka-dummy,0.6308,51,0,484,234
1189,39.70,156,boneka-asli,0.5950,628,305,1291,871
1190,39.73,117,boneka-asli,0.7391,1056,443,1331,872
1190,39.73,120,boneka-dummy,0.8511,463,523,687,840
1190,39.73,151,boneka-dummy,0.6308,60,0,473,222
1190,39.73,156,boneka-asli,0.5950,626,305,1293,870
1191,39.76,117,boneka-asli,0.7391,1056,442,1331,871
1191,39.76,120,boneka-dummy,0.8511,463,521,688,839
1191,39.76,151,boneka-dummy,0.6308,64,0,464,214
1191,39.76,156,boneka-asli,0.5950,625,302,1295,868
1192,39.80,117,boneka-asli,0.7391,1056,441,1333,871
1192,39.80,120,boneka-dummy,0.8511,462,521,688,839
1192,39.80,156,boneka-asli,0.5950,626,302,1299,868
1193,39.83,117,boneka-asli,0.7391,1057,441,1335,873
1193,39.83,120,boneka-dummy,0.8511,463,522,689,840
1193,39.83,151,boneka-dummy,0.6308,64,0,464,213
1193,39.83,156,boneka-asli,0.5950,627,299,1309,871
1194,39.86,117,boneka-asli,0.7391,1057,444,1336,878
1194,39.86,120,boneka-dummy,0.8511,464,525,692,843
1194,39.86,151,boneka-dummy,0.6308,58,0,470,221
1194,39.86,156,boneka-asli,0.5950,634,303,1320,875
1195,39.90,117,boneka-asli,0.7391,1057,449,1336,883
1195,39.90,120,boneka-dummy,0.8511,464,527,694,847
1195,39.90,151,boneka-dummy,0.6308,54,0,476,227
1196,39.93,117,boneka-asli,0.7391,1057,452,1337,886
1196,39.93,120,boneka-dummy,0.8511,464,528,696,850
1196,39.93,151,boneka-dummy,0.6308,54,0,480,230
1196,39.93,156,boneka-asli,0.5950,633,307,1327,884
1197,39.96,117,boneka-asli,0.7391,1057,453,1338,888
1197,39.96,120,boneka-dummy,0.8511,464,530,697,851
1197,39.96,151,boneka-dummy,0.6308,59,0,474,224
1197,39.96,156,boneka-asli,0.5950,635,310,1332,887
1198,40.00,117,boneka-asli,0.7391,1056,454,1337,889
1198,40.00,120,boneka-dummy,0.8511,463,531,696,852
1198,40.00,151,boneka-dummy,0.6308,57,0,474,227
1198,40.00,156,boneka-asli,0.5950,634,310,1336,889
1199,40.03,117,boneka-asli,0.7391,1056,456,1337,890
1199,40.03,120,boneka-dummy,0.8511,463,532,697,853
1199,40.03,151,boneka-dummy,0.6308,54,0,473,229
1200,40.07,117,boneka-asli,0.7391,1055,456,1336,891
1200,40.07,120,boneka-dummy,0.8511,464,531,699,853
1200,40.07,151,boneka-dummy,0.6308,52,0,468,229
1201,40.10,117,boneka-asli,0.7391,1054,455,1336,890
1201,40.10,120,boneka-dummy,0.8511,463,530,698,851
1201,40.10,151,boneka-dummy,0.6308,47,0,466,231
1201,40.10,156,boneka-asli,0.5950,634,311,1332,884
1202,40.13,117,boneka-asli,0.7391,1053,450,1335,884
1202,40.13,120,boneka-dummy,0.8511,462,526,696,846
1202,40.13,151,boneka-dummy,0.6308,46,0,463,231
1203,40.17,117,boneka-asli,0.7391,1052,443,1333,877
1203,40.17,120,boneka-dummy,0.8511,462,520,693,837
1203,40.17,151,boneka-dummy,0.6308,46,0,459,228
1203,40.17,156,boneka-asli,0.5950,619,308,1304,873
1204,40.20,117,boneka-asli,0.7391,1048,435,1329,868
1204,40.20,120,boneka-dummy,0.8511,463,511,692,827
1204,40.20,151,boneka-dummy,0.6308,55,0,440,210
1204,40.20,156,boneka-asli,0.5950,613,291,1302,864
1205,40.23,117,boneka-asli,0.7391,1046,429,1324,859
1205,40.23,120,boneka-dummy,0.8511,464,506,691,818
1205,40.23,151,boneka-dummy,0.6308,69,0,422,189
1206,40.27,117,boneka-asli,0.7391,1043,424,1318,851
1206,40.27,120,boneka-dummy,0.8511,464,499,689,810
1206,40.27,151,boneka-dummy,0.6308,77,0,417,178
1207,40.30,117,boneka-asli,0.7391,1041,420,1312,842
1207,40.30,120,boneka-dummy,0.8511,463,492,687,803
1207,40.30,151,boneka-dummy,0.6308,79,0,420,176
1208,40.33,117,boneka-asli,0.7391,1041,418,1308,835
1208,40.33,120,boneka-dummy,0.8511,464,487,688,798
1208,40.33,151,boneka-dummy,0.6308,64,0,432,187
1209,40.37,117,boneka-asli,0.7391,1041,415,1306,829
1209,40.37,120,boneka-dummy,0.8511,467,485,691,793
1209,40.37,151,boneka-dummy,0.6308,61,0,445,192
1210,40.40,117,boneka-asli,0.7391,1042,414,1304,825
1210,40.40,120,boneka-dummy,0.8511,470,483,693,790
1210,40.40,151,boneka-dummy,0.6308,63,0,452,192
1211,40.43,117,boneka-asli,0.7391,1043,414,1303,823
1211,40.43,120,boneka-dummy,0.8511,471,482,694,787
1211,40.43,151,boneka-dummy,0.6308,74,0,449,181
1211,40.43,156,boneka-asli,0.5950,622,280,1307,844
1212,40.47,117,boneka-asli,0.7391,1044,416,1303,824
1212,40.47,120,boneka-dummy,0.8511,473,483,695,787
1212,40.47,151,boneka-dummy,0.6308,85,0,445,171
1212,40.47,156,boneka-asli,0.5950,627,280,1310,834
1213,40.50,117,boneka-asli,0.7391,1044,420,1304,828
1213,40.50,120,boneka-dummy,0.8511,474,491,692,789
1213,40.50,151,boneka-dummy,0.6308,74,0,459,181
1214,40.53,117,boneka-asli,0.7391,1042,424,1302,835
1214,40.53,120,boneka-dummy,0.8511,475,495,692,794
1214,40.53,151,boneka-dummy,0.6308,60,0,476,194
1215,40.57,117,boneka-asli,0.7391,1042,431,1300,840
1215,40.57,120,boneka-dummy,0.8511,475,499,693,799
1215,40.57,151,boneka-dummy,0.6308,51,0,488,206
1216,40.60,117,boneka-asli,0.7391,1041,436,1297,843
1216,40.60,120,boneka-dummy,0.8511,476,501,692,803
1216,40.60,151,boneka-dummy,0.6308,44,0,497,215
1217,40.63,117,boneka-asli,0.7391,1038,439,1293,844
1217,40.63,120,boneka-dummy,0.8511,477,502,692,804
1217,40.63,151,boneka-dummy,0.6308,40,0,499,219
1218,40.67,117,boneka-asli,0.7391,1034,440,1288,844
1218,40.67,120,boneka-dummy,0.8511,477,503,692,804
1218,40.67,151,boneka-dummy,0.6308,37,0,498,221
1219,40.70,117,boneka-asli,0.7391,1030,441,1284,844
1219,40.70,120,boneka-dummy,0.8511,477,504,690,805
1219,40.70,151,boneka-dummy,0.6308,37,0,497,222
1220,40.73,117,boneka-asli,0.7391,1027,441,1280,842
1220,40.73,120,boneka-dummy,0.8511,475,505,688,804
1220,40.73,151,boneka-dummy,0.6308,38,0,494,222
1221,40.77,117,boneka-asli,0.7391,1024,441,1278,840
1221,40.77,120,boneka-dummy,0.8511,474,504,686,801
1221,40.77,151,boneka-dummy,0.6308,40,0,491,221
1222,40.80,117,boneka-asli,0.7391,1021,440,1274,837
1222,40.80,120,boneka-dummy,0.8511,472,504,682,798
1222,40.80,151,boneka-dummy,0.6308,39,0,482,218
1223,40.83,117,boneka-asli,0.7391,1017,436,1270,832
1223,40.83,120,boneka-dummy,0.8511,469,501,680,795
1223,40.83,151,boneka-dummy,0.6308,37,0,473,216
1224,40.87,117,boneka-asli,0.7391,1012,431,1265,828
1224,40.87,120,boneka-dummy,0.8511,466,497,677,791
1224,40.87,151,boneka-dummy,0.6308,37,0,458,209
1225,40.90,117,boneka-asli,0.7391,1007,428,1259,823
1225,40.90,120,boneka-dummy,0.8511,462,493,673,785
1225,40.90,151,boneka-dummy,0.6308,35,0,448,206
1226,40.93,117,boneka-asli,0.7391,1001,425,1252,819
1226,40.93,120,boneka-dummy,0.8511,455,490,665,780
1226,40.93,151,boneka-dummy,0.6308,31,0,437,203
1227,40.97,117,boneka-asli,0.7391,993,422,1244,816
1227,40.97,120,boneka-dummy,0.8511,444,487,654,776
1227,40.97,151,boneka-dummy,0.6308,25,0,430,203
1228,41.00,117,boneka-asli,0.7391,984,417,1236,813
1228,41.00,120,boneka-dummy,0.8511,432,483,644,772
1228,41.00,151,boneka-dummy,0.6308,22,0,423,200
1229,41.03,117,boneka-asli,0.7391,973,414,1224,810
1229,41.03,120,boneka-dummy,0.8511,421,481,633,769
1229,41.03,151,boneka-dummy,0.6308,15,0,409,196
1230,41.07,117,boneka-asli,0.7391,961,411,1211,806
1230,41.07,120,boneka-dummy,0.8511,409,482,621,768
1230,41.07,151,boneka-dummy,0.6308,12,0,387,186
1231,41.10,117,boneka-asli,0.7391,949,408,1200,802
1231,41.10,120,boneka-dummy,0.8511,397,486,606,766
1231,41.10,151,boneka-dummy,0.6308,14,0,371,175
1232,41.13,117,boneka-asli,0.7391,938,405,1190,802
1232,41.13,120,boneka-dummy,0.8511,384,487,593,766
1232,41.13,151,boneka-dummy,0.6308,11,0,355,168
1233,41.17,117,boneka-asli,0.7391,927,405,1180,804
1233,41.17,120,boneka-dummy,0.8511,371,484,584,767
1233,41.17,151,boneka-dummy,0.6308,5,0,340,164
1233,41.17,156,boneka-asli,0.5950,556,279,1242,824
1234,41.20,117,boneka-asli,0.7391,916,407,1169,806
1234,41.20,120,boneka-dummy,0.8511,357,483,574,771
1235,41.23,117,boneka-asli,0.7391,905,408,1158,807
1235,41.23,120,boneka-dummy,0.8511,342,483,564,775
1236,41.27,117,boneka-asli,0.7391,894,409,1148,809
1236,41.27,120,boneka-dummy,0.8511,325,482,551,779
1237,41.30,117,boneka-asli,0.7391,879,410,1134,811
1237,41.30,120,boneka-dummy,0.8511,306,484,535,783
1238,41.33,117,boneka-asli,0.7391,864,413,1119,815
1238,41.33,120,boneka-dummy,0.8511,285,484,517,787
1239,41.37,117,boneka-asli,0.7391,848,415,1104,818
1239,41.37,120,boneka-dummy,0.8511,264,487,498,790
1240,41.40,117,boneka-asli,0.7391,829,416,1087,820
1240,41.40,120,boneka-dummy,0.8511,244,487,479,793
1241,41.43,117,boneka-asli,0.7391,810,415,1070,822
1241,41.43,120,boneka-dummy,0.8511,222,487,460,793
1242,41.47,117,boneka-asli,0.7391,792,413,1053,822
1242,41.47,120,boneka-dummy,0.8511,197,485,437,794
1243,41.50,117,boneka-asli,0.7391,770,411,1032,821
1243,41.50,120,boneka-dummy,0.8511,173,484,415,794
1244,41.53,117,boneka-asli,0.7391,750,409,1012,819
1244,41.53,120,boneka-dummy,0.8511,148,483,391,793
1245,41.57,117,boneka-asli,0.7391,727,406,989,817
1245,41.57,120,boneka-dummy,0.8511,125,481,370,793
1246,41.60,117,boneka-asli,0.7391,704,404,966,814
1246,41.60,120,boneka-dummy,0.8511,101,481,345,791
1247,41.63,117,boneka-asli,0.7391,677,401,939,809
1247,41.63,120,boneka-dummy,0.8511,71,478,316,786
1248,41.67,117,boneka-asli,0.7391,650,396,912,804
1248,41.67,120,boneka-dummy,0.8511,44,470,293,782
1249,41.70,117,boneka-asli,0.7391,622,392,884,798
1249,41.70,120,boneka-dummy,0.8511,22,462,269,777
1250,41.73,117,boneka-asli,0.7391,592,387,855,794
1250,41.73,120,boneka-dummy,0.8511,11,456,246,773
1251,41.77,117,boneka-asli,0.7391,564,384,829,791
1252,41.80,117,boneka-asli,0.7391,533,380,798,787
1253,41.83,117,boneka-asli,0.7391,504,377,770,784
1253,41.83,156,boneka-asli,0.5950,292,261,1009,816
1254,41.87,117,boneka-asli,0.7391,475,375,742,783
1255,41.90,117,boneka-asli,0.7391,442,374,712,784
1255,41.90,156,boneka-asli,0.5950,146,249,869,810
1256,41.93,117,boneka-asli,0.7391,411,375,685,788
1257,41.97,117,boneka-asli,0.7391,376,378,654,796
1258,42.00,117,boneka-asli,0.7391,342,382,625,805
1259,42.03,117,boneka-asli,0.7391,310,387,597,815
1260,42.07,117,boneka-asli,0.7391,276,392,567,826
1261,42.10,117,boneka-asli,0.7391,245,394,541,835
1261,42.10,156,boneka-asli,0.5950,73,249,760,824
1262,42.14,117,boneka-asli,0.7391,214,397,516,843
1262,42.14,156,boneka-asli,0.5950,36,251,685,831
1263,42.17,117,boneka-asli,0.7391,185,399,491,849
1264,42.20,117,boneka-asli,0.7391,156,400,466,854
1265,42.24,117,boneka-asli,0.7391,128,398,443,857
1266,42.27,117,boneka-asli,0.7391,99,397,419,860
1267,42.30,117,boneka-asli,0.7391,61,395,387,864
1268,42.34,117,boneka-asli,0.7391,30,394,355,872
1269,42.37,117,boneka-asli,0.7391,15,395,325,882
1270,42.40,117,boneka-asli,0.7391,7,399,292,892
1321,44.10,164,boneka-asli,0.6146,106,211,231,353
1322,44.14,164,boneka-asli,0.6146,125,213,250,354
1323,44.17,164,boneka-asli,0.6146,157,216,280,355
1323,44.17,165,boneka-asli,0.5885,83,225,199,360
1324,44.21,164,boneka-asli,0.6146,191,219,314,360
1324,44.21,165,boneka-asli,0.5885,98,227,215,362
1325,44.24,164,boneka-asli,0.6146,228,224,349,363
1325,44.24,165,boneka-asli,0.5885,126,229,240,363
1327,44.31,165,boneka-asli,0.5885,177,234,290,365
1330,44.41,164,boneka-asli,0.6146,334,235,452,371
1342,44.81,165,boneka-asli,0.5885,450,257,566,391
1343,44.84,165,boneka-asli,0.5885,599,272,714,408
1344,44.87,165,boneka-asli,0.5885,682,281,798,420
1345,44.91,165,boneka-asli,0.5885,731,289,845,427
1350,45.07,165,boneka-asli,0.5885,803,301,917,440
1351,45.11,165,boneka-asli,0.5885,850,307,963,447
1352,45.14,165,boneka-asli,0.5885,885,312,999,453
1353,45.17,165,boneka-asli,0.5885,914,317,1028,460
1359,45.37,165,boneka-asli,0.5885,1010,316,1124,458
1360,45.41,165,boneka-asli,0.5885,1071,313,1185,457
1361,45.44,165,boneka-asli,0.5885,1116,312,1231,457
1444,48.21,181,boneka-dummy,0.8438,1806,454,1912,698
1445,48.24,181,boneka-dummy,0.8438,1807,455,1909,691
1446,48.28,181,boneka-dummy,0.8438,1804,453,1907,688
1447,48.31,181,boneka-dummy,0.8438,1799,451,1903,687
1448,48.35,181,boneka-dummy,0.8438,1791,452,1897,688
1449,48.38,181,boneka-dummy,0.8438,1782,453,1891,690
1450,48.41,181,boneka-dummy,0.8438,1768,455,1880,690
1451,48.45,181,boneka-dummy,0.8438,1743,461,1855,687
1452,48.48,181,boneka-dummy,0.8438,1716,479,1824,688
1453,48.51,181,boneka-dummy,0.8438,1681,485,1795,696
1453,48.51,182,boneka-asli,0.8276,1792,460,1913,709
1454,48.55,182,boneka-asli,0.8276,1784,466,1906,716
1455,48.58,181,boneka-dummy,0.8438,1634,500,1754,714
1455,48.58,182,boneka-asli,0.8276,1771,475,1893,724
1456,48.61,181,boneka-dummy,0.8438,1588,510,1717,735
1456,48.61,182,boneka-asli,0.8276,1748,488,1870,732
1457,48.65,182,boneka-asli,0.8276,1720,504,1843,745
1458,48.68,181,boneka-dummy,0.8438,1537,544,1665,759
1458,48.68,182,boneka-asli,0.8276,1689,519,1814,758
1459,48.71,181,boneka-dummy,0.8438,1491,574,1622,783
1459,48.71,182,boneka-asli,0.8276,1656,535,1784,772
1460,48.75,181,boneka-dummy,0.8438,1449,586,1590,806
1460,48.75,182,boneka-asli,0.8276,1624,552,1756,789
1461,48.78,182,boneka-asli,0.8276,1589,569,1726,808
1462,48.81,181,boneka-dummy,0.8438,1390,602,1541,833
1462,48.81,182,boneka-asli,0.8276,1552,582,1696,826
1463,48.85,181,boneka-dummy,0.8438,1339,613,1501,858
1463,48.85,182,boneka-asli,0.8276,1514,593,1665,844
1464,48.88,181,boneka-dummy,0.8438,1298,623,1467,876
1464,48.88,182,boneka-asli,0.8276,1479,606,1632,855
1465,48.91,181,boneka-dummy,0.8438,1266,655,1428,892
1465,48.91,182,boneka-asli,0.8276,1444,619,1601,867
1466,48.95,181,boneka-dummy,0.8438,1235,685,1391,907
1466,48.95,182,boneka-asli,0.8276,1410,631,1569,878
1467,48.98,181,boneka-dummy,0.8438,1198,691,1363,920
1467,48.98,182,boneka-asli,0.8276,1376,640,1539,889
1468,49.01,181,boneka-dummy,0.8438,1166,698,1336,929
1468,49.01,182,boneka-asli,0.8276,1345,647,1510,896
1469,49.05,181,boneka-dummy,0.8438,1135,690,1315,935
1469,49.05,182,boneka-asli,0.8276,1317,652,1484,900
1470,49.08,181,boneka-dummy,0.8438,1106,687,1293,938
1470,49.08,182,boneka-asli,0.8276,1291,654,1460,904
1471,49.11,181,boneka-dummy,0.8438,1080,681,1272,939
1471,49.11,182,boneka-asli,0.8276,1266,655,1438,907
1472,49.15,181,boneka-dummy,0.8438,1063,700,1244,939
1472,49.15,182,boneka-asli,0.8276,1244,655,1416,904
1473,49.18,181,boneka-dummy,0.8438,1046,714,1220,940
1473,49.18,182,boneka-asli,0.8276,1222,656,1394,902
1474,49.21,181,boneka-dummy,0.8438,1021,704,1206,942
1474,49.21,182,boneka-asli,0.8276,1202,656,1376,902
1475,49.25,181,boneka-dummy,0.8438,1002,706,1187,942
1475,49.25,182,boneka-asli,0.8276,1183,655,1358,901
1476,49.28,181,boneka-dummy,0.8438,979,695,1172,941
1476,49.28,182,boneka-asli,0.8276,1165,654,1342,900
1477,49.31,181,boneka-dummy,0.8438,960,692,1156,940
1477,49.31,182,boneka-asli,0.8276,1147,651,1325,898
1478,49.35,181,boneka-dummy,0.8438,942,685,1141,937
1478,49.35,182,boneka-asli,0.8276,1131,647,1310,895
1479,49.38,181,boneka-dummy,0.8438,925,678,1127,934
1479,49.38,182,boneka-asli,0.8276,1114,643,1296,892
1480,49.41,181,boneka-dummy,0.8438,909,678,1110,932
1480,49.41,182,boneka-asli,0.8276,1098,638,1284,891
1481,49.45,181,boneka-dummy,0.8438,899,687,1092,929
1481,49.45,182,boneka-asli,0.8276,1083,633,1270,888
1482,49.48,181,boneka-dummy,0.8438,887,679,1082,924
1482,49.48,182,boneka-asli,0.8276,1070,626,1259,883
1483,49.51,181,boneka-dummy,0.8438,874,662,1078,919
1483,49.51,182,boneka-asli,0.8276,1062,619,1251,877
1484,49.55,181,boneka-dummy,0.8438,865,646,1076,913
1484,49.55,182,boneka-asli,0.8276,1055,613,1245,871
1485,49.58,181,boneka-dummy,0.8438,860,634,1074,905
1485,49.58,182,boneka-asli,0.8276,1052,607,1241,864
1486,49.61,181,boneka-dummy,0.8438,858,625,1072,897
1486,49.61,182,boneka-asli,0.8276,1052,601,1240,857
1487,49.65,181,boneka-dummy,0.8438,864,634,1066,889
1487,49.65,182,boneka-asli,0.8276,1052,593,1241,849
1488,49.68,181,boneka-dummy,0.8438,872,642,1062,881
1488,49.68,182,boneka-asli,0.8276,1053,586,1242,842
1489,49.71,181,boneka-dummy,0.8438,878,646,1063,875
1489,49.71,182,boneka-asli,0.8276,1055,579,1245,835
1490,49.75,181,boneka-dummy,0.8438,878,634,1068,868
1490,49.75,182,boneka-asli,0.8276,1059,572,1249,828
1491,49.78,181,boneka-dummy,0.8438,881,630,1069,859
1491,49.78,182,boneka-asli,0.8276,1064,566,1254,821
1492,49.81,181,boneka-dummy,0.8438,886,630,1071,852
1492,49.81,182,boneka-asli,0.8276,1068,558,1257,811
1493,49.85,181,boneka-dummy,0.8438,884,607,1081,844
1493,49.85,182,boneka-asli,0.8276,1070,548,1261,803
1494,49.88,181,boneka-dummy,0.8438,885,595,1086,836
1494,49.88,182,boneka-asli,0.8276,1072,539,1265,795
1495,49.91,181,boneka-dummy,0.8438,884,586,1087,831
1495,49.91,182,boneka-asli,0.8276,1072,530,1266,788
1496,49.95,181,boneka-dummy,0.8438,884,586,1085,826
1496,49.95,182,boneka-asli,0.8276,1070,523,1266,782
1497,49.98,181,boneka-dummy,0.8438,882,582,1085,825
1497,49.98,182,boneka-asli,0.8276,1069,519,1266,780
1498,50.01,181,boneka-dummy,0.8438,876,566,1090,823
1498,50.01,182,boneka-asli,0.8276,1069,515,1266,776
1499,50.05,181,boneka-dummy,0.8438,873,557,1093,823
1499,50.05,182,boneka-asli,0.8276,1068,511,1266,773
1500,50.08,181,boneka-dummy,0.8438,872,553,1093,821
1500,50.08,182,boneka-asli,0.8276,1068,509,1265,771
1501,50.11,181,boneka-dummy,0.8438,871,547,1094,820
1501,50.11,182,boneka-asli,0.8276,1068,507,1265,770
1502,50.15,181,boneka-dummy,0.8438,870,544,1094,819
1502,50.15,182,boneka-asli,0.8276,1069,504,1267,767
1503,50.18,181,boneka-dummy,0.8438,876,555,1090,816
1503,50.18,182,boneka-asli,0.8276,1071,499,1270,764
1504,50.21,181,boneka-dummy,0.8438,874,545,1094,814
1504,50.21,182,boneka-asli,0.8276,1071,493,1275,761
1505,50.25,181,boneka-dummy,0.8438,871,533,1098,811
1505,50.25,182,boneka-asli,0.8276,1074,486,1279,757
1506,50.28,181,boneka-dummy,0.8438,869,520,1105,810
1506,50.28,182,boneka-asli,0.8276,1077,480,1285,753
1507,50.31,181,boneka-dummy,0.8438,873,506,1117,809
1507,50.31,182,boneka-asli,0.8276,1086,473,1296,748
1508,50.35,181,boneka-dummy,0.8438,894,521,1122,802
1508,50.35,182,boneka-asli,0.8276,1104,470,1314,744
1509,50.38,181,boneka-dummy,0.8438,922,534,1141,801
1509,50.38,182,boneka-asli,0.8276,1129,470,1341,746
1510,50.42,181,boneka-dummy,0.8438,947,526,1175,805
1510,50.42,182,boneka-asli,0.8276,1160,472,1374,751
1511,50.45,181,boneka-dummy,0.8438,978,524,1211,807
1511,50.45,182,boneka-asli,0.8276,1195,474,1413,757
1512,50.48,181,boneka-dummy,0.8438,1012,519,1252,812
1512,50.48,182,boneka-asli,0.8276,1233,479,1454,765
1513,50.52,181,boneka-dummy,0.8438,1051,526,1291,820
1513,50.52,182,boneka-asli,0.8276,1272,485,1497,776
1514,50.55,181,boneka-dummy,0.8438,1095,549,1327,829
1514,50.55,182,boneka-asli,0.8276,1314,494,1541,786
1515,50.58,181,boneka-dummy,0.8438,1142,575,1362,838
1515,50.58,182,boneka-asli,0.8276,1358,503,1587,798
1516,50.62,181,boneka-dummy,0.8438,1185,598,1399,848
1516,50.62,182,boneka-asli,0.8276,1402,513,1633,808
1517,50.65,181,boneka-dummy,0.8438,1225,608,1445,859
1518,50.68,181,boneka-dummy,0.8438,1263,617,1492,874
1518,50.68,182,boneka-asli,0.8276,1470,528,1710,831
1519,50.72,181,boneka-dummy,0.8438,1299,625,1537,889
1519,50.72,182,boneka-asli,0.8276,1526,544,1771,851
1520,50.75,181,boneka-dummy,0.8438,1331,632,1578,903
1520,50.75,182,boneka-asli,0.8276,1569,556,1821,871
1521,50.78,181,boneka-dummy,0.8438,1350,619,1620,917
1521,50.78,182,boneka-asli,0.8276,1604,564,1864,887
1522,50.82,181,boneka-dummy,0.8438,1364,608,1654,929
1522,50.82,182,boneka-asli,0.8276,1630,571,1892,902
1523,50.85,181,boneka-dummy,0.8438,1377,601,1681,941
1523,50.85,182,boneka-asli,0.8276,1648,577,1906,913
1524,50.88,181,boneka-dummy,0.8438,1388,599,1701,952
1524,50.88,182,boneka-asli,0.8276,1660,582,1913,923
1525,50.92,181,boneka-dummy,0.8438,1403,602,1717,959
1525,50.92,182,boneka-asli,0.8276,1671,587,1916,929
1526,50.95,181,boneka-dummy,0.8438,1413,600,1733,967
1526,50.95,182,boneka-asli,0.8276,1680,590,1918,937
1527,50.98,181,boneka-dummy,0.8438,1424,598,1748,973
1527,50.98,182,boneka-asli,0.8276,1688,591,1919,941
1528,51.02,181,boneka-dummy,0.8438,1435,597,1762,979
1528,51.02,182,boneka-asli,0.8276,1697,592,1919,945
1529,51.05,181,boneka-dummy,0.8438,1444,595,1775,985
1529,51.05,182,boneka-asli,0.8276,1701,591,1919,964
1530,51.08,181,boneka-dummy,0.8438,1454,594,1787,991
1530,51.08,182,boneka-asli,0.8276,1709,590,1919,967
1531,51.12,181,boneka-dummy,0.8438,1461,594,1795,995
1531,51.12,182,boneka-asli,0.8276,1717,589,1919,965
1532,51.15,181,boneka-dummy,0.8438,1467,593,1801,997
1532,51.15,182,boneka-asli,0.8276,1725,587,1919,964
1533,51.18,181,boneka-dummy,0.8438,1472,592,1808,999
1533,51.18,182,boneka-asli,0.8276,1731,586,1919,964
1534,51.22,181,boneka-dummy,0.8438,1476,590,1812,1001
1534,51.22,182,boneka-asli,0.8276,1737,584,1919,964
1535,51.25,181,boneka-dummy,0.8438,1476,587,1813,1001
1535,51.25,182,boneka-asli,0.8276,1741,582,1919,963
1536,51.28,181,boneka-dummy,0.8438,1474,585,1811,1001
1536,51.28,182,boneka-asli,0.8276,1743,579,1919,963
1537,51.32,181,boneka-dummy,0.8438,1469,583,1806,1001
1537,51.32,182,boneka-asli,0.8276,1743,577,1919,963
1538,51.35,181,boneka-dummy,0.8438,1460,581,1798,1001
1539,51.38,181,boneka-dummy,0.8438,1449,583,1786,1003
1540,51.42,181,boneka-dummy,0.8438,1435,583,1772,1004
1540,51.42,182,boneka-asli,0.8276,1734,579,1919,964
1541,51.45,181,boneka-dummy,0.8438,1419,582,1757,1006
1541,51.45,182,boneka-asli,0.8276,1724,578,1919,964
1542,51.48,181,boneka-dummy,0.8438,1402,582,1741,1008
1542,51.48,182,boneka-asli,0.8276,1713,578,1917,966
1543,51.52,181,boneka-dummy,0.8438,1385,582,1725,1009
1543,51.52,182,boneka-asli,0.8276,1703,579,1912,967
1544,51.55,181,boneka-dummy,0.8438,1368,582,1708,1009
1544,51.55,182,boneka-asli,0.8276,1692,578,1906,969
1545,51.58,181,boneka-dummy,0.8438,1351,581,1692,1011
1545,51.58,182,boneka-asli,0.8276,1680,577,1903,976
1546,51.62,181,boneka-dummy,0.8438,1334,581,1677,1013
1546,51.62,182,boneka-asli,0.8276,1669,580,1899,980
1547,51.65,181,boneka-dummy,0.8438,1318,582,1662,1017
1547,51.65,182,boneka-asli,0.8276,1657,582,1894,985
1548,51.68,181,boneka-dummy,0.8438,1302,586,1648,1025
1548,51.68,182,boneka-asli,0.8276,1645,585,1891,992
1549,51.72,181,boneka-dummy,0.8438,1296,622,1624,1035
1549,51.72,182,boneka-asli,0.8276,1633,590,1887,998
1550,51.75,181,boneka-dummy,0.8438,1275,619,1615,1045
1550,51.75,182,boneka-asli,0.8276,1621,595,1882,1003
1551,51.78,181,boneka-dummy,0.8438,1254,612,1607,1056
1551,51.78,182,boneka-asli,0.8276,1608,599,1876,1008
1552,51.82,181,boneka-dummy,0.8438,1236,605,1598,1064
1552,51.82,182,boneka-asli,0.8276,1592,603,1866,1013
1553,51.85,181,boneka-dummy,0.8438,1221,602,1587,1069
1553,51.85,182,boneka-asli,0.8276,1576,606,1856,1017
1554,51.88,181,boneka-dummy,0.8438,1207,602,1574,1073
1554,51.88,182,boneka-asli,0.8276,1561,609,1847,1022
1555,51.92,181,boneka-dummy,0.8438,1192,604,1557,1074
1555,51.92,182,boneka-asli,0.8276,1545,612,1836,1027
1556,51.95,181,boneka-dummy,0.8438,1179,609,1542,1077
1556,51.95,182,boneka-asli,0.8276,1530,614,1826,1032
1557,51.98,181,boneka-dummy,0.8438,1167,616,1526,1078
1557,51.98,182,boneka-asli,0.8276,1514,616,1817,1040
1558,52.02,181,boneka-dummy,0.8438,1157,622,1512,1079
1558,52.02,182,boneka-asli,0.8276,1502,620,1810,1048
1559,52.05,181,boneka-dummy,0.8438,1147,625,1500,1079
1559,52.05,182,boneka-asli,0.8276,1490,622,1804,1054
1560,52.08,181,boneka-dummy,0.8438,1137,626,1490,1079
1560,52.08,182,boneka-asli,0.8276,1481,623,1798,1058
1561,52.12,181,boneka-dummy,0.8438,1129,628,1481,1079
1561,52.12,182,boneka-asli,0.8276,1473,625,1793,1061
1562,52.15,181,boneka-dummy,0.8438,1121,628,1474,1079
1562,52.15,182,boneka-asli,0.8276,1465,626,1787,1061
1563,52.18,181,boneka-dummy,0.8438,1113,634,1463,1079
1563,52.18,182,boneka-asli,0.8276,1457,626,1781,1062
1564,52.22,181,boneka-dummy,0.8438,1103,633,1454,1079
1564,52.22,182,boneka-asli,0.8276,1449,624,1776,1062
1565,52.25,181,boneka-dummy,0.8438,1091,629,1446,1079
1565,52.25,182,boneka-asli,0.8276,1441,623,1771,1064
1566,52.28,181,boneka-dummy,0.8438,1082,625,1441,1079
1566,52.28,182,boneka-asli,0.8276,1435,621,1767,1063
1567,52.32,181,boneka-dummy,0.8438,1073,622,1435,1079
1567,52.32,182,boneka-asli,0.8276,1426,618,1763,1066
1568,52.35,181,boneka-dummy,0.8438,1062,615,1430,1079
1568,52.35,182,boneka-asli,0.8276,1418,614,1759,1065
1568,52.35,185,boneka-asli,0.5881,1767,895,1919,1076
1569,52.39,181,boneka-dummy,0.8438,1051,608,1425,1079
1569,52.39,182,boneka-asli,0.8276,1413,609,1754,1060
1569,52.39,185,boneka-asli,0.5881,1765,894,1917,1075
1570,52.42,181,boneka-dummy,0.8438,1043,616,1412,1079
1570,52.42,182,boneka-asli,0.8276,1405,607,1747,1057
1571,52.45,181,boneka-dummy,0.8438,1040,632,1399,1079
1571,52.45,182,boneka-asli,0.8276,1397,606,1739,1055
1572,52.49,181,boneka-dummy,0.8438,1028,622,1396,1079
1572,52.49,182,boneka-asli,0.8276,1388,603,1734,1054
1573,52.52,181,boneka-dummy,0.8438,1019,625,1388,1079
1573,52.52,182,boneka-asli,0.8276,1382,598,1730,1052
1574,52.55,181,boneka-dummy,0.8438,1008,620,1382,1079
1574,52.55,182,boneka-asli,0.8276,1376,594,1726,1047
1575,52.59,181,boneka-dummy,0.8438,995,604,1381,1079
1575,52.59,182,boneka-asli,0.8276,1370,588,1723,1042
1576,52.62,181,boneka-dummy,0.8438,983,588,1381,1078
1576,52.62,182,boneka-asli,0.8276,1365,581,1721,1038
1577,52.65,181,boneka-dummy,0.8438,971,574,1378,1078
1577,52.65,182,boneka-asli,0.8276,1360,575,1719,1034
1578,52.69,181,boneka-dummy,0.8438,960,564,1372,1077
1578,52.69,182,boneka-asli,0.8276,1354,571,1717,1033
1579,52.72,181,boneka-dummy,0.8438,950,558,1365,1077
1579,52.72,182,boneka-asli,0.8276,1347,569,1714,1034
1580,52.75,181,boneka-dummy,0.8438,941,556,1357,1077
1580,52.75,182,boneka-asli,0.8276,1340,567,1710,1035
1581,52.79,181,boneka-dummy,0.8438,932,556,1348,1078
1581,52.79,182,boneka-asli,0.8276,1331,566,1707,1039
1581,52.79,185,boneka-asli,0.5881,1742,882,1907,1075
1582,52.82,181,boneka-dummy,0.8438,924,559,1339,1079
1582,52.82,182,boneka-asli,0.8276,1324,567,1704,1044
1582,52.82,185,boneka-asli,0.5881,1729,878,1902,1075
1583,52.85,181,boneka-dummy,0.8438,916,561,1331,1079
1583,52.85,182,boneka-asli,0.8276,1316,567,1702,1052
1583,52.85,185,boneka-asli,0.5881,1723,880,1900,1077
1584,52.89,181,boneka-dummy,0.8438,910,561,1326,1079
1584,52.89,182,boneka-asli,0.8276,1311,567,1702,1057
1584,52.89,185,boneka-asli,0.5881,1720,882,1900,1078
1585,52.92,181,boneka-dummy,0.8438,905,559,1323,1079
1585,52.92,182,boneka-asli,0.8276,1310,565,1701,1057
1585,52.92,185,boneka-asli,0.5881,1716,881,1901,1078
1586,52.95,181,boneka-dummy,0.8438,900,555,1321,1079
1586,52.95,182,boneka-asli,0.8276,1308,564,1700,1055
1586,52.95,185,boneka-asli,0.5881,1710,880,1901,1078
1587,52.99,181,boneka-dummy,0.8438,895,552,1319,1079
1587,52.99,182,boneka-asli,0.8276,1306,563,1698,1053
1587,52.99,185,boneka-asli,0.5881,1706,878,1902,1078
1588,53.02,181,boneka-dummy,0.8438,889,548,1316,1079
1588,53.02,182,boneka-asli,0.8276,1302,560,1696,1051
1588,53.02,185,boneka-asli,0.5881,1701,875,1903,1078
1589,53.05,181,boneka-dummy,0.8438,882,544,1310,1079
1589,53.05,182,boneka-asli,0.8276,1296,558,1691,1048
1590,53.09,181,boneka-dummy,0.8438,872,542,1302,1078
1590,53.09,182,boneka-asli,0.8276,1288,555,1684,1045
1590,53.09,185,boneka-asli,0.5881,1692,870,1901,1076
1591,53.12,181,boneka-dummy,0.8438,862,539,1293,1077
1591,53.12,182,boneka-asli,0.8276,1279,550,1677,1042
1591,53.12,185,boneka-asli,0.5881,1686,867,1899,1072
1592,53.15,181,boneka-dummy,0.8438,849,533,1284,1076
1592,53.15,182,boneka-asli,0.8276,1269,542,1669,1036
1592,53.15,185,boneka-asli,0.5881,1679,864,1896,1068
1593,53.19,181,boneka-dummy,0.8438,837,523,1276,1072
1593,53.19,182,boneka-asli,0.8276,1258,533,1660,1028
1593,53.19,185,boneka-asli,0.5881,1672,859,1893,1062
1594,53.22,181,boneka-dummy,0.8438,825,511,1267,1066
1594,53.22,182,boneka-asli,0.8276,1250,523,1652,1018
1594,53.22,185,boneka-asli,0.5881,1666,853,1891,1053
1595,53.25,181,boneka-dummy,0.8438,812,498,1257,1058
1595,53.25,182,boneka-asli,0.8276,1240,515,1641,1008
1595,53.25,185,boneka-asli,0.5881,1659,848,1886,1044
1596,53.29,181,boneka-dummy,0.8438,801,491,1242,1047
1596,53.29,182,boneka-asli,0.8276,1228,508,1628,998
1596,53.29,185,boneka-asli,0.5881,1652,846,1879,1033
1597,53.32,181,boneka-dummy,0.8438,788,486,1226,1039
1597,53.32,182,boneka-asli,0.8276,1213,503,1613,992
1598,53.35,181,boneka-dummy,0.8438,773,482,1211,1036
1598,53.35,182,boneka-asli,0.8276,1199,498,1599,988
1599,53.39,181,boneka-dummy,0.8438,755,474,1200,1039
1599,53.39,182,boneka-asli,0.8276,1185,493,1588,985
1599,53.39,185,boneka-asli,0.5881,1624,835,1864,1025
1600,53.42,181,boneka-dummy,0.8438,739,466,1185,1034
1600,53.42,182,boneka-asli,0.8276,1170,489,1575,983
1600,53.42,185,boneka-asli,0.5881,1590,826,1865,1041
1601,53.45,181,boneka-dummy,0.8438,724,462,1169,1031
1601,53.45,182,boneka-asli,0.8276,1157,485,1562,979
1602,53.49,181,boneka-dummy,0.8438,708,461,1156,1033
1602,53.49,182,boneka-asli,0.8276,1143,483,1548,975
1602,53.49,185,boneka-asli,0.5881,1558,817,1857,1048
1603,53.52,181,boneka-dummy,0.8438,691,460,1141,1037
1603,53.52,182,boneka-asli,0.8276,1130,482,1536,976
1603,53.52,185,boneka-asli,0.5881,1536,816,1846,1053
1604,53.55,181,boneka-dummy,0.8438,676,463,1124,1039
1604,53.55,182,boneka-asli,0.8276,1116,484,1524,980
1605,53.59,181,boneka-dummy,0.8438,663,467,1110,1043
1605,53.59,182,boneka-asli,0.8276,1102,487,1514,985
1606,53.62,181,boneka-dummy,0.8438,650,471,1097,1048
1606,53.62,182,boneka-asli,0.8276,1088,492,1502,993
1606,53.62,185,boneka-asli,0.5881,1515,830,1816,1057
1607,53.65,181,boneka-dummy,0.8438,637,475,1086,1055
1607,53.65,182,boneka-asli,0.8276,1075,497,1492,1000
1607,53.65,185,boneka-asli,0.5881,1496,838,1796,1061
1608,53.69,181,boneka-dummy,0.8438,623,479,1074,1062
1608,53.69,182,boneka-asli,0.8276,1064,501,1483,1007
1608,53.69,185,boneka-asli,0.5881,1478,842,1779,1063
1609,53.72,181,boneka-dummy,0.8438,610,485,1062,1069
1609,53.72,182,boneka-asli,0.8276,1052,505,1474,1014
1609,53.72,185,boneka-asli,0.5881,1466,849,1764,1064
1610,53.75,181,boneka-dummy,0.8438,597,493,1046,1074
1610,53.75,182,boneka-asli,0.8276,1040,509,1465,1022
1610,53.75,185,boneka-asli,0.5881,1441,848,1746,1067
1610,53.75,188,boneka-dummy,0.5360,8,868,503,1080
1611,53.79,181,boneka-dummy,0.8438,585,501,1032,1077
1611,53.79,182,boneka-asli,0.8276,1028,514,1455,1031
1611,53.79,185,boneka-asli,0.5881,1428,855,1730,1070
1612,53.82,181,boneka-dummy,0.8438,574,507,1018,1078
1612,53.82,182,boneka-asli,0.8276,1015,519,1445,1039
1612,53.82,185,boneka-asli,0.5881,1432,861,1738,1073
1612,53.82,188,boneka-dummy,0.5360,4,869,489,1080
1613,53.85,181,boneka-dummy,0.8438,564,511,1006,1079
1613,53.85,182,boneka-asli,0.8276,1004,523,1434,1045
1613,53.85,185,boneka-asli,0.5881,1424,868,1728,1076
1614,53.89,181,boneka-dummy,0.8438,554,514,996,1079
1614,53.89,182,boneka-asli,0.8276,994,526,1424,1047
1614,53.89,185,boneka-asli,0.5881,1413,873,1717,1077
1614,53.89,188,boneka-dummy,0.5360,2,869,478,1080
1615,53.92,181,boneka-dummy,0.8438,544,515,986,1079
1615,53.92,182,boneka-asli,0.8276,986,527,1414,1046
1615,53.92,185,boneka-asli,0.5881,1404,877,1709,1078
1615,53.92,188,boneka-dummy,0.5360,1,872,465,1080
1616,53.95,181,boneka-dummy,0.8438,535,515,979,1079
1616,53.95,182,boneka-asli,0.8276,979,526,1405,1044
1616,53.95,185,boneka-asli,0.5881,1390,874,1702,1077
1617,53.99,181,boneka-dummy,0.8438,527,514,973,1079
1617,53.99,182,boneka-asli,0.8276,971,526,1397,1043
1617,53.99,185,boneka-asli,0.5881,1381,872,1697,1076
1618,54.02,181,boneka-dummy,0.8438,519,515,966,1079
1618,54.02,182,boneka-asli,0.8276,965,525,1389,1041
1618,54.02,188,boneka-dummy,0.5360,0,869,456,1080
1619,54.05,181,boneka-dummy,0.8438,511,514,959,1079
1619,54.05,182,boneka-asli,0.8276,958,524,1382,1039
1619,54.05,185,boneka-asli,0.5881,1360,867,1685,1076
1620,54.09,181,boneka-dummy,0.8438,503,512,953,1079
1620,54.09,182,boneka-asli,0.8276,951,522,1375,1039
1620,54.09,185,boneka-asli,0.5881,1348,865,1676,1075
1621,54.12,181,boneka-dummy,0.8438,495,511,946,1079
1621,54.12,182,boneka-asli,0.8276,944,521,1369,1039
1621,54.12,185,boneka-asli,0.5881,1330,859,1666,1075
1622,54.15,181,boneka-dummy,0.8438,488,510,940,1079
1622,54.15,182,boneka-asli,0.8276,937,521,1361,1039
1622,54.15,185,boneka-asli,0.5881,1319,857,1656,1074
1623,54.19,181,boneka-dummy,0.8438,480,510,932,1079
1623,54.19,182,boneka-asli,0.8276,930,523,1353,1039
1624,54.22,181,boneka-dummy,0.8438,473,510,925,1079
1624,54.22,182,boneka-asli,0.8276,925,525,1347,1039
1624,54.22,185,boneka-asli,0.5881,1309,855,1649,1075
1625,54.25,181,boneka-dummy,0.8438,468,509,921,1079
1625,54.25,182,boneka-asli,0.8276,922,524,1343,1040
1625,54.25,185,boneka-asli,0.5881,1300,851,1645,1075
1626,54.29,181,boneka-dummy,0.8438,467,507,920,1079
1626,54.29,182,boneka-asli,0.8276,921,523,1341,1037
1627,54.32,181,boneka-dummy,0.8438,466,504,920,1076
1627,54.32,182,boneka-asli,0.8276,919,520,1340,1033
1628,54.35,181,boneka-dummy,0.8438,465,501,919,1075
1628,54.35,182,boneka-asli,0.8276,917,516,1338,1030
1629,54.39,181,boneka-dummy,0.8438,464,499,918,1074
1629,54.39,182,boneka-asli,0.8276,914,514,1336,1029
1629,54.39,185,boneka-asli,0.5881,1315,853,1656,1072
1630,54.42,181,boneka-dummy,0.8438,462,498,915,1072
1630,54.42,182,boneka-asli,0.8276,911,514,1333,1030
1631,54.46,181,boneka-dummy,0.8438,460,498,912,1071
1631,54.46,182,boneka-asli,0.8276,908,514,1330,1029
1632,54.49,181,boneka-dummy,0.8438,457,497,909,1070
1632,54.49,182,boneka-asli,0.8276,904,513,1326,1029
1633,54.52,181,boneka-dummy,0.8438,453,495,906,1070
1633,54.52,182,boneka-asli,0.8276,902,513,1323,1027
1633,54.52,185,boneka-asli,0.5881,1305,860,1640,1072
1634,54.56,181,boneka-dummy,0.8438,450,495,903,1069
1634,54.56,182,boneka-asli,0.8276,899,512,1320,1026
1634,54.56,185,boneka-asli,0.5881,1292,860,1629,1072
1635,54.59,181,boneka-dummy,0.8438,446,494,900,1070
1635,54.59,182,boneka-asli,0.8276,897,513,1316,1025
1635,54.59,185,boneka-asli,0.5881,1286,864,1619,1072
1636,54.62,181,boneka-dummy,0.8438,442,493,899,1072
1636,54.62,182,boneka-asli,0.8276,894,513,1313,1024
1637,54.66,181,boneka-dummy,0.8438,437,494,895,1074
1637,54.66,182,boneka-asli,0.8276,890,513,1310,1026
1637,54.66,185,boneka-asli,0.5881,1279,861,1622,1073
1638,54.69,181,boneka-dummy,0.8438,431,498,889,1076
1638,54.69,182,boneka-asli,0.8276,886,516,1307,1031
1638,54.69,185,boneka-asli,0.5881,1280,864,1625,1074
1639,54.72,181,boneka-dummy,0.8438,427,507,880,1078
1639,54.72,182,boneka-asli,0.8276,880,525,1302,1040
1640,54.76,181,boneka-dummy,0.8438,421,519,868,1079
1640,54.76,182,boneka-asli,0.8276,872,535,1295,1050
1641,54.79,181,boneka-dummy,0.8438,413,527,856,1079
1641,54.79,182,boneka-asli,0.8276,866,544,1289,1059
1642,54.82,181,boneka-dummy,0.8438,406,532,847,1079
1642,54.82,182,boneka-asli,0.8276,858,549,1284,1067
1643,54.86,181,boneka-dummy,0.8438,399,535,841,1079
1643,54.86,182,boneka-asli,0.8276,852,551,1277,1070
1643,54.86,185,boneka-asli,0.5881,1277,883,1604,1076
1644,54.89,181,boneka-dummy,0.8438,393,537,837,1079
1644,54.89,182,boneka-asli,0.8276,848,553,1273,1072
1645,54.92,181,boneka-dummy,0.8438,387,537,833,1079
1645,54.92,182,boneka-asli,0.8276,844,553,1268,1070
1646,54.96,181,boneka-dummy,0.8438,381,536,829,1079
1646,54.96,182,boneka-asli,0.8276,842,553,1264,1068
1647,54.99,181,boneka-dummy,0.8438,375,535,826,1079
1647,54.99,182,boneka-asli,0.8276,838,551,1260,1067
1648,55.02,181,boneka-dummy,0.8438,369,534,822,1079
1648,55.02,182,boneka-asli,0.8276,832,549,1256,1067
1649,55.06,181,boneka-dummy,0.8438,362,530,818,1079
1649,55.06,182,boneka-asli,0.8276,827,547,1251,1065
1649,55.06,185,boneka-asli,0.5881,1233,875,1574,1077
1650,55.09,181,boneka-dummy,0.8438,355,524,817,1079
1650,55.09,182,boneka-asli,0.8276,823,543,1246,1059
1650,55.09,185,boneka-asli,0.5881,1210,869,1560,1077
1651,55.12,181,boneka-dummy,0.8438,348,517,816,1079
1651,55.12,182,boneka-asli,0.8276,818,537,1242,1054
1651,55.12,185,boneka-asli,0.5881,1202,870,1551,1078
1652,55.16,181,boneka-dummy,0.8438,343,513,814,1079
1652,55.16,182,boneka-asli,0.8276,813,531,1239,1050
1653,55.19,181,boneka-dummy,0.8438,340,509,813,1079
1653,55.19,182,boneka-asli,0.8276,811,526,1237,1045
1653,55.19,185,boneka-asli,0.5881,1192,862,1550,1077
1654,55.22,181,boneka-dummy,0.8438,337,506,812,1079
1654,55.22,182,boneka-asli,0.8276,808,523,1235,1042
1654,55.22,185,boneka-asli,0.5881,1186,856,1548,1076
1655,55.26,181,boneka-dummy,0.8438,334,504,812,1079
1655,55.26,182,boneka-asli,0.8276,806,519,1233,1040
1655,55.26,185,boneka-asli,0.5881,1184,851,1546,1073
1656,55.29,181,boneka-dummy,0.8438,331,501,810,1079
1656,55.29,182,boneka-asli,0.8276,804,516,1232,1038
1657,55.32,181,boneka-dummy,0.8438,329,502,807,1079
1657,55.32,182,boneka-asli,0.8276,801,514,1230,1038
1658,55.36,181,boneka-dummy,0.8438,327,505,804,1079
1658,55.36,182,boneka-asli,0.8276,799,515,1227,1038
1658,55.36,185,boneka-asli,0.5881,1171,848,1535,1075
1659,55.39,181,boneka-dummy,0.8438,324,508,800,1079
1659,55.39,182,boneka-asli,0.8276,796,516,1223,1038
1659,55.39,185,boneka-asli,0.5881,1167,846,1530,1077
1660,55.42,181,boneka-dummy,0.8438,322,509,797,1079
1660,55.42,182,boneka-asli,0.8276,794,517,1220,1039
1661,55.46,181,boneka-dummy,0.8438,320,512,793,1079
1661,55.46,182,boneka-asli,0.8276,791,518,1218,1040
1662,55.49,181,boneka-dummy,0.8438,317,513,790,1079
1662,55.49,182,boneka-asli,0.8276,788,520,1215,1043
1663,55.52,181,boneka-dummy,0.8438,313,517,785,1079
1663,55.52,182,boneka-asli,0.8276,785,523,1212,1046
1663,55.52,185,boneka-asli,0.5881,1172,853,1524,1076
1664,55.56,181,boneka-dummy,0.8438,310,521,780,1079
1664,55.56,182,boneka-asli,0.8276,781,527,1210,1053
1664,55.56,185,boneka-asli,0.5881,1180,860,1524,1076
1665,55.59,181,boneka-dummy,0.8438,306,526,774,1079
1665,55.59,182,boneka-asli,0.8276,778,534,1206,1059
1665,55.59,185,boneka-asli,0.5881,1175,862,1516,1076
1666,55.62,181,boneka-dummy,0.8438,301,530,768,1079
1666,55.62,182,boneka-asli,0.8276,774,539,1203,1064
1666,55.62,185,boneka-asli,0.5881,1167,864,1505,1077
1667,55.66,181,boneka-dummy,0.8438,295,531,763,1079
1667,55.66,182,boneka-asli,0.8276,769,539,1198,1065
1667,55.66,185,boneka-asli,0.5881,1171,866,1509,1076
1668,55.69,181,boneka-dummy,0.8438,286,525,761,1079
1668,55.69,182,boneka-asli,0.8276,764,533,1193,1059
1668,55.69,185,boneka-asli,0.5881,1162,860,1508,1076
1669,55.72,181,boneka-dummy,0.8438,278,517,761,1079
1669,55.72,182,boneka-asli,0.8276,760,525,1188,1051
1669,55.72,185,boneka-asli,0.5881,1155,856,1506,1075
1670,55.76,181,boneka-dummy,0.8438,272,509,761,1079
1670,55.76,182,boneka-asli,0.8276,756,518,1184,1044
1670,55.76,185,boneka-asli,0.5881,1148,850,1505,1074
1671,55.79,181,boneka-dummy,0.8438,264,503,758,1079
1671,55.79,182,boneka-asli,0.8276,752,513,1181,1040
1671,55.79,185,boneka-asli,0.5881,1147,850,1502,1073
1672,55.82,181,boneka-dummy,0.8438,258,500,753,1079
1672,55.82,182,boneka-asli,0.8276,748,511,1176,1037
1672,55.82,185,boneka-asli,0.5881,1145,851,1495,1071
1673,55.86,181,boneka-dummy,0.8438,252,500,748,1079
1673,55.86,182,boneka-asli,0.8276,744,511,1172,1037
1674,55.89,181,boneka-dummy,0.8438,247,499,742,1079
1674,55.89,182,boneka-asli,0.8276,740,510,1166,1035
1674,55.89,185,boneka-asli,0.5881,1132,849,1481,1069
1675,55.92,181,boneka-dummy,0.8438,240,496,737,1079
1675,55.92,182,boneka-asli,0.8276,735,508,1161,1032
1675,55.92,185,boneka-asli,0.5881,1124,849,1469,1068
1676,55.96,181,boneka-dummy,0.8438,233,491,734,1079
1676,55.96,182,boneka-asli,0.8276,729,505,1155,1028
1677,55.99,181,boneka-dummy,0.8438,226,485,730,1079
1677,55.99,182,boneka-asli,0.8276,722,502,1147,1023
1678,56.02,181,boneka-dummy,0.8438,217,476,727,1079
1678,56.02,182,boneka-asli,0.8276,716,497,1139,1015
1678,56.02,185,boneka-asli,0.5881,1109,842,1460,1066
1679,56.06,181,boneka-dummy,0.8438,208,468,723,1079
1679,56.06,182,boneka-asli,0.8276,710,493,1131,1007
1680,56.09,181,boneka-dummy,0.8438,198,462,715,1079
1680,56.09,182,boneka-asli,0.8276,702,489,1123,1001
1681,56.12,181,boneka-dummy,0.8438,189,459,706,1078
1681,56.12,182,boneka-asli,0.8276,693,485,1113,996
1682,56.16,181,boneka-dummy,0.8438,180,455,696,1074
1682,56.16,182,boneka-asli,0.8276,683,482,1104,993
1682,56.16,185,boneka-asli,0.5881,1075,830,1449,1072
1683,56.19,181,boneka-dummy,0.8438,171,452,685,1071
1683,56.19,182,boneka-asli,0.8276,674,478,1096,990
1684,56.22,181,boneka-dummy,0.8438,162,447,676,1068
1684,56.22,182,boneka-asli,0.8276,665,475,1087,988
1685,56.26,181,boneka-dummy,0.8438,153,441,667,1066
1685,56.26,182,boneka-asli,0.8276,658,468,1078,979
1686,56.29,181,boneka-dummy,0.8438,139,436,659,1070
1686,56.29,182,boneka-asli,0.8276,650,460,1068,969
1687,56.32,181,boneka-dummy,0.8438,129,429,647,1062
1687,56.32,182,boneka-asli,0.8276,637,449,1058,961
1688,56.36,181,boneka-dummy,0.8438,121,422,632,1049
1688,56.36,182,boneka-asli,0.8276,623,437,1047,954
1688,56.36,185,boneka-asli,0.5881,1005,798,1400,1065
1689,56.39,181,boneka-dummy,0.8438,103,415,624,1057
1689,56.39,182,boneka-asli,0.8276,611,427,1033,942
1690,56.42,181,boneka-dummy,0.8438,84,410,607,1058
1690,56.42,182,boneka-asli,0.8276,593,419,1014,934
1691,56.46,181,boneka-dummy,0.8438,52,408,580,1065
1691,56.46,182,boneka-asli,0.8276,570,417,988,929
1692,56.49,181,boneka-dummy,0.8438,26,409,550,1070
1692,56.49,182,boneka-asli,0.8276,535,419,952,930
1693,56.53,181,boneka-dummy,0.8438,13,415,515,1069
1693,56.53,182,boneka-asli,0.8276,495,425,912,934
1694,56.56,181,boneka-dummy,0.8438,6,423,481,1072
1694,56.56,182,boneka-asli,0.8276,450,435,865,942
1695,56.59,181,boneka-dummy,0.8438,3,430,446,1075
1695,56.59,182,boneka-asli,0.8276,401,446,817,951
1696,56.63,181,boneka-dummy,0.8438,1,460,404,1077
1696,56.63,182,boneka-asli,0.8276,349,458,768,965
1697,56.66,181,boneka-dummy,0.8438,0,521,350,1078
1697,56.66,182,boneka-asli,0.8276,296,469,721,982
1698,56.69,181,boneka-dummy,0.8438,0,575,297,1079
1698,56.69,182,boneka-asli,0.8276,240,481,671,1000
1699,56.73,182,boneka-asli,0.8276,184,491,622,1017
1700,56.76,182,boneka-asli,0.8276,126,502,573,1038
1701,56.79,182,boneka-asli,0.8276,70,516,523,1056
1702,56.83,182,boneka-asli,0.8276,35,534,475,1068
1703,56.86,182,boneka-asli,0.8276,17,550,432,1074
1704,56.89,182,boneka-asli,0.8276,8,569,387,1077
1705,56.93,182,boneka-asli,0.8276,4,588,343,1078
1773,59.20,197,boneka-dummy,0.6133,1226,865,1920,1080
1774,59.23,197,boneka-dummy,0.6133,1215,859,1920,1080
1775,59.26,197,boneka-dummy,0.6133,1221,856,1920,1080
1777,59.33,197,boneka-dummy,0.6133,1332,878,1920,1079
1779,59.40,197,boneka-dummy,0.6133,1325,857,1920,1079
1779,59.40,201,boneka-asli,0.7473,1035,760,1813,1080
1780,59.43,201,boneka-asli,0.7473,1012,753,1804,1080
1781,59.46,197,boneka-dummy,0.6133,1303,840,1920,1079
1781,59.46,201,boneka-asli,0.7473,989,749,1786,1080
1782,59.50,201,boneka-asli,0.7473,979,746,1777,1080
1783,59.53,197,boneka-dummy,0.6133,1280,831,1920,1077
1783,59.53,201,boneka-asli,0.7473,964,744,1756,1080
1784,59.56,201,boneka-asli,0.7473,953,745,1731,1080
1785,59.60,201,boneka-asli,0.7473,950,747,1707,1080
1786,59.63,201,boneka-asli,0.7473,951,745,1698,1080
1787,59.66,201,boneka-asli,0.7473,951,736,1700,1080
1788,59.70,201,boneka-asli,0.7473,949,726,1698,1080
1789,59.73,201,boneka-asli,0.7473,967,714,1729,1080
1790,59.76,201,boneka-asli,0.7473,975,698,1757,1080
1791,59.80,201,boneka-asli,0.7473,973,679,1778,1080
1792,59.83,201,boneka-asli,0.7473,956,649,1803,1080
1793,59.86,201,boneka-asli,0.7473,937,614,1829,1080
1794,59.90,201,boneka-asli,0.7473,917,573,1859,1080
1795,59.93,201,boneka-asli,0.7473,894,529,1884,1080
1796,59.96,201,boneka-asli,0.7473,871,489,1892,1080
1797,60.00,201,boneka-asli,0.7473,844,455,1884,1080
1798,60.03,201,boneka-asli,0.7473,824,427,1867,1080
1799,60.06,201,boneka-asli,0.7473,806,405,1842,1080
1800,60.10,201,boneka-asli,0.7473,792,389,1812,1080
1800,60.10,204,boneka-dummy,0.6750,12,703,575,1080
1801,60.13,201,boneka-asli,0.7473,781,378,1777,1080
1802,60.16,201,boneka-asli,0.7473,771,373,1738,1080
1803,60.20,201,boneka-asli,0.7473,759,368,1699,1080
1804,60.23,201,boneka-asli,0.7473,748,363,1664,1080
1805,60.26,201,boneka-asli,0.7473,734,352,1633,1080
1806,60.30,201,boneka-asli,0.7473,729,345,1607,1080
1807,60.33,201,boneka-asli,0.7473,714,336,1576,1080
1808,60.36,201,boneka-asli,0.7473,710,356,1530,1080
1809,60.40,201,boneka-asli,0.7473,717,398,1479,1080
1809,60.40,204,boneka-dummy,0.6750,6,683,501,1026
1810,60.43,201,boneka-asli,0.7473,690,369,1465,1078
1810,60.43,204,boneka-dummy,0.6750,3,663,507,1038
1811,60.46,201,boneka-asli,0.7473,659,330,1452,1073
1811,60.46,204,boneka-dummy,0.6750,1,643,520,1054
1812,60.50,201,boneka-asli,0.7473,636,294,1434,1059
1812,60.50,204,boneka-dummy,0.6750,0,625,517,1065
1813,60.53,201,boneka-asli,0.7473,622,263,1416,1042
1813,60.53,204,boneka-dummy,0.6750,0,609,506,1072
1814,60.56,201,boneka-asli,0.7473,612,241,1397,1029
1814,60.56,204,boneka-dummy,0.6750,0,598,503,1076
1815,60.60,201,boneka-asli,0.7473,605,230,1376,1020
1815,60.60,204,boneka-dummy,0.6750,0,591,502,1078
1816,60.63,201,boneka-asli,0.7473,602,229,1356,1017
1816,60.63,204,boneka-dummy,0.6750,0,588,496,1079
1817,60.67,201,boneka-asli,0.7473,603,235,1338,1017
1817,60.67,204,boneka-dummy,0.6750,0,588,491,1079
1818,60.70,201,boneka-asli,0.7473,605,249,1319,1021
1818,60.70,204,boneka-dummy,0.6750,0,590,479,1079
1819,60.73,201,boneka-asli,0.7473,602,261,1301,1029
1819,60.73,204,boneka-dummy,0.6750,0,593,467,1079
1820,60.77,201,boneka-asli,0.7473,594,275,1284,1043
1820,60.77,204,boneka-dummy,0.6750,0,599,462,1079
1821,60.80,201,boneka-asli,0.7473,588,305,1260,1058
1821,60.80,204,boneka-dummy,0.6750,0,609,457,1079
1822,60.83,201,boneka-asli,0.7473,581,323,1242,1068
1822,60.83,204,boneka-dummy,0.6750,0,616,448,1079
1823,60.87,201,boneka-asli,0.7473,581,349,1222,1074
1824,60.90,201,boneka-asli,0.7473,579,370,1206,1077
1824,60.90,204,boneka-dummy,0.6750,0,628,434,1079
1825,60.93,201,boneka-asli,0.7473,577,381,1197,1078
1826,60.97,201,boneka-asli,0.7473,577,395,1189,1079
1826,60.97,204,boneka-dummy,0.6750,0,639,417,1079
1827,61.00,201,boneka-asli,0.7473,576,400,1187,1079
1827,61.00,204,boneka-dummy,0.6750,0,641,405,1079
1828,61.03,201,boneka-asli,0.7473,572,394,1190,1079
1828,61.03,204,boneka-dummy,0.6750,0,637,400,1079
1829,61.07,201,boneka-asli,0.7473,571,395,1190,1079
1829,61.07,204,boneka-dummy,0.6750,0,627,404,1079
1830,61.10,201,boneka-asli,0.7473,558,363,1203,1078
1830,61.10,204,boneka-dummy,0.6750,0,620,407,1079
1831,61.13,201,boneka-asli,0.7473,549,330,1218,1075
1831,61.13,204,boneka-dummy,0.6750,0,615,413,1079
1832,61.17,201,boneka-asli,0.7473,552,306,1231,1069
1832,61.17,204,boneka-dummy,0.6750,0,611,400,1079
1833,61.20,201,boneka-asli,0.7473,559,290,1241,1061
1833,61.20,204,boneka-dummy,0.6750,0,607,386,1079
1834,61.23,201,boneka-asli,0.7473,570,276,1252,1053
1834,61.23,204,boneka-dummy,0.6750,0,604,382,1079
1835,61.27,201,boneka-asli,0.7473,583,266,1263,1045
1835,61.27,204,boneka-dummy,0.6750,0,601,387,1079
1836,61.30,201,boneka-asli,0.7473,598,259,1275,1041
1837,61.33,201,boneka-asli,0.7473,614,256,1287,1038
1838,61.37,201,boneka-asli,0.7473,633,256,1298,1034
1838,61.37,204,boneka-dummy,0.6750,9,596,418,1079
1839,61.40,201,boneka-asli,0.7473,650,253,1311,1030
1840,61.43,201,boneka-asli,0.7473,670,251,1327,1027
1841,61.47,201,boneka-asli,0.7473,695,250,1349,1025
1842,61.50,201,boneka-asli,0.7473,728,252,1375,1022
1843,61.53,201,boneka-asli,0.7473,770,251,1410,1016
1843,61.53,204,boneka-dummy,0.6750,37,588,469,1076
1844,61.57,201,boneka-asli,0.7473,814,246,1448,1007
1844,61.57,204,boneka-dummy,0.6750,53,581,502,1068
1845,61.60,201,boneka-asli,0.7473,857,237,1487,994
1845,61.60,204,boneka-dummy,0.6750,71,572,544,1070
1846,61.63,201,boneka-asli,0.7473,900,226,1526,980
1847,61.67,201,boneka-asli,0.7473,940,206,1565,960
1848,61.70,201,boneka-asli,0.7473,979,182,1606,940
1849,61.73,201,boneka-asli,0.7473,1018,159,1643,917
1850,61.77,201,boneka-asli,0.7473,1058,138,1681,893
1851,61.80,201,boneka-asli,0.7473,1094,115,1718,871
1852,61.83,201,boneka-asli,0.7473,1133,93,1757,851
1853,61.87,201,boneka-asli,0.7473,1172,74,1797,832
1854,61.90,201,boneka-asli,0.7473,1213,61,1835,816
1855,61.93,201,boneka-asli,0.7473,1249,50,1871,803
1856,61.97,201,boneka-asli,0.7473,1283,44,1895,794
1857,62.00,201,boneka-asli,0.7473,1308,37,1907,790
1858,62.03,201,boneka-asli,0.7473,1340,34,1913,786
1859,62.07,201,boneka-asli,0.7473,1369,25,1916,782
1860,62.10,201,boneka-asli,0.7473,1406,18,1918,779
1861,62.13,201,boneka-asli,0.7473,1473,60,1919,775
1876,62.63,208,boneka-asli,0.8339,296,697,736,1080
1876,62.63,209,boneka-dummy,0.8067,67,865,389,1080
1877,62.67,208,boneka-asli,0.8339,327,692,772,1080
1877,62.67,209,boneka-dummy,0.8067,100,856,437,1080
1878,62.70,208,boneka-asli,0.8339,382,682,833,1076
1878,62.70,209,boneka-dummy,0.8067,143,839,504,1080
1879,62.74,208,boneka-asli,0.8339,436,672,888,1069
1879,62.74,209,boneka-dummy,0.8067,193,819,582,1080
1880,62.77,208,boneka-asli,0.8339,490,660,940,1059
1880,62.77,209,boneka-dummy,0.8067,244,800,660,1080
1881,62.80,208,boneka-asli,0.8339,542,649,986,1047
1881,62.80,209,boneka-dummy,0.8067,288,780,729,1080
1882,62.84,208,boneka-asli,0.8339,591,638,1029,1035
1882,62.84,209,boneka-dummy,0.8067,326,765,783,1080
1883,62.87,208,boneka-asli,0.8339,636,628,1065,1022
1883,62.87,209,boneka-dummy,0.8067,358,748,832,1080
1884,62.90,208,boneka-asli,0.8339,680,620,1101,1012
1884,62.90,209,boneka-dummy,0.8067,387,730,877,1080
1885,62.94,208,boneka-asli,0.8339,721,612,1133,1001
1885,62.94,209,boneka-dummy,0.8067,424,728,909,1080
1886,62.97,208,boneka-asli,0.8339,757,604,1161,990
1886,62.97,209,boneka-dummy,0.8067,448,710,945,1080
1887,63.00,208,boneka-asli,0.8339,791,595,1185,979
1887,63.00,209,boneka-dummy,0.8067,470,691,980,1080
1888,63.04,208,boneka-asli,0.8339,816,584,1205,969
1888,63.04,209,boneka-dummy,0.8067,491,679,1003,1080
1889,63.07,208,boneka-asli,0.8339,840,573,1223,957
1889,63.07,209,boneka-dummy,0.8067,507,660,1025,1078
1890,63.10,208,boneka-asli,0.8339,864,559,1240,943
1890,63.10,209,boneka-dummy,0.8067,523,640,1042,1071
1891,63.14,208,boneka-asli,0.8339,880,542,1251,929
1891,63.14,209,boneka-dummy,0.8067,543,619,1050,1052
1892,63.17,208,boneka-asli,0.8339,898,526,1264,913
1892,63.17,209,boneka-dummy,0.8067,557,597,1061,1041
1893,63.20,208,boneka-asli,0.8339,918,509,1278,897
1893,63.20,209,boneka-dummy,0.8067,573,574,1068,1022
1894,63.24,208,boneka-asli,0.8339,931,493,1286,881
1894,63.24,209,boneka-dummy,0.8067,593,555,1071,998
1895,63.27,208,boneka-asli,0.8339,948,480,1294,866
1895,63.27,209,boneka-dummy,0.8067,612,539,1073,976
1896,63.30,208,boneka-asli,0.8339,963,467,1304,852
1896,63.30,209,boneka-dummy,0.8067,631,524,1073,952
1897,63.34,208,boneka-asli,0.8339,980,455,1313,837
1897,63.34,209,boneka-dummy,0.8067,650,507,1078,931
1898,63.37,208,boneka-asli,0.8339,994,441,1323,822
1898,63.37,209,boneka-dummy,0.8067,673,506,1080,916
1899,63.40,208,boneka-asli,0.8339,1010,429,1334,809
1899,63.40,209,boneka-dummy,0.8067,689,489,1086,897
1900,63.44,208,boneka-asli,0.8339,1027,416,1347,794
1900,63.44,209,boneka-dummy,0.8067,704,468,1097,878
1901,63.47,208,boneka-asli,0.8339,1041,402,1357,779
1901,63.47,209,boneka-dummy,0.8067,720,447,1105,856
1902,63.50,208,boneka-asli,0.8339,1051,389,1364,767
1902,63.50,209,boneka-dummy,0.8067,735,431,1113,839
1903,63.54,208,boneka-asli,0.8339,1064,378,1374,755
1903,63.54,209,boneka-dummy,0.8067,748,414,1121,823
1904,63.57,208,boneka-asli,0.8339,1077,366,1384,742
1904,63.57,209,boneka-dummy,0.8067,759,404,1127,813
1904,63.57,215,boneka-asli,0.5587,1227,799,1578,1015
1905,63.60,208,boneka-asli,0.8339,1090,356,1394,730
1905,63.60,209,boneka-dummy,0.8067,779,414,1124,799
1906,63.64,208,boneka-asli,0.8339,1099,346,1403,722
1906,63.64,209,boneka-dummy,0.8067,798,431,1120,787
1907,63.67,208,boneka-asli,0.8339,1108,338,1410,714
1907,63.67,209,boneka-dummy,0.8067,803,411,1131,776
1908,63.70,208,boneka-asli,0.8339,1115,331,1417,710
1908,63.70,209,boneka-dummy,0.8067,805,387,1143,767
1908,63.70,215,boneka-asli,0.5587,1246,787,1593,1001
1908,63.70,218,boneka-asli,0.5930,778,713,1391,1080
1909,63.74,208,boneka-asli,0.8339,1122,327,1423,705
1909,63.74,209,boneka-dummy,0.8067,808,369,1153,762
1909,63.74,215,boneka-asli,0.5587,1252,779,1599,993
1909,63.74,218,boneka-asli,0.5930,777,711,1393,1080
1910,63.77,208,boneka-asli,0.8339,1129,323,1428,700
1910,63.77,209,boneka-dummy,0.8067,820,381,1151,759
1910,63.77,218,boneka-asli,0.5930,775,709,1394,1080
1911,63.80,208,boneka-asli,0.8339,1134,318,1433,696
1911,63.80,209,boneka-dummy,0.8067,825,381,1153,756
1911,63.80,218,boneka-asli,0.5930,770,707,1391,1080
1912,63.84,208,boneka-asli,0.8339,1138,314,1436,693
1912,63.84,209,boneka-dummy,0.8067,823,364,1161,752
1912,63.84,218,boneka-asli,0.5930,765,703,1390,1080
1913,63.87,208,boneka-asli,0.8339,1142,311,1439,690
1913,63.87,209,boneka-dummy,0.8067,828,367,1159,748
1913,63.87,218,boneka-asli,0.5930,769,701,1394,1080
1914,63.90,208,boneka-asli,0.8339,1147,308,1443,686
1914,63.90,209,boneka-dummy,0.8067,835,380,1154,746
1914,63.90,215,boneka-asli,0.5587,1242,770,1594,985
1914,63.90,218,boneka-asli,0.5930,764,693,1396,1080
1914,63.90,221,boneka-asli,0.5790,9,686,486,1080
1915,63.94,208,boneka-asli,0.8339,1151,306,1445,682
1915,63.94,209,boneka-dummy,0.8067,843,392,1149,741
1915,63.94,215,boneka-asli,0.5587,1233,764,1594,982
1915,63.94,221,boneka-asli,0.5790,15,687,491,1080
1916,63.97,208,boneka-asli,0.8339,1153,304,1447,680
1916,63.97,209,boneka-dummy,0.8067,842,385,1151,735
1916,63.97,221,boneka-asli,0.5790,19,683,499,1080
1917,64.00,208,boneka-asli,0.8339,1154,302,1447,678
1917,64.00,209,boneka-dummy,0.8067,845,391,1147,731
1918,64.04,208,boneka-asli,0.8339,1152,301,1446,676
1918,64.04,209,boneka-dummy,0.8067,844,398,1142,730
1919,64.07,208,boneka-asli,0.8339,1147,300,1441,675
1919,64.07,209,boneka-dummy,0.8067,831,372,1149,728
1920,64.10,208,boneka-asli,0.8339,1140,300,1436,676
1920,64.10,209,boneka-dummy,0.8067,817,349,1151,726
1920,64.10,215,boneka-asli,0.5587,1219,764,1583,981
1920,64.10,218,boneka-asli,0.5930,756,690,1389,1079
1921,64.14,208,boneka-asli,0.8339,1133,301,1429,678
1921,64.14,209,boneka-dummy,0.8067,805,333,1149,724
1921,64.14,215,boneka-asli,0.5587,1209,766,1577,984
1922,64.17,208,boneka-asli,0.8339,1125,302,1423,680
1922,64.17,209,boneka-dummy,0.8067,805,354,1132,724
1922,64.17,215,boneka-asli,0.5587,1201,768,1571,988
1922,64.17,218,boneka-asli,0.5930,721,684,1351,1079
1922,64.17,221,boneka-asli,0.5790,85,656,609,1079
1923,64.20,208,boneka-asli,0.8339,1117,304,1415,680
1923,64.20,209,boneka-dummy,0.8067,802,372,1116,725
1923,64.20,218,boneka-asli,0.5930,691,678,1314,1079
1923,64.20,221,boneka-asli,0.5790,124,641,679,1079
1924,64.24,208,boneka-asli,0.8339,1108,304,1407,682
1924,64.24,209,boneka-dummy,0.8067,791,370,1107,725
1924,64.24,215,boneka-asli,0.5587,1188,770,1558,990
1925,64.27,208,boneka-asli,0.8339,1097,304,1397,683
1925,64.27,209,boneka-dummy,0.8067,774,352,1104,725
1925,64.27,215,boneka-asli,0.5587,1168,770,1539,989
1925,64.27,221,boneka-asli,0.5790,232,715,704,1079
1926,64.30,208,boneka-asli,0.8339,1085,303,1386,683
1926,64.30,209,boneka-dummy,0.8067,762,335,1102,725
1926,64.30,221,boneka-asli,0.5790,284,774,687,1079
1927,64.34,208,boneka-asli,0.8339,1072,302,1374,682
1927,64.34,209,boneka-dummy,0.8067,752,344,1084,725
1927,64.34,215,boneka-asli,0.5587,1127,768,1502,986
1927,64.34,221,boneka-asli,0.5790,309,807,677,1079
1927,64.34,227,boneka-asli,0.6228,10,607,776,1080
1928,64.37,208,boneka-asli,0.8339,1057,303,1359,684
1928,64.37,209,boneka-dummy,0.8067,746,367,1060,726
1928,64.37,218,boneka-asli,0.5930,643,675,1254,1079
1928,64.37,227,boneka-asli,0.6228,12,613,767,1080
1929,64.40,208,boneka-asli,0.8339,1042,310,1341,687
1929,64.40,209,boneka-dummy,0.8067,735,388,1036,729
1930,64.44,208,boneka-asli,0.8339,1026,315,1325,692
1930,64.44,209,boneka-dummy,0.8067,707,377,1028,739
1931,64.47,208,boneka-asli,0.8339,1008,322,1307,700
1931,64.47,209,boneka-dummy,0.8067,680,363,1019,748
1932,64.50,208,boneka-asli,0.8339,989,332,1288,709
1932,64.50,209,boneka-dummy,0.8067,653,355,1006,759
1933,64.54,208,boneka-asli,0.8339,968,343,1266,718
1933,64.54,209,boneka-dummy,0.8067,630,356,987,767
1934,64.57,208,boneka-asli,0.8339,947,351,1247,729
1934,64.57,209,boneka-dummy,0.8067,607,359,968,779
1935,64.60,208,boneka-asli,0.8339,928,359,1228,737
1935,64.60,209,boneka-dummy,0.8067,585,364,950,792
1936,64.64,208,boneka-asli,0.8339,911,365,1210,743
1936,64.64,209,boneka-dummy,0.8067,567,368,931,799
1937,64.67,208,boneka-asli,0.8339,895,370,1192,746
1937,64.67,209,boneka-dummy,0.8067,551,374,912,804
1937,64.67,227,boneka-asli,0.6228,6,651,681,1080
1938,64.70,208,boneka-asli,0.8339,879,373,1175,749
1938,64.70,209,boneka-dummy,0.8067,539,386,891,808
1938,64.70,227,boneka-asli,0.6228,3,671,625,1080
1939,64.74,208,boneka-asli,0.8339,864,375,1160,751
1939,64.74,209,boneka-dummy,0.8067,526,394,872,810
1939,64.74,227,boneka-asli,0.6228,1,686,593,1080
1940,64.77,208,boneka-asli,0.8339,850,376,1145,752
1940,64.77,209,boneka-dummy,0.8067,512,394,858,811
1940,64.77,227,boneka-asli,0.6228,0,691,570,1080
1941,64.81,208,boneka-asli,0.8339,836,377,1130,752
1941,64.81,209,boneka-dummy,0.8067,503,409,838,811
1941,64.81,227,boneka-asli,0.6228,0,696,548,1080
1942,64.84,208,boneka-asli,0.8339,824,377,1116,751
1942,64.84,209,boneka-dummy,0.8067,492,414,823,811
1942,64.84,227,boneka-asli,0.6228,0,705,532,1080
1943,64.87,208,boneka-asli,0.8339,812,378,1103,750
1943,64.87,209,boneka-dummy,0.8067,489,439,801,809
1944,64.91,208,boneka-asli,0.8339,801,379,1091,748
1944,64.91,209,boneka-dummy,0.8067,480,447,787,807
1945,64.94,208,boneka-asli,0.8339,790,381,1078,748
1945,64.94,209,boneka-dummy,0.8067,461,432,782,807
1945,64.94,227,boneka-asli,0.6228,0,706,515,1080
1946,64.97,208,boneka-asli,0.8339,779,383,1068,752
1946,64.97,209,boneka-dummy,0.8067,443,419,776,808
1947,65.01,208,boneka-asli,0.8339,769,385,1060,756
1947,65.01,209,boneka-dummy,0.8067,430,411,770,811
1948,65.04,208,boneka-asli,0.8339,762,386,1055,759
1948,65.04,209,boneka-dummy,0.8067,421,408,766,813
1948,65.04,231,boneka-asli,0.6168,999,620,1303,808
1949,65.07,208,boneka-asli,0.8339,758,389,1050,762
1949,65.07,209,boneka-dummy,0.8067,416,407,763,816
1950,65.11,208,boneka-asli,0.8339,756,392,1048,765
1950,65.11,209,boneka-dummy,0.8067,415,412,760,820
1951,65.14,208,boneka-asli,0.8339,756,393,1047,766
1951,65.14,209,boneka-dummy,0.8067,415,412,760,820
1951,65.14,227,boneka-asli,0.6228,0,716,494,1080
1951,65.14,231,boneka-asli,0.6168,991,624,1292,811
1952,65.17,208,boneka-asli,0.8339,756,391,1046,764
1952,65.17,209,boneka-dummy,0.8067,416,411,759,818
1952,65.17,227,boneka-asli,0.6228,0,716,488,1080
1952,65.17,231,boneka-asli,0.6168,996,623,1293,808
1952,65.17,232,boneka-asli,0.6106,1217,737,1815,1080
1953,65.21,208,boneka-asli,0.8339,756,388,1045,761
1953,65.21,209,boneka-dummy,0.8067,417,407,760,816
1953,65.21,227,boneka-asli,0.6228,0,714,485,1080
1953,65.21,231,boneka-asli,0.6168,1001,621,1292,804
1953,65.21,232,boneka-asli,0.6106,1193,733,1798,1080
1954,65.24,208,boneka-asli,0.8339,757,384,1044,755
1954,65.24,209,boneka-dummy,0.8067,428,432,751,813
1954,65.24,227,boneka-asli,0.6228,0,721,477,1080
1954,65.24,231,boneka-asli,0.6168,1005,619,1286,798
1954,65.24,232,boneka-asli,0.6106,1180,727,1793,1080
1955,65.27,208,boneka-asli,0.8339,759,380,1043,747
1955,65.27,209,boneka-dummy,0.8067,429,423,755,807
1955,65.27,227,boneka-asli,0.6228,0,711,479,1080
1955,65.27,231,boneka-asli,0.6168,1000,615,1276,794
1955,65.27,232,boneka-asli,0.6106,1171,724,1787,1080
1956,65.31,208,boneka-asli,0.8339,763,375,1043,739
1956,65.31,209,boneka-dummy,0.8067,429,407,760,799
1956,65.31,227,boneka-asli,0.6228,0,699,483,1080
1957,65.34,208,boneka-asli,0.8339,766,368,1046,731
1957,65.34,209,boneka-dummy,0.8067,428,389,766,791
1957,65.34,227,boneka-asli,0.6228,0,677,491,1080
1958,65.37,208,boneka-asli,0.8339,770,360,1051,724
1958,65.37,209,boneka-dummy,0.8067,430,375,772,783
1958,65.37,227,boneka-asli,0.6228,0,666,492,1080
1959,65.41,208,boneka-asli,0.8339,774,353,1055,716
1959,65.41,209,boneka-dummy,0.8067,436,363,778,774
1959,65.41,227,boneka-asli,0.6228,0,668,487,1080
1960,65.44,208,boneka-asli,0.8339,779,347,1059,710
1960,65.44,209,boneka-dummy,0.8067,442,357,783,767
1960,65.44,227,boneka-asli,0.6228,0,682,478,1080
1961,65.47,208,boneka-asli,0.8339,782,344,1064,709
1961,65.47,209,boneka-dummy,0.8067,447,353,786,764
1961,65.47,227,boneka-asli,0.6228,0,694,472,1080
1962,65.51,208,boneka-asli,0.8339,785,345,1067,710
1962,65.51,209,boneka-dummy,0.8067,451,351,790,764
1962,65.51,227,boneka-asli,0.6228,4,711,462,1080
1963,65.54,208,boneka-asli,0.8339,788,346,1071,713
1963,65.54,209,boneka-dummy,0.8067,455,354,793,765
1963,65.54,227,boneka-asli,0.6228,2,709,464,1080
1964,65.57,208,boneka-asli,0.8339,791,349,1074,715
1964,65.57,209,boneka-dummy,0.8067,466,371,791,766
1964,65.57,227,boneka-asli,0.6228,1,696,470,1080
1965,65.61,208,boneka-asli,0.8339,797,353,1079,718
1965,65.61,209,boneka-dummy,0.8067,476,388,792,769
1965,65.61,227,boneka-asli,0.6228,2,696,477,1080
1966,65.64,208,boneka-asli,0.8339,805,359,1085,721
1966,65.64,209,boneka-dummy,0.8067,481,391,799,774
1966,65.64,227,boneka-asli,0.6228,3,696,483,1080
1966,65.64,232,boneka-asli,0.6106,1211,724,1826,1079
1967,65.67,208,boneka-asli,0.8339,812,364,1091,724
1967,65.67,209,boneka-dummy,0.8067,493,414,799,779
1967,65.67,227,boneka-asli,0.6228,2,689,492,1080
1968,65.71,208,boneka-asli,0.8339,820,369,1098,729
1968,65.71,209,boneka-dummy,0.8067,505,430,803,781
1968,65.71,227,boneka-asli,0.6228,4,686,500,1080
1969,65.74,208,boneka-asli,0.8339,829,372,1107,730
1969,65.74,209,boneka-dummy,0.8067,515,436,812,782
1969,65.74,227,boneka-asli,0.6228,10,684,512,1080
1969,65.74,232,boneka-asli,0.6106,1248,724,1867,1079
1970,65.77,208,boneka-asli,0.8339,838,373,1116,731
1970,65.77,209,boneka-dummy,0.8067,530,447,820,781
1971,65.81,208,boneka-asli,0.8339,848,375,1127,734
1971,65.81,209,boneka-dummy,0.8067,542,452,830,781
1971,65.81,227,boneka-asli,0.6228,16,682,525,1079
1972,65.84,208,boneka-asli,0.8339,855,378,1134,738
1972,65.84,209,boneka-dummy,0.8067,547,447,843,781
1972,65.84,227,boneka-asli,0.6228,19,681,532,1079
1972,65.84,232,boneka-asli,0.6106,1284,727,1893,1079
1973,65.87,208,boneka-asli,0.8339,862,381,1140,741
1973,65.87,209,boneka-dummy,0.8067,553,451,850,784
1973,65.87,227,boneka-asli,0.6228,20,682,535,1079
1974,65.91,208,boneka-asli,0.8339,868,387,1146,745
1974,65.91,209,boneka-dummy,0.8067,552,438,865,790
1974,65.91,227,boneka-asli,0.6228,20,684,538,1079
1974,65.91,232,boneka-asli,0.6106,1295,732,1893,1079
1975,65.94,208,boneka-asli,0.8339,874,396,1151,753
1975,65.94,209,boneka-dummy,0.8067,563,457,868,798
1975,65.94,227,boneka-asli,0.6228,21,687,541,1079
1976,65.97,208,boneka-asli,0.8339,879,407,1155,762
1976,65.97,209,boneka-dummy,0.8067,566,465,878,812
1977,66.01,208,boneka-asli,0.8339,884,417,1163,775
1977,66.01,209,boneka-dummy,0.8067,568,465,891,828
1978,66.04,208,boneka-asli,0.8339,891,429,1168,787
1978,66.04,209,boneka-dummy,0.8067,570,464,903,841
1979,66.07,208,boneka-asli,0.8339,897,442,1173,797
1979,66.07,209,boneka-dummy,0.8067,577,475,908,851
1980,66.11,208,boneka-asli,0.8339,904,454,1179,808
1980,66.11,209,boneka-dummy,0.8067,580,477,918,865
1981,66.14,208,boneka-asli,0.8339,911,463,1184,816
1981,66.14,209,boneka-dummy,0.8067,588,486,921,871
1982,66.17,208,boneka-asli,0.8339,915,469,1187,820
1982,66.17,209,boneka-dummy,0.8067,597,495,921,872
1983,66.21,208,boneka-asli,0.8339,917,472,1188,823
1983,66.21,209,boneka-dummy,0.8067,607,514,915,871
1984,66.24,208,boneka-asli,0.8339,917,476,1187,826
1984,66.24,209,boneka-dummy,0.8067,611,528,911,874
1985,66.27,208,boneka-asli,0.8339,916,478,1186,828
1985,66.27,209,boneka-dummy,0.8067,609,523,912,874
1986,66.31,208,boneka-asli,0.8339,915,478,1184,827
1986,66.31,209,boneka-dummy,0.8067,603,512,916,877
1987,66.34,208,boneka-asli,0.8339,914,477,1181,824
1987,66.34,209,boneka-dummy,0.8067,598,505,915,875
1988,66.37,208,boneka-asli,0.8339,912,474,1178,821
1988,66.37,209,boneka-dummy,0.8067,595,501,911,871
1989,66.41,208,boneka-asli,0.8339,907,472,1173,818
1989,66.41,209,boneka-dummy,0.8067,596,508,903,866
1990,66.44,208,boneka-asli,0.8339,901,471,1165,814
1990,66.44,209,boneka-dummy,0.8067,596,516,893,862
1991,66.47,208,boneka-asli,0.8339,896,470,1160,812
1991,66.47,209,boneka-dummy,0.8067,595,525,882,858
1992,66.51,208,boneka-asli,0.8339,891,469,1156,811
1992,66.51,209,boneka-dummy,0.8067,595,539,872,856
1993,66.54,208,boneka-asli,0.8339,888,468,1153,810
1993,66.54,209,boneka-dummy,0.8067,595,550,865,854
1994,66.57,208,boneka-asli,0.8339,885,467,1151,810
1994,66.57,209,boneka-dummy,0.8067,593,556,861,854
1995,66.61,208,boneka-asli,0.8339,883,467,1150,810
1995,66.61,209,boneka-dummy,0.8067,591,559,860,854
1995,66.61,227,boneka-asli,0.6228,39,718,536,1079
1996,66.64,208,boneka-asli,0.8339,882,467,1150,810
1996,66.64,209,boneka-dummy,0.8067,590,561,861,855
1997,66.67,208,boneka-asli,0.8339,883,469,1151,812
1997,66.67,209,boneka-dummy,0.8067,591,564,864,856
1998,66.71,208,boneka-asli,0.8339,885,471,1153,815
1998,66.71,209,boneka-dummy,0.8067,594,566,869,858
1998,66.71,227,boneka-asli,0.6228,46,736,542,1079
1999,66.74,208,boneka-asli,0.8339,889,474,1158,818
1999,66.74,209,boneka-dummy,0.8067,595,559,879,858
1999,66.74,227,boneka-asli,0.6228,47,744,553,1079
2000,66.78,208,boneka-asli,0.8339,898,476,1167,821
2000,66.78,209,boneka-dummy,0.8067,595,545,894,861
2000,66.78,227,boneka-asli,0.6228,45,751,559,1079
2001,66.81,208,boneka-asli,0.8339,906,479,1175,824
2001,66.81,209,boneka-dummy,0.8067,604,550,900,863
2002,66.84,208,boneka-asli,0.8339,913,482,1181,826
2002,66.84,209,boneka-dummy,0.8067,612,556,907,867
2002,66.84,227,boneka-asli,0.6228,48,758,569,1079
2003,66.88,208,boneka-asli,0.8339,919,485,1187,829
2003,66.88,209,boneka-dummy,0.8067,615,554,916,871
2003,66.88,227,boneka-asli,0.6228,48,761,580,1079
2004,66.91,208,boneka-asli,0.8339,923,485,1192,830
2004,66.91,209,boneka-dummy,0.8067,616,544,925,871
2004,66.91,227,boneka-asli,0.6228,46,763,589,1079
2005,66.94,208,boneka-asli,0.8339,927,486,1196,832
2005,66.94,209,boneka-dummy,0.8067,616,533,933,871
2005,66.94,227,boneka-asli,0.6228,40,764,593,1079
2006,66.98,208,boneka-asli,0.8339,929,486,1199,833
2006,66.98,209,boneka-dummy,0.8067,611,520,940,875
2006,66.98,227,boneka-asli,0.6228,35,764,596,1079
2007,67.01,208,boneka-asli,0.8339,929,488,1200,834
2007,67.01,209,boneka-dummy,0.8067,616,533,935,877
2007,67.01,227,boneka-asli,0.6228,35,766,601,1079
2008,67.04,208,boneka-asli,0.8339,927,487,1199,835
2008,67.04,209,boneka-dummy,0.8067,620,548,926,878
2009,67.08,208,boneka-asli,0.8339,922,485,1195,834
2009,67.08,209,boneka-dummy,0.8067,622,563,914,875
2010,67.11,208,boneka-asli,0.8339,916,484,1192,836
2010,67.11,209,boneka-dummy,0.8067,617,568,906,874
2011,67.14,208,boneka-asli,0.8339,912,486,1187,839
2011,67.14,209,boneka-dummy,0.8067,601,549,908,874
2012,67.18,208,boneka-asli,0.8339,906,493,1182,846
2012,67.18,209,boneka-dummy,0.8067,593,553,902,881
2013,67.21,208,boneka-asli,0.8339,900,503,1176,855
2013,67.21,209,boneka-dummy,0.8067,589,573,890,891
2014,67.24,208,boneka-asli,0.8339,895,511,1172,865
2014,67.24,209,boneka-dummy,0.8067,584,590,881,902
2015,67.28,208,boneka-asli,0.8339,889,517,1169,875
2015,67.28,209,boneka-dummy,0.8067,579,601,878,912
2015,67.28,227,boneka-asli,0.6228,23,779,572,1079
2016,67.31,208,boneka-asli,0.8339,887,523,1167,881
2016,67.31,209,boneka-dummy,0.8067,577,607,875,916
2017,67.34,208,boneka-asli,0.8339,885,525,1165,884
2017,67.34,209,boneka-dummy,0.8067,570,596,880,917
2018,67.38,208,boneka-asli,0.8339,884,525,1166,886
2018,67.38,209,boneka-dummy,0.8067,565,587,884,919
2018,67.38,235,boneka-asli,0.6245,1287,770,1526,1019
2019,67.41,208,boneka-asli,0.8339,882,526,1165,889
2019,67.41,209,boneka-dummy,0.8067,555,572,890,924
2019,67.41,235,boneka-asli,0.6245,1284,772,1523,1022
2020,67.44,208,boneka-asli,0.8339,880,528,1164,892
2020,67.44,209,boneka-dummy,0.8067,555,583,884,930
2020,67.44,235,boneka-asli,0.6245,1276,774,1521,1031
2021,67.48,208,boneka-asli,0.8339,878,529,1164,896
2021,67.48,209,boneka-dummy,0.8067,547,577,885,936
2021,67.48,227,boneka-asli,0.6228,11,787,545,1079
2022,67.51,208,boneka-asli,0.8339,877,529,1163,897
2022,67.51,209,boneka-dummy,0.8067,544,577,881,936
2022,67.51,227,boneka-asli,0.6228,5,791,530,1079
2023,67.54,208,boneka-asli,0.8339,876,527,1163,895
2023,67.54,209,boneka-dummy,0.8067,547,586,873,934
2023,67.54,227,boneka-asli,0.6228,2,794,521,1079
2023,67.54,235,boneka-asli,0.6245,1273,776,1519,1034
2024,67.58,208,boneka-asli,0.8339,877,525,1164,893
2024,67.58,209,boneka-dummy,0.8067,551,598,866,932
2024,67.58,227,boneka-asli,0.6228,1,795,516,1079
2024,67.58,235,boneka-asli,0.6245,1274,773,1519,1030
2025,67.61,208,boneka-asli,0.8339,878,523,1164,890
2025,67.61,209,boneka-dummy,0.8067,556,606,860,926
2025,67.61,227,boneka-asli,0.6228,0,794,517,1079
2025,67.61,235,boneka-asli,0.6245,1276,771,1520,1027
2026,67.64,208,boneka-asli,0.8339,879,521,1164,886
2026,67.64,209,boneka-dummy,0.8067,558,608,857,920
2026,67.64,227,boneka-asli,0.6228,0,791,519,1079
2026,67.64,235,boneka-asli,0.6245,1278,767,1522,1024
2027,67.68,208,boneka-asli,0.8339,879,520,1164,884
2027,67.68,209,boneka-dummy,0.8067,559,610,856,915
2027,67.68,227,boneka-asli,0.6228,0,788,521,1079
2027,67.68,235,boneka-asli,0.6245,1279,766,1525,1023
2028,67.71,208,boneka-asli,0.8339,880,519,1166,884
2028,67.71,209,boneka-dummy,0.8067,560,613,856,914
2028,67.71,227,boneka-asli,0.6228,0,788,522,1079
2028,67.71,235,boneka-asli,0.6245,1281,768,1525,1022
2028,67.71,237,boneka-asli,0.6135,455,856,691,1065
2029,67.74,208,boneka-asli,0.8339,881,520,1168,886
2029,67.74,209,boneka-dummy,0.8067,563,619,857,915
2029,67.74,227,boneka-asli,0.6228,0,790,520,1079
2029,67.74,235,boneka-asli,0.6245,1281,772,1521,1022
2029,67.74,237,boneka-asli,0.6135,456,859,689,1066
2030,67.78,208,boneka-asli,0.8339,884,522,1171,887
2030,67.78,209,boneka-dummy,0.8067,565,619,862,917
2030,67.78,227,boneka-asli,0.6228,0,791,517,1079
2030,67.78,235,boneka-asli,0.6245,1278,776,1519,1026
2030,67.78,237,boneka-asli,0.6135,461,864,691,1067
2031,67.81,208,boneka-asli,0.8339,887,527,1175,892
2031,67.81,209,boneka-dummy,0.8067,560,606,873,920
2031,67.81,227,boneka-asli,0.6228,1,793,518,1079
2031,67.81,235,boneka-asli,0.6245,1275,782,1518,1036
2031,67.81,237,boneka-asli,0.6135,460,868,689,1070
2032,67.84,208,boneka-asli,0.8339,889,533,1177,898
2032,67.84,209,boneka-dummy,0.8067,551,586,887,926
2032,67.84,227,boneka-asli,0.6228,6,796,520,1079
2032,67.84,235,boneka-asli,0.6245,1272,789,1516,1044
2033,67.88,208,boneka-asli,0.8339,891,540,1178,904
2033,67.88,209,boneka-dummy,0.8067,547,575,895,932
2033,67.88,227,boneka-asli,0.6228,11,797,526,1079
2033,67.88,235,boneka-asli,0.6245,1276,797,1519,1052
2034,67.91,208,boneka-asli,0.8339,893,547,1180,908
2034,67.91,209,boneka-dummy,0.8067,558,597,891,938
2034,67.91,227,boneka-asli,0.6228,15,800,529,1079
2034,67.91,235,boneka-asli,0.6245,1281,803,1529,1059
2035,67.94,208,boneka-asli,0.8339,897,553,1182,913
2035,67.94,209,boneka-dummy,0.8067,568,617,887,943
2035,67.94,235,boneka-asli,0.6245,1282,808,1532,1065
2036,67.98,208,boneka-asli,0.8339,899,559,1184,918
2036,67.98,209,boneka-dummy,0.8067,576,633,885,946
2036,67.98,235,boneka-asli,0.6245,1282,813,1531,1068
2037,68.01,208,boneka-asli,0.8339,902,563,1187,922
2037,68.01,209,boneka-dummy,0.8067,579,636,889,950
2037,68.01,235,boneka-asli,0.6245,1285,817,1533,1072
2038,68.04,208,boneka-asli,0.8339,905,566,1192,928
2038,68.04,209,boneka-dummy,0.8067,578,631,897,954
2038,68.04,235,boneka-asli,0.6245,1291,823,1539,1076
2039,68.08,208,boneka-asli,0.8339,907,569,1199,937
2039,68.08,209,boneka-dummy,0.8067,570,615,913,966
2039,68.08,235,boneka-asli,0.6245,1297,830,1542,1078
2039,68.08,237,boneka-asli,0.6135,471,889,685,1075
2040,68.11,208,boneka-asli,0.8339,911,573,1206,945
2040,68.11,209,boneka-dummy,0.8067,570,604,922,969
2041,68.14,208,boneka-asli,0.8339,915,577,1211,952
2041,68.14,209,boneka-dummy,0.8067,570,596,930,974
2041,68.14,227,boneka-asli,0.6228,7,829,437,1076
2042,68.18,208,boneka-asli,0.8339,921,584,1218,958
2042,68.18,209,boneka-dummy,0.8067,570,593,935,982
2042,68.18,235,boneka-asli,0.6245,1315,846,1547,1079
2043,68.21,208,boneka-asli,0.8339,927,591,1224,965
2043,68.21,209,boneka-dummy,0.8067,575,603,936,991
2043,68.21,235,boneka-asli,0.6245,1329,857,1553,1079
2044,68.24,208,boneka-asli,0.8339,933,600,1230,974
2044,68.24,209,boneka-dummy,0.8067,588,630,931,999
2045,68.28,208,boneka-asli,0.8339,940,607,1240,983
2045,68.28,209,boneka-dummy,0.8067,604,662,926,1006
2046,68.31,208,boneka-asli,0.8339,947,611,1250,992
2046,68.31,209,boneka-dummy,0.8067,623,691,928,1013
2046,68.31,235,boneka-asli,0.6245,1360,877,1567,1078
2047,68.34,208,boneka-asli,0.8339,956,616,1261,998
2047,68.34,209,boneka-dummy,0.8067,635,705,935,1019
2047,68.34,227,boneka-asli,0.6228,54,865,449,1076
2048,68.38,208,boneka-asli,0.8339,965,620,1270,1003
2048,68.38,209,boneka-dummy,0.8067,631,686,956,1027
2049,68.41,208,boneka-asli,0.8339,974,624,1280,1008
2049,68.41,209,boneka-dummy,0.8067,634,689,965,1035
2049,68.41,227,boneka-asli,0.6228,77,888,463,1076
2050,68.44,208,boneka-asli,0.8339,983,630,1289,1013
2050,68.44,209,boneka-dummy,0.8067,630,672,981,1042
2050,68.44,227,boneka-asli,0.6228,94,901,484,1076
2051,68.48,208,boneka-asli,0.8339,991,634,1297,1017
2051,68.48,209,boneka-dummy,0.8067,631,663,992,1046
2051,68.48,227,boneka-asli,0.6228,95,908,501,1076
2052,68.51,208,boneka-asli,0.8339,996,636,1304,1021
2052,68.51,209,boneka-dummy,0.8067,632,652,1001,1049
2052,68.51,227,boneka-asli,0.6228,90,912,514,1076
2053,68.54,208,boneka-asli,0.8339,1000,638,1311,1026
2053,68.54,209,boneka-dummy,0.8067,634,646,1007,1052
2053,68.54,227,boneka-asli,0.6228,83,915,524,1076
2054,68.58,208,boneka-asli,0.8339,1002,638,1315,1030
2054,68.58,209,boneka-dummy,0.8067,635,642,1010,1054
2054,68.58,227,boneka-asli,0.6228,81,916,534,1076
2055,68.61,208,boneka-asli,0.8339,1002,638,1320,1035
2055,68.61,209,boneka-dummy,0.8067,634,641,1010,1057
2056,68.64,208,boneka-asli,0.8339,1002,638,1320,1038
2056,68.64,209,boneka-dummy,0.8067,632,641,1008,1061
2057,68.68,208,boneka-asli,0.8339,999,638,1319,1040
2057,68.68,209,boneka-dummy,0.8067,630,643,1003,1062
2058,68.71,208,boneka-asli,0.8339,992,637,1312,1038
2058,68.71,209,boneka-dummy,0.8067,632,658,990,1060
2059,68.74,208,boneka-asli,0.8339,985,633,1305,1034
2059,68.74,209,boneka-dummy,0.8067,637,688,969,1058
2059,68.74,227,boneka-asli,0.6228,57,915,525,1076
2060,68.78,208,boneka-asli,0.8339,978,629,1298,1030
2060,68.78,209,boneka-dummy,0.8067,637,706,954,1055
2060,68.78,227,boneka-asli,0.6228,28,914,482,1076
2061,68.81,208,boneka-asli,0.8339,970,625,1290,1026
2061,68.81,209,boneka-dummy,0.8067,629,712,943,1055
2062,68.85,208,boneka-asli,0.8339,960,622,1279,1022
2062,68.85,209,boneka-dummy,0.8067,622,718,930,1052
2062,68.85,227,boneka-asli,0.6228,18,913,484,1076
2063,68.88,208,boneka-asli,0.8339,948,620,1268,1021
2063,68.88,209,boneka-dummy,0.8067,604,706,925,1051
2063,68.88,227,boneka-asli,0.6228,15,911,491,1075
2064,68.91,208,boneka-asli,0.8339,936,619,1257,1020
2064,68.91,209,boneka-dummy,0.8067,593,711,912,1051
2065,68.95,208,boneka-asli,0.8339,926,618,1248,1021
2065,68.95,209,boneka-dummy,0.8067,575,697,909,1053
2066,68.98,208,boneka-asli,0.8339,918,617,1242,1023
2066,68.98,209,boneka-dummy,0.8067,568,706,897,1054
2067,69.01,208,boneka-asli,0.8339,914,616,1239,1022
2067,69.01,209,boneka-dummy,0.8067,565,714,891,1055
2068,69.05,208,boneka-asli,0.8339,913,615,1238,1022
2068,69.05,209,boneka-dummy,0.8067,562,719,887,1056
2069,69.08,208,boneka-asli,0.8339,914,614,1240,1020
2069,69.08,209,boneka-dummy,0.8067,563,718,890,1054
2070,69.11,208,boneka-asli,0.8339,918,613,1245,1019
2070,69.11,209,boneka-dummy,0.8067,565,717,894,1054
2071,69.15,208,boneka-asli,0.8339,923,612,1250,1018
2071,69.15,209,boneka-dummy,0.8067,569,713,902,1053
2072,69.18,208,boneka-asli,0.8339,933,611,1260,1017
2072,69.18,209,boneka-dummy,0.8067,574,707,911,1050
2073,69.21,208,boneka-asli,0.8339,943,609,1271,1016
2073,69.21,209,boneka-dummy,0.8067,585,708,919,1045
2074,69.25,208,boneka-asli,0.8339,953,606,1283,1013
2074,69.25,209,boneka-dummy,0.8067,587,683,939,1040
2075,69.28,208,boneka-asli,0.8339,963,601,1295,1011
2075,69.28,209,boneka-dummy,0.8067,584,651,960,1035
2076,69.31,208,boneka-asli,0.8339,973,599,1308,1011
2076,69.31,209,boneka-dummy,0.8067,589,640,972,1036
2077,69.35,208,boneka-asli,0.8339,984,599,1322,1014
2077,69.35,209,boneka-dummy,0.8067,602,652,978,1042
2078,69.38,208,boneka-asli,0.8339,994,600,1337,1021
2078,69.38,209,boneka-dummy,0.8067,620,677,981,1050
2079,69.41,208,boneka-asli,0.8339,1005,603,1353,1029
2079,69.41,209,boneka-dummy,0.8067,620,663,1002,1060
2080,69.45,208,boneka-asli,0.8339,1015,605,1366,1036
2080,69.45,209,boneka-dummy,0.8067,622,650,1020,1067
2081,69.48,208,boneka-asli,0.8339,1024,607,1378,1041
2081,69.48,209,boneka-dummy,0.8067,635,660,1026,1073
2082,69.51,208,boneka-asli,0.8339,1029,609,1391,1054
2082,69.51,209,boneka-dummy,0.8067,649,680,1025,1076
2083,69.55,208,boneka-asli,0.8339,1033,612,1400,1065
2083,69.55,209,boneka-dummy,0.8067,647,665,1037,1078
2084,69.58,208,boneka-asli,0.8339,1040,617,1409,1072
2084,69.58,209,boneka-dummy,0.8067,647,651,1047,1079
2085,69.61,208,boneka-asli,0.8339,1051,624,1418,1076
2085,69.61,209,boneka-dummy,0.8067,652,643,1057,1079
2086,69.65,208,boneka-asli,0.8339,1067,629,1431,1078
2086,69.65,209,boneka-dummy,0.8067,679,676,1056,1079
2087,69.68,208,boneka-asli,0.8339,1086,634,1449,1079
2087,69.68,209,boneka-dummy,0.8067,696,675,1074,1079
2088,69.71,208,boneka-asli,0.8339,1106,635,1469,1079
2088,69.71,209,boneka-dummy,0.8067,725,702,1081,1079
2089,69.75,208,boneka-asli,0.8339,1129,636,1493,1079
2089,69.75,209,boneka-dummy,0.8067,756,726,1095,1079
2090,69.78,208,boneka-asli,0.8339,1154,636,1519,1079
2090,69.78,209,boneka-dummy,0.8067,787,744,1114,1079
2091,69.81,208,boneka-asli,0.8339,1181,639,1546,1079
2091,69.81,209,boneka-dummy,0.8067,815,754,1137,1079
2092,69.85,208,boneka-asli,0.8339,1213,646,1575,1079
2092,69.85,209,boneka-dummy,0.8067,831,734,1176,1079
2092,69.85,241,boneka-asli,0.6407,17,432,413,1080
2093,69.88,208,boneka-asli,0.8339,1245,654,1604,1079
2093,69.88,209,boneka-dummy,0.8067,847,709,1216,1079
2093,69.88,241,boneka-asli,0.6407,20,441,411,1080
2094,69.91,208,boneka-asli,0.8339,1276,661,1631,1079
2094,69.91,209,boneka-dummy,0.8067,870,693,1255,1079
2094,69.91,241,boneka-asli,0.6407,31,460,412,1080
2095,69.95,208,boneka-asli,0.8339,1308,668,1660,1079
2095,69.95,209,boneka-dummy,0.8067,903,692,1288,1079
2095,69.95,241,boneka-asli,0.6407,53,480,426,1080
2096,69.98,208,boneka-asli,0.8339,1341,672,1691,1079
2096,69.98,209,boneka-dummy,0.8067,938,696,1318,1079
2096,69.98,241,boneka-asli,0.6407,78,496,448,1080
2097,70.01,208,boneka-asli,0.8339,1375,675,1725,1079
2097,70.01,209,boneka-dummy,0.8067,976,707,1346,1079
2097,70.01,241,boneka-asli,0.6407,89,508,460,1080
2098,70.05,208,boneka-asli,0.8339,1410,676,1760,1079
2098,70.05,209,boneka-dummy,0.8067,1019,734,1366,1079
2098,70.05,241,boneka-asli,0.6407,83,517,457,1080
2099,70.08,208,boneka-asli,0.8339,1443,677,1795,1079
2099,70.08,209,boneka-dummy,0.8067,1044,723,1404,1079
2100,70.11,208,boneka-asli,0.8339,1474,677,1827,1079
2100,70.11,209,boneka-dummy,0.8067,1080,735,1432,1079
2100,70.11,241,boneka-asli,0.6407,66,528,440,1080
2101,70.15,208,boneka-asli,0.8339,1508,678,1863,1079
2101,70.15,209,boneka-dummy,0.8067,1117,752,1456,1079
2102,70.18,208,boneka-asli,0.8339,1537,679,1891,1079
2102,70.18,209,boneka-dummy,0.8067,1149,757,1485,1079
2102,70.18,241,boneka-asli,0.6407,33,521,392,1080
2103,70.21,208,boneka-asli,0.8339,1561,682,1905,1079
2103,70.21,209,boneka-dummy,0.8067,1183,778,1502,1079
2104,70.25,208,boneka-asli,0.8339,1584,685,1912,1079
2104,70.25,209,boneka-dummy,0.8067,1210,796,1512,1079
2105,70.28,208,boneka-asli,0.8339,1604,689,1916,1079
2105,70.28,209,boneka-dummy,0.8067,1227,801,1525,1079
2106,70.31,208,boneka-asli,0.8339,1625,695,1918,1079
2106,70.31,209,boneka-dummy,0.8067,1244,802,1539,1079
2107,70.35,208,boneka-asli,0.8339,1641,701,1919,1079
2107,70.35,209,boneka-dummy,0.8067,1253,775,1573,1079
2108,70.38,208,boneka-asli,0.8339,1654,706,1919,1079
2108,70.38,209,boneka-dummy,0.8067,1274,786,1581,1079
2109,70.41,208,boneka-asli,0.8339,1666,707,1919,1079
2109,70.41,209,boneka-dummy,0.8067,1285,782,1596,1079
2110,70.45,208,boneka-asli,0.8339,1674,700,1919,1079
2110,70.45,209,boneka-dummy,0.8067,1296,758,1630,1079
2111,70.48,208,boneka-asli,0.8339,1679,689,1919,1079
2111,70.48,209,boneka-dummy,0.8067,1301,726,1666,1079
2112,70.51,208,boneka-asli,0.8339,1683,677,1919,1079
2112,70.51,209,boneka-dummy,0.8067,1306,696,1699,1079
2113,70.55,208,boneka-asli,0.8339,1686,660,1919,1079
2113,70.55,209,boneka-dummy,0.8067,1310,669,1726,1079
2114,70.58,208,boneka-asli,0.8339,1690,647,1919,1079
2114,70.58,209,boneka-dummy,0.8067,1316,650,1748,1079
2115,70.61,208,boneka-asli,0.8339,1702,646,1919,1079
2115,70.61,209,boneka-dummy,0.8067,1327,635,1769,1079
2116,70.65,209,boneka-dummy,0.8067,1341,622,1790,1079
2117,70.68,209,boneka-dummy,0.8067,1361,613,1808,1074
2117,70.68,244,boneka-dummy,0.7984,556,801,1241,1079
2118,70.71,209,boneka-dummy,0.8067,1382,598,1828,1063
2119,70.75,209,boneka-dummy,0.8067,1408,585,1846,1047
2119,70.75,244,boneka-dummy,0.7984,533,779,1269,1079
2120,70.78,209,boneka-dummy,0.8067,1433,569,1863,1028
2121,70.81,209,boneka-dummy,0.8067,1452,555,1878,1011
2121,70.81,244,boneka-dummy,0.7984,521,747,1325,1079
2122,70.85,209,boneka-dummy,0.8067,1469,543,1888,995
2123,70.88,209,boneka-dummy,0.8067,1483,531,1898,982
2124,70.92,209,boneka-dummy,0.8067,1492,519,1905,970
2125,70.95,209,boneka-dummy,0.8067,1504,521,1907,961
2126,70.98,209,boneka-dummy,0.8067,1511,513,1909,949
2127,71.02,209,boneka-dummy,0.8067,1516,505,1909,938
2128,71.05,209,boneka-dummy,0.8067,1519,503,1905,929
2128,71.05,244,boneka-dummy,0.7984,523,692,1421,1078
2129,71.08,209,boneka-dummy,0.8067,1519,498,1901,921
2129,71.08,244,boneka-dummy,0.7984,535,662,1460,1078
2130,71.12,209,boneka-dummy,0.8067,1519,502,1891,913
2130,71.12,244,boneka-dummy,0.7984,544,644,1466,1078
2131,71.15,209,boneka-dummy,0.8067,1513,497,1885,909
2131,71.15,244,boneka-dummy,0.7984,555,633,1456,1078
2132,71.18,209,boneka-dummy,0.8067,1506,491,1879,906
2133,71.22,209,boneka-dummy,0.8067,1498,487,1872,904
2133,71.22,244,boneka-dummy,0.7984,568,628,1436,1077
2134,71.25,209,boneka-dummy,0.8067,1492,492,1859,903
2134,71.25,244,boneka-dummy,0.7984,581,623,1415,1077
2135,71.28,209,boneka-dummy,0.8067,1496,519,1835,895
2136,71.32,209,boneka-dummy,0.8067,1485,517,1820,884
2136,71.32,244,boneka-dummy,0.7984,576,610,1391,1077
2136,71.32,248,boneka-asli,0.7999,1816,503,1920,890
2137,71.35,209,boneka-dummy,0.8067,1465,494,1812,873
2137,71.35,244,boneka-dummy,0.7984,565,597,1363,1077
2138,71.38,209,boneka-dummy,0.8067,1448,484,1795,864
2138,71.38,244,boneka-dummy,0.7984,548,587,1330,1077
2139,71.42,209,boneka-dummy,0.8067,1425,464,1782,857
2139,71.42,248,boneka-asli,0.7999,1802,492,1907,880
2140,71.45,209,boneka-dummy,0.8067,1414,479,1753,848
2140,71.45,244,boneka-dummy,0.7984,513,570,1287,1077
2141,71.48,209,boneka-dummy,0.8067,1401,495,1720,839
2141,71.48,244,boneka-dummy,0.7984,487,557,1249,1077
2141,71.48,248,boneka-asli,0.7999,1779,467,1892,871
2142,71.52,209,boneka-dummy,0.8067,1383,504,1690,830
2142,71.52,244,boneka-dummy,0.7984,469,549,1213,1077
2142,71.52,248,boneka-asli,0.7999,1760,452,1880,864
2143,71.55,209,boneka-dummy,0.8067,1363,508,1665,824
2143,71.55,244,boneka-dummy,0.7984,448,543,1174,1078
2143,71.55,248,boneka-asli,0.7999,1742,441,1872,863
2144,71.58,209,boneka-dummy,0.8067,1338,502,1645,819
2144,71.58,244,boneka-dummy,0.7984,430,538,1138,1078
2144,71.58,248,boneka-asli,0.7999,1725,434,1864,861
2145,71.62,209,boneka-dummy,0.8067,1316,503,1623,818
2145,71.62,244,boneka-dummy,0.7984,411,535,1102,1078
2145,71.62,248,boneka-asli,0.7999,1708,432,1857,861
2146,71.65,209,boneka-dummy,0.8067,1292,500,1605,819
2146,71.65,244,boneka-dummy,0.7984,398,536,1070,1078
2146,71.65,248,boneka-asli,0.7999,1690,434,1851,863
2147,71.68,209,boneka-dummy,0.8067,1272,507,1583,822
2147,71.68,248,boneka-asli,0.7999,1673,438,1846,867
2148,71.72,209,boneka-dummy,0.8067,1240,485,1578,828
2148,71.72,244,boneka-dummy,0.7984,370,543,1020,1078
2148,71.72,248,boneka-asli,0.7999,1656,444,1842,873
2149,71.75,209,boneka-dummy,0.8067,1212,467,1569,833
2149,71.75,248,boneka-asli,0.7999,1641,450,1841,877
2150,71.78,209,boneka-dummy,0.8067,1194,463,1557,839
2150,71.78,244,boneka-dummy,0.7984,349,549,979,1078
2150,71.78,248,boneka-asli,0.7999,1625,457,1838,883
2151,71.82,209,boneka-dummy,0.8067,1187,485,1532,843
2151,71.82,244,boneka-dummy,0.7984,339,556,950,1078
2151,71.82,248,boneka-asli,0.7999,1604,461,1829,887
2152,71.85,209,boneka-dummy,0.8067,1166,476,1520,848
2152,71.85,244,boneka-dummy,0.7984,331,561,927,1079
2152,71.85,248,boneka-asli,0.7999,1583,464,1820,890
2152,71.85,252,boneka-asli,0.5310,1324,882,1576,1073
2153,71.88,209,boneka-dummy,0.8067,1151,473,1505,848
2153,71.88,244,boneka-dummy,0.7984,319,567,900,1079
2153,71.88,248,boneka-asli,0.7999,1564,467,1810,888
2154,71.92,209,boneka-dummy,0.8067,1135,465,1492,847
2154,71.92,248,boneka-asli,0.7999,1545,468,1799,886
2155,71.95,209,boneka-dummy,0.8067,1120,458,1479,845
2155,71.95,248,boneka-asli,0.7999,1525,468,1787,883
2156,71.98,209,boneka-dummy,0.8067,1104,454,1463,844
2156,71.98,244,boneka-dummy,0.7984,285,562,863,1079
2156,71.98,248,boneka-asli,0.7999,1506,468,1776,881
2157,72.02,209,boneka-dummy,0.8067,1088,449,1447,843
2157,72.02,244,boneka-dummy,0.7984,264,559,838,1079
2157,72.02,248,boneka-asli,0.7999,1486,468,1763,879
2158,72.05,209,boneka-dummy,0.8067,1074,445,1433,843
2158,72.05,244,boneka-dummy,0.7984,240,554,814,1079
2158,72.05,248,boneka-asli,0.7999,1468,467,1753,880
2159,72.08,209,boneka-dummy,0.8067,1063,440,1422,843
2159,72.08,244,boneka-dummy,0.7984,228,549,799,1079
2159,72.08,248,boneka-asli,0.7999,1454,467,1746,880
2159,72.08,252,boneka-asli,0.5310,1277,881,1529,1072
2160,72.12,209,boneka-dummy,0.8067,1058,440,1415,843
2160,72.12,244,boneka-dummy,0.7984,217,548,785,1079
2160,72.12,248,boneka-asli,0.7999,1444,467,1743,881
2160,72.12,252,boneka-asli,0.5310,1252,881,1502,1073
2161,72.15,209,boneka-dummy,0.8067,1056,440,1411,844
2161,72.15,248,boneka-asli,0.7999,1440,467,1743,880
2161,72.15,252,boneka-asli,0.5310,1237,881,1486,1073
2162,72.18,209,boneka-dummy,0.8067,1055,437,1408,843
2162,72.18,244,boneka-dummy,0.7984,210,547,774,1079
2162,72.18,248,boneka-asli,0.7999,1436,467,1743,881
2162,72.18,252,boneka-asli,0.5310,1231,881,1480,1073
2163,72.22,209,boneka-dummy,0.8067,1056,437,1406,842
2163,72.22,248,boneka-asli,0.7999,1433,466,1744,880
2164,72.25,209,boneka-dummy,0.8067,1060,442,1403,841
2164,72.25,248,boneka-asli,0.7999,1432,465,1748,880
2164,72.25,252,boneka-asli,0.5310,1230,880,1478,1072
2165,72.28,209,boneka-dummy,0.8067,1073,474,1391,840
2165,72.28,248,boneka-asli,0.7999,1431,462,1752,881
2165,72.28,252,boneka-asli,0.5310,1231,880,1479,1072
2166,72.32,209,boneka-dummy,0.8067,1087,504,1383,839
2166,72.32,244,boneka-dummy,0.7984,206,547,769,1079
2166,72.32,248,boneka-asli,0.7999,1430,461,1755,881
2167,72.35,209,boneka-dummy,0.8067,1081,487,1393,839
2167,72.35,244,boneka-dummy,0.7984,205,545,770,1079
2167,72.35,248,boneka-asli,0.7999,1431,458,1760,880
2168,72.38,209,boneka-dummy,0.8067,1075,468,1402,837
2168,72.38,244,boneka-dummy,0.7984,210,542,777,1079
2168,72.38,248,boneka-asli,0.7999,1430,456,1761,878
2168,72.38,252,boneka-asli,0.5310,1225,874,1483,1074
2169,72.42,209,boneka-dummy,0.8067,1083,488,1394,835
2169,72.42,244,boneka-dummy,0.7984,218,537,785,1079
2169,72.42,248,boneka-asli,0.7999,1428,453,1762,876
2169,72.42,252,boneka-asli,0.5310,1222,870,1487,1074
2170,72.45,209,boneka-dummy,0.8067,1089,502,1389,832
2170,72.45,244,boneka-dummy,0.7984,224,534,790,1079
2170,72.45,248,boneka-asli,0.7999,1427,452,1763,873
2171,72.48,209,boneka-dummy,0.8067,1092,511,1386,829
2171,72.48,244,boneka-dummy,0.7984,228,529,794,1079
2171,72.48,248,boneka-asli,0.7999,1426,450,1763,871
2171,72.48,252,boneka-asli,0.5310,1228,865,1485,1062
2172,72.52,209,boneka-dummy,0.8067,1094,514,1385,823
2172,72.52,244,boneka-dummy,0.7984,228,521,797,1079
2172,72.52,248,boneka-asli,0.7999,1424,446,1763,866
2173,72.55,209,boneka-dummy,0.8067,1094,513,1385,818
2173,72.55,244,boneka-dummy,0.7984,226,513,798,1079
2173,72.55,248,boneka-asli,0.7999,1421,441,1762,862
2174,72.58,209,boneka-dummy,0.8067,1084,492,1393,815
2174,72.58,244,boneka-dummy,0.7984,224,508,796,1079
2174,72.58,248,boneka-asli,0.7999,1417,437,1761,859
2175,72.62,209,boneka-dummy,0.8067,1077,478,1398,813
2175,72.62,244,boneka-dummy,0.7984,222,505,792,1079
2175,72.62,248,boneka-asli,0.7999,1413,435,1759,858
2176,72.65,209,boneka-dummy,0.8067,1076,478,1396,812
2176,72.65,244,boneka-dummy,0.7984,222,504,789,1079
2176,72.65,248,boneka-asli,0.7999,1410,435,1758,858
2177,72.68,209,boneka-dummy,0.8067,1078,484,1392,811
2177,72.68,244,boneka-dummy,0.7984,222,503,786,1079
2177,72.68,248,boneka-asli,0.7999,1410,435,1756,855
2178,72.72,209,boneka-dummy,0.8067,1069,465,1399,809
2178,72.72,244,boneka-dummy,0.7984,223,501,787,1079
2178,72.72,248,boneka-asli,0.7999,1410,433,1755,850
2179,72.75,209,boneka-dummy,0.8067,1071,468,1395,807
2179,72.75,244,boneka-dummy,0.7984,227,497,791,1079
2179,72.75,248,boneka-asli,0.7999,1408,431,1754,849
2180,72.78,209,boneka-dummy,0.8067,1069,463,1397,806
2180,72.78,244,boneka-dummy,0.7984,229,492,795,1079
2180,72.78,248,boneka-asli,0.7999,1408,428,1754,844
2181,72.82,209,boneka-dummy,0.8067,1062,443,1404,805
2181,72.82,244,boneka-dummy,0.7984,232,488,798,1079
2181,72.82,248,boneka-asli,0.7999,1410,426,1753,838
2182,72.85,209,boneka-dummy,0.8067,1058,429,1409,804
2182,72.85,244,boneka-dummy,0.7984,235,484,801,1079
2182,72.85,248,boneka-asli,0.7999,1410,425,1754,837
2183,72.88,209,boneka-dummy,0.8067,1056,422,1411,806
2183,72.88,244,boneka-dummy,0.7984,240,486,801,1079
2183,72.88,248,boneka-asli,0.7999,1409,427,1754,840
2184,72.92,209,boneka-dummy,0.8067,1068,448,1401,808
2184,72.92,244,boneka-dummy,0.7984,247,494,799,1079
2184,72.92,248,boneka-asli,0.7999,1410,433,1754,843
2185,72.95,209,boneka-dummy,0.8067,1079,476,1392,812
2185,72.95,244,boneka-dummy,0.7984,256,503,798,1079
2185,72.95,248,boneka-asli,0.7999,1411,440,1754,849
2186,72.99,209,boneka-dummy,0.8067,1080,477,1398,818
2186,72.99,244,boneka-dummy,0.7984,271,514,801,1079
2186,72.99,248,boneka-asli,0.7999,1412,447,1756,855
2187,73.02,209,boneka-dummy,0.8067,1086,486,1401,824
2187,73.02,248,boneka-asli,0.7999,1417,454,1760,862
2187,73.02,252,boneka-asli,0.5310,1237,863,1494,1056
2188,73.05,209,boneka-dummy,0.8067,1095,501,1404,829
2188,73.05,244,boneka-dummy,0.7984,300,531,814,1079
2188,73.05,248,boneka-asli,0.7999,1422,460,1765,868
2189,73.09,209,boneka-dummy,0.8067,1102,504,1412,834
2189,73.09,244,boneka-dummy,0.7984,318,544,824,1079
2189,73.09,248,boneka-asli,0.7999,1428,465,1771,873
2190,73.12,209,boneka-dummy,0.8067,1103,488,1428,836
2190,73.12,248,boneka-asli,0.7999,1437,468,1777,873
2191,73.15,209,boneka-dummy,0.8067,1104,474,1441,837
2191,73.15,244,boneka-dummy,0.7984,346,550,848,1079
2191,73.15,248,boneka-asli,0.7999,1446,470,1784,873
2192,73.19,209,boneka-dummy,0.8067,1109,464,1452,838
2192,73.19,248,boneka-asli,0.7999,1455,470,1792,874
2193,73.22,209,boneka-dummy,0.8067,1117,460,1460,837
2193,73.22,244,boneka-dummy,0.7984,372,552,875,1079
2193,73.22,248,boneka-asli,0.7999,1464,470,1800,871
2193,73.22,252,boneka-asli,0.5310,1275,862,1530,1050
2194,73.25,209,boneka-dummy,0.8067,1128,467,1462,835
2194,73.25,244,boneka-dummy,0.7984,392,550,897,1079
2194,73.25,248,boneka-asli,0.7999,1472,470,1807,869
2195,73.29,209,boneka-dummy,0.8067,1139,469,1468,833
2195,73.29,244,boneka-dummy,0.7984,410,545,919,1079
2195,73.29,248,boneka-asli,0.7999,1478,467,1812,865
2196,73.32,209,boneka-dummy,0.8067,1156,483,1467,826
2196,73.32,244,boneka-dummy,0.7984,429,538,941,1079
2196,73.32,248,boneka-asli,0.7999,1483,462,1818,862
2197,73.35,209,boneka-dummy,0.8067,1170,497,1465,820
2197,73.35,244,boneka-dummy,0.7984,442,528,960,1079
2197,73.35,248,boneka-asli,0.7999,1488,457,1823,857
2198,73.39,209,boneka-dummy,0.8067,1178,504,1463,813
2198,73.39,244,boneka-dummy,0.7984,445,517,970,1079
2198,73.39,248,boneka-asli,0.7999,1492,453,1826,851
2199,73.42,209,boneka-dummy,0.8067,1175,489,1471,808
2199,73.42,244,boneka-dummy,0.7984,445,507,975,1079
2199,73.42,248,boneka-asli,0.7999,1494,448,1827,845
2200,73.45,209,boneka-dummy,0.8067,1178,487,1471,801
2200,73.45,244,boneka-dummy,0.7984,443,496,978,1079
2200,73.45,248,boneka-asli,0.7999,1493,443,1826,839
2201,73.49,209,boneka-dummy,0.8067,1174,471,1476,795
2201,73.49,244,boneka-dummy,0.7984,442,486,981,1079
2201,73.49,248,boneka-asli,0.7999,1493,437,1825,832
2202,73.52,209,boneka-dummy,0.8067,1170,453,1483,791
2202,73.52,244,boneka-dummy,0.7984,441,475,984,1079
2202,73.52,248,boneka-asli,0.7999,1493,432,1822,825
2202,73.52,259,boneka-asli,0.5987,2,628,631,1080
2203,73.55,209,boneka-dummy,0.8067,1166,435,1489,787
2203,73.55,244,boneka-dummy,0.7984,443,467,988,1079
2203,73.55,248,boneka-asli,0.7999,1492,428,1821,819
2204,73.59,209,boneka-dummy,0.8067,1165,423,1493,783
2204,73.59,244,boneka-dummy,0.7984,449,460,994,1079
2204,73.59,248,boneka-asli,0.7999,1493,426,1820,814
2204,73.59,259,boneka-asli,0.5987,21,644,629,1080
2205,73.62,209,boneka-dummy,0.8067,1166,416,1496,783
2205,73.62,244,boneka-dummy,0.7984,456,457,999,1079
2205,73.62,248,boneka-asli,0.7999,1495,424,1821,812
2206,73.65,209,boneka-dummy,0.8067,1169,418,1496,784
2206,73.65,244,boneka-dummy,0.7984,464,457,1002,1079
2206,73.65,248,boneka-asli,0.7999,1498,424,1825,812
2206,73.65,259,boneka-asli,0.5987,33,648,635,1080
2207,73.69,209,boneka-dummy,0.8067,1175,430,1492,786
2207,73.69,244,boneka-dummy,0.7984,471,458,1003,1079
2207,73.69,248,boneka-asli,0.7999,1499,426,1826,813
2207,73.69,259,boneka-asli,0.5987,44,652,642,1080
2208,73.72,209,boneka-dummy,0.8067,1179,440,1487,787
2208,73.72,244,boneka-dummy,0.7984,478,460,1004,1079
2208,73.72,248,boneka-asli,0.7999,1500,427,1827,816
2208,73.72,259,boneka-asli,0.5987,35,646,642,1080
2209,73.75,209,boneka-dummy,0.8067,1186,453,1482,786
2209,73.75,244,boneka-dummy,0.7984,485,464,1003,1079
2209,73.75,248,boneka-asli,0.7999,1499,430,1826,818
2209,73.75,259,boneka-asli,0.5987,37,648,643,1080
2210,73.79,209,boneka-dummy,0.8067,1192,468,1479,788
2210,73.79,244,boneka-dummy,0.7984,492,470,1002,1079
2210,73.79,248,boneka-asli,0.7999,1500,433,1827,822
2210,73.79,259,boneka-asli,0.5987,31,643,645,1080
2211,73.82,209,boneka-dummy,0.8067,1198,480,1479,792
2211,73.82,244,boneka-dummy,0.7984,497,475,1000,1079
2211,73.82,248,boneka-asli,0.7999,1502,437,1828,825
2212,73.85,209,boneka-dummy,0.8067,1201,484,1481,794
2212,73.85,244,boneka-dummy,0.7984,507,476,1006,1079
2212,73.85,248,boneka-asli,0.7999,1504,439,1829,827
2212,73.85,259,boneka-asli,0.5987,31,642,650,1080
2213,73.89,209,boneka-dummy,0.8067,1206,488,1484,793
2213,73.89,244,boneka-dummy,0.7984,520,476,1016,1079
2213,73.89,248,boneka-asli,0.7999,1509,437,1835,826
2213,73.89,259,boneka-asli,0.5987,29,640,655,1080
2214,73.92,209,boneka-dummy,0.8067,1210,489,1489,792
2214,73.92,244,boneka-dummy,0.7984,532,472,1028,1079
2214,73.92,248,boneka-asli,0.7999,1515,435,1840,822
2215,73.95,209,boneka-dummy,0.8067,1214,491,1490,790
2215,73.95,244,boneka-dummy,0.7984,539,468,1036,1079
2215,73.95,248,boneka-asli,0.7999,1517,432,1841,817
2215,73.95,259,boneka-asli,0.5987,30,638,662,1079
2216,73.99,209,boneka-dummy,0.8067,1212,484,1494,788
2216,73.99,244,boneka-dummy,0.7984,542,462,1039,1079
2216,73.99,248,boneka-asli,0.7999,1514,428,1840,815
2216,73.99,259,boneka-asli,0.5987,34,643,663,1079
2217,74.02,209,boneka-dummy,0.8067,1204,463,1500,784
2217,74.02,244,boneka-dummy,0.7984,538,456,1036,1079
2217,74.02,248,boneka-asli,0.7999,1512,426,1836,811
2218,74.05,209,boneka-dummy,0.8067,1196,443,1502,778
2218,74.05,244,boneka-dummy,0.7984,532,450,1030,1079
2218,74.05,248,boneka-asli,0.7999,1508,424,1829,806
2219,74.09,209,boneka-dummy,0.8067,1191,438,1494,771
2219,74.09,244,boneka-dummy,0.7984,521,443,1020,1078
2219,74.09,248,boneka-asli,0.7999,1501,422,1820,800
2220,74.12,209,boneka-dummy,0.8067,1189,449,1478,767
2220,74.12,244,boneka-dummy,0.7984,508,437,1007,1078
2220,74.12,248,boneka-asli,0.7999,1492,420,1809,796
2221,74.15,209,boneka-dummy,0.8067,1174,439,1471,768
2221,74.15,244,boneka-dummy,0.7984,492,436,988,1078
2221,74.15,248,boneka-asli,0.7999,1480,419,1798,794
2222,74.19,209,boneka-dummy,0.8067,1162,440,1459,770
2222,74.19,244,boneka-dummy,0.7984,476,441,967,1078
2222,74.19,248,boneka-asli,0.7999,1469,421,1786,794
2223,74.22,209,boneka-dummy,0.8067,1146,438,1448,774
2223,74.22,244,boneka-dummy,0.7984,462,447,948,1079
2223,74.22,248,boneka-asli,0.7999,1458,423,1775,795
2224,74.25,209,boneka-dummy,0.8067,1137,446,1434,778
2224,74.25,244,boneka-dummy,0.7984,446,453,927,1079
2224,74.25,248,boneka-asli,0.7999,1447,425,1766,800
2225,74.29,209,boneka-dummy,0.8067,1129,456,1422,782
2225,74.29,244,boneka-dummy,0.7984,428,457,906,1079
2225,74.29,248,boneka-asli,0.7999,1437,427,1757,803
2226,74.32,209,boneka-dummy,0.8067,1118,451,1419,788
2226,74.32,244,boneka-dummy,0.7984,415,463,888,1079
2226,74.32,248,boneka-asli,0.7999,1431,432,1750,807
2227,74.35,209,boneka-dummy,0.8067,1120,471,1411,795
2227,74.35,244,boneka-dummy,0.7984,411,475,877,1079
2227,74.35,248,boneka-asli,0.7999,1427,439,1747,815
2228,74.39,209,boneka-dummy,0.8067,1122,480,1417,808
2228,74.39,244,boneka-dummy,0.7984,419,493,874,1079
2228,74.39,248,boneka-asli,0.7999,1431,450,1753,828
2229,74.42,209,boneka-dummy,0.8067,1138,510,1422,823
2229,74.42,244,boneka-dummy,0.7984,440,517,880,1079
2229,74.42,248,boneka-asli,0.7999,1444,462,1769,843
2230,74.45,209,boneka-dummy,0.8067,1158,522,1447,840
2230,74.45,248,boneka-asli,0.7999,1467,476,1793,858
2231,74.49,209,boneka-dummy,0.8067,1186,542,1476,858
2231,74.49,248,boneka-asli,0.7999,1500,493,1828,877
2232,74.52,209,boneka-dummy,0.8067,1231,578,1510,876
2232,74.52,244,boneka-dummy,0.7984,547,575,951,1079
2232,74.52,248,boneka-asli,0.7999,1539,510,1867,895
2233,74.55,209,boneka-dummy,0.8067,1271,582,1569,899
2233,74.55,248,boneka-asli,0.7999,1575,530,1893,918
2234,74.59,209,boneka-dummy,0.8067,1313,585,1633,926
2234,74.59,244,boneka-dummy,0.7984,696,643,1041,1055
2234,74.59,248,boneka-asli,0.7999,1613,551,1906,942
2235,74.62,209,boneka-dummy,0.8067,1365,598,1699,956
2236,74.65,209,boneka-dummy,0.8067,1416,613,1763,986
2236,74.65,244,boneka-dummy,0.7984,875,718,1186,1064
2237,74.69,209,boneka-dummy,0.8067,1471,632,1832,1022
2237,74.69,244,boneka-dummy,0.7984,1009,778,1300,1072
2238,74.72,209,boneka-dummy,0.8067,1524,654,1876,1050
2238,74.72,244,boneka-dummy,0.7984,1134,830,1405,1076
2239,74.75,209,boneka-dummy,0.8067,1577,675,1898,1065
2240,74.79,209,boneka-dummy,0.8067,1631,693,1909,1072
2304,76.92,264,boneka-asli,0.6520,80,0,763,1080
2311,77.16,264,boneka-asli,0.6520,75,0,715,1003
2311,77.16,265,boneka-dummy,0.6837,1028,434,1910,1020
2312,77.19,264,boneka-asli,0.6520,72,0,705,978
2312,77.19,265,boneka-dummy,0.6837,1051,459,1915,1042
2313,77.23,265,boneka-dummy,0.6837,1096,507,1917,1061
2314,77.26,265,boneka-dummy,0.6837,1137,572,1888,1070
2315,77.29,265,boneka-dummy,0.6837,1177,644,1838,1075
2318,77.39,265,boneka-dummy,0.6837,1226,745,1761,1077
2319,77.43,265,boneka-dummy,0.6837,1272,818,1723,1078
2331,77.83,266,boneka-asli,0.6458,649,757,1367,1080
2332,77.86,264,boneka-asli,0.6520,44,190,595,1028
2332,77.86,266,boneka-asli,0.6458,625,744,1371,1080
2333,77.89,266,boneka-asli,0.6458,586,724,1370,1080
2334,77.93,264,boneka-asli,0.6520,22,126,566,1054
2335,77.96,266,boneka-asli,0.6458,533,702,1357,1079
2336,77.99,266,boneka-asli,0.6458,495,684,1342,1078
2337,78.03,266,boneka-asli,0.6458,462,667,1328,1077
2341,78.16,266,boneka-asli,0.6458,294,594,1285,1077
2342,78.19,266,boneka-asli,0.6458,180,543,1242,1077
2343,78.23,264,boneka-asli,0.6520,11,147,553,1065
2343,78.23,266,boneka-asli,0.6458,102,504,1207,1077
2344,78.26,264,boneka-asli,0.6520,5,157,537,1067
2344,78.26,266,boneka-asli,0.6458,51,451,1191,1077
2345,78.29,264,boneka-asli,0.6520,2,172,508,1053
2345,78.29,266,boneka-asli,0.6458,25,413,1158,1077
2346,78.33,264,boneka-asli,0.6520,1,180,465,1015
2346,78.33,266,boneka-asli,0.6458,12,380,1127,1077
2347,78.36,266,boneka-asli,0.6458,6,351,1103,1077
2348,78.39,264,boneka-asli,0.6520,0,167,437,982
2348,78.39,266,boneka-asli,0.6458,3,315,1094,1078
2349,78.43,264,boneka-asli,0.6520,0,134,430,1003
2349,78.43,266,boneka-asli,0.6458,1,286,1094,1078
2351,78.49,266,boneka-asli,0.6458,0,241,1121,1076
2352,78.53,266,boneka-asli,0.6458,0,210,1155,1075
2353,78.56,266,boneka-asli,0.6458,0,183,1191,1074
2354,78.59,264,boneka-asli,0.6520,21,70,498,977
2354,78.59,266,boneka-asli,0.6458,35,176,1218,1074
2355,78.63,266,boneka-asli,0.6458,98,183,1245,1074
2356,78.66,266,boneka-asli,0.6458,172,178,1290,1074
2357,78.69,266,boneka-asli,0.6458,255,186,1331,1075
2357,78.69,267,boneka-dummy,0.6915,1200,702,1920,1080
2358,78.73,264,boneka-asli,0.6520,10,35,425,824
2358,78.73,266,boneka-asli,0.6458,333,196,1366,1074
2358,78.73,267,boneka-dummy,0.6915,1167,689,1920,1080
2359,78.76,264,boneka-asli,0.6520,11,19,395,734
2359,78.76,266,boneka-asli,0.6458,401,206,1388,1074
2359,78.76,267,boneka-dummy,0.6915,1118,673,1920,1080
2360,78.79,267,boneka-dummy,0.6915,1034,649,1901,1080
2361,78.83,264,boneka-asli,0.6520,47,9,424,670
2361,78.83,266,boneka-asli,0.6458,478,208,1407,1053
2361,78.83,267,boneka-dummy,0.6915,916,623,1835,1079
2361,78.83,268,boneka-dummy,0.8394,1665,579,1920,1079
2362,78.86,264,boneka-asli,0.6520,70,4,454,628
2362,78.86,266,boneka-asli,0.6458,550,211,1447,1049
2362,78.86,268,boneka-dummy,0.8394,1647,561,1917,1079
2363,78.89,264,boneka-asli,0.6520,87,2,483,595
2363,78.89,268,boneka-dummy,0.8394,1624,539,1908,1078
2364,78.93,264,boneka-asli,0.6520,97,1,511,575
2364,78.93,266,boneka-asli,0.6458,592,194,1439,1005
2364,78.93,268,boneka-dummy,0.8394,1595,519,1893,1078
2365,78.96,264,boneka-asli,0.6520,94,0,532,572
2365,78.96,266,boneka-asli,0.6458,574,193,1415,1017
2365,78.96,268,boneka-dummy,0.8394,1573,505,1873,1059
2366,78.99,264,boneka-asli,0.6520,61,0,526,592
2366,78.99,268,boneka-dummy,0.8394,1542,495,1846,1044
2367,79.03,264,boneka-asli,0.6520,34,8,528,631
2367,79.03,266,boneka-asli,0.6458,600,240,1395,1042
2367,79.03,268,boneka-dummy,0.8394,1508,491,1818,1037
2368,79.06,264,boneka-asli,0.6520,17,6,568,746
2368,79.06,268,boneka-dummy,0.8394,1472,490,1790,1036
2369,79.10,266,boneka-asli,0.6458,639,318,1359,1060
2369,79.10,268,boneka-dummy,0.8394,1439,493,1767,1041
2370,79.13,264,boneka-asli,0.6520,8,63,574,883
2370,79.13,266,boneka-asli,0.6458,674,377,1334,1070
2370,79.13,268,boneka-dummy,0.8394,1410,498,1747,1046
2371,79.16,264,boneka-asli,0.6520,4,126,553,974
2371,79.16,266,boneka-asli,0.6458,691,413,1314,1075
2371,79.16,267,boneka-dummy,0.6915,458,557,1427,1076
2371,79.16,268,boneka-dummy,0.8394,1386,502,1730,1047
2372,79.20,264,boneka-asli,0.6520,2,165,536,1027
2372,79.20,266,boneka-asli,0.6458,696,431,1297,1077
2372,79.20,267,boneka-dummy,0.6915,229,516,1205,1076
2372,79.20,268,boneka-dummy,0.8394,1366,504,1719,1048
2373,79.23,267,boneka-dummy,0.6915,114,492,1052,1049
2373,79.23,268,boneka-dummy,0.8394,1347,504,1708,1049
2374,79.26,266,boneka-asli,0.6458,685,437,1275,1078
2374,79.26,268,boneka-dummy,0.8394,1332,502,1701,1046
2375,79.30,268,boneka-dummy,0.8394,1316,501,1694,1050
2375,79.30,270,boneka-asli,0.7408,1733,546,1918,1059
2376,79.33,266,boneka-asli,0.6458,661,440,1244,1079
2376,79.33,267,boneka-dummy,0.6915,57,469,956,1038
2376,79.33,268,boneka-dummy,0.8394,1302,501,1686,1050
2376,79.33,270,boneka-asli,0.7408,1732,548,1916,1059
2377,79.36,266,boneka-asli,0.6458,635,441,1212,1079
2377,79.36,267,boneka-dummy,0.6915,28,452,915,1049
2377,79.36,268,boneka-dummy,0.8394,1289,502,1677,1048
2377,79.36,270,boneka-asli,0.7408,1728,548,1913,1059
2378,79.40,266,boneka-asli,0.6458,614,442,1188,1079
2378,79.40,267,boneka-dummy,0.6915,14,449,878,1059
2378,79.40,268,boneka-dummy,0.8394,1274,504,1669,1052
2378,79.40,270,boneka-asli,0.7408,1725,547,1912,1061
2379,79.43,266,boneka-asli,0.6458,599,444,1169,1079
2379,79.43,268,boneka-dummy,0.8394,1261,506,1664,1060
2379,79.43,270,boneka-asli,0.7408,1720,542,1911,1068
2380,79.46,266,boneka-asli,0.6458,587,446,1155,1079
2380,79.46,267,boneka-dummy,0.6915,7,453,849,1068
2380,79.46,268,boneka-dummy,0.8394,1254,510,1661,1064
2380,79.46,270,boneka-asli,0.7408,1716,542,1910,1073
2381,79.50,267,boneka-dummy,0.6915,3,465,820,1073
2381,79.50,268,boneka-dummy,0.8394,1253,517,1663,1070
2381,79.50,270,boneka-asli,0.7408,1713,546,1909,1076
2382,79.53,267,boneka-dummy,0.6915,1,481,805,1075
2382,79.53,268,boneka-dummy,0.8394,1257,531,1663,1075
2382,79.53,270,boneka-asli,0.7408,1713,552,1908,1078
2383,79.56,266,boneka-asli,0.6458,592,462,1149,1079
2383,79.56,267,boneka-dummy,0.6915,0,496,794,1077
2383,79.56,268,boneka-dummy,0.8394,1258,536,1667,1077
2383,79.56,270,boneka-asli,0.7408,1716,560,1910,1079
2384,79.60,266,boneka-asli,0.6458,596,473,1147,1079
2384,79.60,267,boneka-dummy,0.6915,0,508,788,1078
2384,79.60,268,boneka-dummy,0.8394,1259,538,1671,1078
2384,79.60,270,boneka-asli,0.7408,1720,568,1912,1079
2385,79.63,266,boneka-asli,0.6458,602,484,1149,1079
2385,79.63,267,boneka-dummy,0.6915,0,521,778,1078
2385,79.63,268,boneka-dummy,0.8394,1258,541,1674,1079
2385,79.63,270,boneka-asli,0.7408,1724,580,1912,1079
2386,79.66,266,boneka-asli,0.6458,603,494,1147,1079
2386,79.66,268,boneka-dummy,0.8394,1257,545,1674,1079
2386,79.66,270,boneka-asli,0.7408,1728,592,1913,1079
2387,79.70,268,boneka-dummy,0.8394,1259,552,1675,1079
2387,79.70,270,boneka-asli,0.7408,1730,605,1912,1079
2388,79.73,266,boneka-asli,0.6458,598,514,1136,1079
2388,79.73,268,boneka-dummy,0.8394,1261,563,1675,1079
2388,79.73,270,boneka-asli,0.7408,1736,619,1913,1079
2389,79.76,268,boneka-dummy,0.8394,1264,575,1674,1079
2389,79.76,270,boneka-asli,0.7408,1744,632,1916,1079
2390,79.80,268,boneka-dummy,0.8394,1268,584,1676,1079
2390,79.80,270,boneka-asli,0.7408,1748,642,1917,1079
2391,79.83,266,boneka-asli,0.6458,608,538,1138,1079
2391,79.83,268,boneka-dummy,0.8394,1272,594,1679,1079
2391,79.83,270,boneka-asli,0.7408,1755,649,1918,1079
2392,79.86,268,boneka-dummy,0.8394,1275,601,1682,1079
2393,79.90,268,boneka-dummy,0.8394,1280,611,1683,1079
2393,79.90,270,boneka-asli,0.7408,1756,654,1919,1079
2394,79.93,266,boneka-asli,0.6458,626,553,1153,1079
2394,79.93,267,boneka-dummy,0.6915,34,581,758,1079
2394,79.93,268,boneka-dummy,0.8394,1275,609,1685,1079
2394,79.93,270,boneka-asli,0.7408,1753,655,1916,1079
2395,79.96,267,boneka-dummy,0.6915,52,614,758,1079
2395,79.96,268,boneka-dummy,0.8394,1269,603,1686,1079
2395,79.96,270,boneka-asli,0.7408,1746,653,1913,1079
2396,80.00,266,boneka-asli,0.6458,647,556,1176,1079
2396,80.00,267,boneka-dummy,0.6915,58,631,764,1079
2396,80.00,268,boneka-dummy,0.8394,1262,599,1685,1079
2396,80.00,270,boneka-asli,0.7408,1739,648,1910,1079
2397,80.03,267,boneka-dummy,0.6915,58,641,770,1079
2397,80.03,268,boneka-dummy,0.8394,1257,601,1680,1079
2397,80.03,270,boneka-asli,0.7408,1729,639,1907,1079
2398,80.06,266,boneka-asli,0.6458,664,561,1188,1079
2398,80.06,267,boneka-dummy,0.6915,99,648,804,1079
2398,80.06,268,boneka-dummy,0.8394,1249,603,1672,1079
2398,80.06,270,boneka-asli,0.7408,1718,631,1903,1079
2399,80.10,266,boneka-asli,0.6458,669,566,1189,1079
2399,80.10,267,boneka-dummy,0.6915,117,654,815,1079
2399,80.10,268,boneka-dummy,0.8394,1238,604,1662,1079
2399,80.10,270,boneka-asli,0.7408,1707,629,1898,1079
2400,80.13,268,boneka-dummy,0.8394,1227,605,1651,1079
2400,80.13,270,boneka-asli,0.7408,1700,630,1896,1079
2401,80.16,268,boneka-dummy,0.8394,1228,645,1621,1079
2401,80.16,270,boneka-asli,0.7408,1689,632,1890,1079
2402,80.20,266,boneka-asli,0.6458,657,580,1161,1079
2402,80.20,268,boneka-dummy,0.8394,1213,646,1608,1079
2402,80.20,270,boneka-asli,0.7408,1678,636,1885,1079
2403,80.23,268,boneka-dummy,0.8394,1202,655,1591,1079
2403,80.23,270,boneka-asli,0.7408,1673,642,1885,1079
2404,80.26,268,boneka-dummy,0.8394,1183,644,1584,1079
2404,80.26,270,boneka-asli,0.7408,1663,646,1881,1079
2405,80.30,267,boneka-dummy,0.6915,84,674,758,1079
2405,80.30,268,boneka-dummy,0.8394,1166,636,1573,1079
2405,80.30,270,boneka-asli,0.7408,1647,646,1875,1079
2406,80.33,268,boneka-dummy,0.8394,1150,626,1564,1079
2406,80.33,270,boneka-asli,0.7408,1632,646,1871,1079
2407,80.36,267,boneka-dummy,0.6915,63,684,733,1079
2407,80.36,268,boneka-dummy,0.8394,1138,619,1556,1079
2407,80.36,270,boneka-asli,0.7408,1620,645,1869,1079
2408,80.40,267,boneka-dummy,0.6915,44,681,727,1079
2408,80.40,268,boneka-dummy,0.8394,1131,613,1552,1079
2408,80.40,270,boneka-asli,0.7408,1606,640,1869,1079
2409,80.43,266,boneka-asli,0.6458,614,571,1124,1079
2409,80.43,267,boneka-dummy,0.6915,27,669,736,1079
2409,80.43,268,boneka-dummy,0.8394,1134,623,1544,1079
2409,80.43,270,boneka-asli,0.7408,1596,629,1873,1079
2410,80.46,266,boneka-asli,0.6458,602,560,1114,1079
2410,80.46,268,boneka-dummy,0.8394,1135,615,1545,1072
2411,80.50,266,boneka-asli,0.6458,599,546,1114,1079
2411,80.50,268,boneka-dummy,0.8394,1134,594,1547,1058
2412,80.53,268,boneka-dummy,0.8394,1131,573,1547,1043
2412,80.53,270,boneka-asli,0.7408,1581,607,1880,1079
2413,80.56,266,boneka-asli,0.6458,603,531,1120,1079
2413,80.56,268,boneka-dummy,0.8394,1139,593,1529,1035
2414,80.60,266,boneka-asli,0.6458,611,522,1123,1079
2414,80.60,268,boneka-dummy,0.8394,1148,616,1514,1027
2414,80.60,270,boneka-asli,0.7408,1569,594,1884,1079
2415,80.63,268,boneka-dummy,0.8394,1155,634,1501,1017
2415,80.63,270,boneka-asli,0.7408,1561,587,1887,1077
2416,80.66,268,boneka-dummy,0.8394,1159,643,1494,1011
2417,80.70,266,boneka-asli,0.6458,634,528,1128,1079
2417,80.70,268,boneka-dummy,0.8394,1159,645,1493,1008
2417,80.70,270,boneka-asli,0.7408,1557,587,1887,1073
2418,80.73,268,boneka-dummy,0.8394,1161,653,1490,1008
2418,80.73,270,boneka-asli,0.7408,1554,592,1887,1072
2419,80.76,266,boneka-asli,0.6458,664,542,1135,1079
2419,80.76,268,boneka-dummy,0.8394,1157,648,1494,1010
2419,80.76,270,boneka-asli,0.7408,1550,597,1888,1074
2420,80.80,266,boneka-asli,0.6458,685,557,1135,1079
2420,80.80,268,boneka-dummy,0.8394,1149,627,1506,1012
2420,80.80,270,boneka-asli,0.7408,1547,603,1888,1076
2421,80.83,268,boneka-dummy,0.8394,1144,612,1512,1012
2421,80.83,270,boneka-asli,0.7408,1544,609,1887,1077
2422,80.86,268,boneka-dummy,0.8394,1153,637,1500,1011
2422,80.86,270,boneka-asli,0.7408,1537,615,1881,1078
2423,80.90,268,boneka-dummy,0.8394,1160,663,1487,1013
2423,80.90,270,boneka-asli,0.7408,1528,622,1871,1079
2424,80.93,268,boneka-dummy,0.8394,1162,683,1475,1015
2424,80.93,270,boneka-asli,0.7408,1518,630,1860,1079
2425,80.96,268,boneka-dummy,0.8394,1159,697,1466,1019
2425,80.96,270,boneka-asli,0.7408,1508,638,1846,1079
2426,81.00,268,boneka-dummy,0.8394,1145,695,1461,1024
2426,81.00,270,boneka-asli,0.7408,1496,645,1832,1079
2427,81.03,268,boneka-dummy,0.8394,1125,674,1464,1031
2427,81.03,270,boneka-asli,0.7408,1484,651,1818,1079
2427,81.03,274,boneka-asli,0.5561,776,652,1074,873
2428,81.06,268,boneka-dummy,0.8394,1109,659,1465,1038
2428,81.06,270,boneka-asli,0.7408,1473,658,1805,1079
2428,81.06,274,boneka-asli,0.5561,777,658,1075,878
2429,81.10,268,boneka-dummy,0.8394,1109,678,1452,1044
2429,81.10,270,boneka-asli,0.7408,1465,667,1792,1079
2429,81.10,274,boneka-asli,0.5561,777,668,1077,890
2430,81.13,268,boneka-dummy,0.8394,1114,700,1441,1050
2430,81.13,270,boneka-asli,0.7408,1460,675,1782,1079
2431,81.17,268,boneka-dummy,0.8394,1108,696,1445,1059
2431,81.17,270,boneka-asli,0.7408,1458,684,1776,1079
2431,81.17,274,boneka-asli,0.5561,761,684,1062,906
2432,81.20,268,boneka-dummy,0.8394,1106,691,1452,1068
2432,81.20,270,boneka-asli,0.7408,1460,695,1771,1079
2432,81.20,274,boneka-asli,0.5561,735,703,1048,930
2433,81.23,268,boneka-dummy,0.8394,1123,719,1450,1074
2433,81.23,270,boneka-asli,0.7408,1471,708,1775,1079
2433,81.23,274,boneka-asli,0.5561,760,724,1071,947
2434,81.27,268,boneka-dummy,0.8394,1151,752,1453,1077
2434,81.27,270,boneka-asli,0.7408,1488,720,1785,1079
2435,81.30,266,boneka-asli,0.6458,757,666,1130,1079
2435,81.30,268,boneka-dummy,0.8394,1182,776,1468,1078
2435,81.30,270,boneka-asli,0.7408,1514,733,1802,1079
2436,81.33,268,boneka-dummy,0.8394,1216,792,1492,1079
2436,81.33,270,boneka-asli,0.7408,1548,745,1830,1079
2437,81.37,266,boneka-asli,0.6458,858,735,1188,1079
2437,81.37,268,boneka-dummy,0.8394,1248,784,1534,1079
2437,81.37,270,boneka-asli,0.7408,1585,757,1859,1079
2438,81.40,266,boneka-asli,0.6458,922,776,1239,1079
2438,81.40,268,boneka-dummy,0.8394,1286,780,1578,1079
2438,81.40,270,boneka-asli,0.7408,1621,768,1886,1079
2439,81.43,268,boneka-dummy,0.8394,1337,799,1614,1079
2439,81.43,270,boneka-asli,0.7408,1659,776,1903,1079
2440,81.47,266,boneka-asli,0.6458,1035,809,1341,1079
2440,81.47,268,boneka-dummy,0.8394,1390,804,1663,1079
2441,81.50,266,boneka-asli,0.6458,1142,830,1444,1079
2441,81.50,268,boneka-dummy,0.8394,1447,798,1727,1079
2442,81.53,268,boneka-dummy,0.8394,1512,797,1791,1079
2443,81.57,266,boneka-asli,0.6458,1279,843,1582,1079
2443,81.57,268,boneka-dummy,0.8394,1583,804,1854,1079
2444,81.60,266,boneka-asli,0.6458,1395,852,1699,1079
2445,81.63,266,boneka-asli,0.6458,1492,857,1800,1079
2446,81.67,266,boneka-asli,0.6458,1570,863,1860,1079
2476,82.67,277,boneka-asli,0.6601,246,427,383,538
2477,82.70,277,boneka-asli,0.6601,247,422,384,533
2478,82.73,277,boneka-asli,0.6601,249,416,384,526
2479,82.77,277,boneka-asli,0.6601,248,414,383,523
2480,82.80,277,boneka-asli,0.6601,246,416,380,524
2481,82.83,277,boneka-asli,0.6601,242,419,375,526
2532,84.54,286,boneka-asli,0.6701,1396,715,1875,1080
2533,84.57,286,boneka-asli,0.6701,1345,706,1835,1080
2533,84.57,287,boneka-dummy,0.7820,1693,633,1878,1079
2534,84.60,286,boneka-asli,0.6701,1236,688,1752,1080
2534,84.60,287,boneka-dummy,0.7820,1665,619,1855,1074
2535,84.64,286,boneka-asli,0.6701,1123,670,1664,1080
2535,84.64,287,boneka-dummy,0.7820,1622,603,1814,1052
2535,84.64,288,boneka-dummy,0.8198,22,245,315,991
2536,84.67,286,boneka-asli,0.6701,1002,650,1569,1080
2536,84.67,287,boneka-dummy,0.7820,1571,586,1765,1029
2536,84.67,288,boneka-dummy,0.8198,26,236,336,1020
2537,84.70,286,boneka-asli,0.6701,897,631,1489,1080
2537,84.70,287,boneka-dummy,0.7820,1506,567,1708,1012
2537,84.70,288,boneka-dummy,0.8198,36,230,360,1049
2538,84.74,286,boneka-asli,0.6701,814,616,1422,1080
2538,84.74,287,boneka-dummy,0.7820,1447,552,1655,995
2538,84.74,288,boneka-dummy,0.8198,52,229,389,1064
2538,84.74,289,boneka-asli,0.8045,1711,529,1908,978
2539,84.77,286,boneka-asli,0.6701,748,606,1367,1080
2539,84.77,287,boneka-dummy,0.7820,1399,543,1616,986
2539,84.77,288,boneka-dummy,0.8198,79,250,418,1072
2539,84.77,289,boneka-asli,0.8045,1701,526,1902,982
2540,84.80,286,boneka-asli,0.6701,696,596,1326,1080
2540,84.80,287,boneka-dummy,0.7820,1361,535,1587,978
2540,84.80,288,boneka-dummy,0.8198,103,274,445,1076
2540,84.80,289,boneka-asli,0.8045,1690,519,1894,977
2540,84.80,291,boneka-asli,0.7141,756,602,1250,865
2541,84.84,286,boneka-asli,0.6701,649,635,1226,1080
2541,84.84,287,boneka-dummy,0.7820,1331,541,1563,973
2541,84.84,288,boneka-dummy,0.8198,118,304,461,1078
2541,84.84,289,boneka-asli,0.8045,1680,511,1885,967
2541,84.84,291,boneka-asli,0.7141,753,595,1252,861
2542,84.87,287,boneka-dummy,0.7820,1300,530,1546,969
2542,84.87,288,boneka-dummy,0.8198,123,309,477,1076
2542,84.87,289,boneka-asli,0.8045,1667,503,1878,965
2542,84.87,291,boneka-asli,0.7141,735,588,1240,857
2542,84.87,292,boneka-asli,0.6891,0,0,472,527
2543,84.90,287,boneka-dummy,0.7820,1274,536,1527,970
2543,84.90,289,boneka-asli,0.8045,1653,498,1871,966
2543,84.90,291,boneka-asli,0.7141,705,582,1207,851
2543,84.90,292,boneka-asli,0.6891,0,0,459,509
2544,84.94,286,boneka-asli,0.6701,556,605,1171,1079
2544,84.94,287,boneka-dummy,0.7820,1244,528,1511,969
2544,84.94,288,boneka-dummy,0.8198,161,290,500,992
2544,84.94,289,boneka-asli,0.8045,1639,496,1864,965
2544,84.94,292,boneka-asli,0.6891,26,0,475,479
2545,84.97,286,boneka-asli,0.6701,474,628,1056,1079
2545,84.97,287,boneka-dummy,0.7820,1214,519,1495,969
2545,84.97,288,boneka-dummy,0.8198,182,224,525,902
2545,84.97,289,boneka-asli,0.8045,1624,494,1857,964
2545,84.97,291,boneka-asli,0.7141,657,579,1167,852
2546,85.00,286,boneka-asli,0.6701,382,657,929,1079
2546,85.00,287,boneka-dummy,0.7820,1183,511,1478,970
2546,85.00,289,boneka-asli,0.8045,1607,493,1851,965
2546,85.00,291,boneka-asli,0.7141,554,572,1208,931
2547,85.04,286,boneka-asli,0.6701,265,674,803,1079
2547,85.04,287,boneka-dummy,0.7820,1153,508,1457,969
2547,85.04,289,boneka-asli,0.8045,1584,490,1838,962
2547,85.04,291,boneka-asli,0.7141,468,564,1231,996
2548,85.07,286,boneka-asli,0.6701,162,674,712,1079
2548,85.07,287,boneka-dummy,0.7820,1111,506,1441,1000
2548,85.07,288,boneka-dummy,0.8198,279,144,618,781
2548,85.07,289,boneka-asli,0.8045,1554,487,1820,959
2548,85.07,291,boneka-asli,0.7141,393,555,1226,1038
2549,85.10,286,boneka-asli,0.6701,86,665,658,1079
2549,85.10,287,boneka-dummy,0.7820,1081,499,1417,994
2549,85.10,288,boneka-dummy,0.8198,356,81,699,700
2549,85.10,289,boneka-asli,0.8045,1526,484,1803,957
2549,85.10,291,boneka-asli,0.7141,321,537,1203,1059
2549,85.10,292,boneka-asli,0.6891,145,0,507,374
2549,85.10,293,boneka-asli,0.7719,22,0,188,236
2550,85.14,286,boneka-asli,0.6701,43,659,621,1079
2550,85.14,287,boneka-dummy,0.7820,1048,499,1395,1004
2550,85.14,288,boneka-dummy,0.8198,418,40,771,654
2550,85.14,289,boneka-asli,0.8045,1499,483,1787,957
2550,85.14,291,boneka-asli,0.7141,259,523,1162,1069
2550,85.14,292,boneka-asli,0.6891,216,0,548,329
2550,85.14,293,boneka-asli,0.7719,37,0,211,246
2551,85.17,286,boneka-asli,0.6701,21,657,587,1079
2551,85.17,287,boneka-dummy,0.7820,1019,502,1376,1017
2551,85.17,288,boneka-dummy,0.8198,479,73,821,643
2551,85.17,289,boneka-asli,0.8045,1468,485,1768,961
2551,85.17,291,boneka-asli,0.7141,215,525,1103,1074
2551,85.17,293,boneka-asli,0.7719,61,0,250,266
2552,85.20,286,boneka-asli,0.6701,10,665,551,1079
2552,85.20,287,boneka-dummy,0.7820,996,505,1355,1018
2552,85.20,288,boneka-dummy,0.8198,535,130,865,657
2552,85.20,289,boneka-asli,0.8045,1437,488,1747,965
2552,85.20,291,boneka-asli,0.7141,188,535,1043,1077
2552,85.20,293,boneka-asli,0.7719,88,0,295,288
2553,85.24,286,boneka-asli,0.6701,5,671,518,1079
2553,85.24,287,boneka-dummy,0.7820,968,506,1336,1031
2553,85.24,288,boneka-dummy,0.8198,563,117,922,674
2553,85.24,289,boneka-asli,0.8045,1409,490,1727,965
2553,85.24,291,boneka-asli,0.7141,160,540,986,1078
2553,85.24,292,boneka-asli,0.6891,280,0,631,330
2553,85.24,293,boneka-asli,0.7719,123,2,342,305
2554,85.27,286,boneka-asli,0.6701,2,673,492,1079
2554,85.27,287,boneka-dummy,0.7820,947,506,1311,1021
2554,85.27,288,boneka-dummy,0.8198,597,152,956,692
2554,85.27,289,boneka-asli,0.8045,1382,489,1709,964
2554,85.27,291,boneka-asli,0.7141,134,542,936,1079
2554,85.27,292,boneka-asli,0.6891,316,0,695,340
2554,85.27,293,boneka-asli,0.7719,156,11,383,323
2555,85.31,286,boneka-asli,0.6701,1,668,463,1079
2555,85.31,287,boneka-dummy,0.7820,927,505,1284,1004
2555,85.31,288,boneka-dummy,0.8198,627,207,980,720
2555,85.31,289,boneka-asli,0.8045,1352,487,1687,963
2555,85.31,291,boneka-asli,0.7141,111,543,894,1079
2555,85.31,292,boneka-asli,0.6891,306,15,688,357
2555,85.31,293,boneka-asli,0.7719,185,42,410,345
2556,85.34,287,boneka-dummy,0.7820,906,506,1258,992
2556,85.34,288,boneka-dummy,0.8198,644,263,999,762
2556,85.34,289,boneka-asli,0.8045,1322,487,1665,963
2556,85.34,291,boneka-asli,0.7141,80,542,846,1079
2556,85.34,292,boneka-asli,0.6891,291,40,672,387
2557,85.37,287,boneka-dummy,0.7820,885,505,1235,982
2557,85.37,288,boneka-dummy,0.8198,651,321,1009,811
2557,85.37,289,boneka-asli,0.8045,1295,486,1645,963
2557,85.37,291,boneka-asli,0.7141,52,542,803,1079
2557,85.37,292,boneka-asli,0.6891,283,71,661,424
2558,85.41,289,boneka-asli,0.8045,1273,484,1629,962
2558,85.41,291,boneka-asli,0.7141,26,540,763,1079
2558,85.41,292,boneka-asli,0.6891,283,111,651,464
2559,85.44,288,boneka-dummy,0.8198,648,402,1027,907
2559,85.44,289,boneka-asli,0.8045,1250,482,1613,961
2559,85.44,291,boneka-asli,0.7141,13,538,726,1079
2559,85.44,292,boneka-asli,0.6891,286,147,650,507
2560,85.47,288,boneka-dummy,0.8198,650,446,1067,985
2560,85.47,289,boneka-asli,0.8045,1230,481,1599,961
2560,85.47,291,boneka-asli,0.7141,6,533,701,1079
2560,85.47,292,boneka-asli,0.6891,288,163,666,551
2561,85.51,288,boneka-dummy,0.8198,662,479,1105,1032
2561,85.51,289,boneka-asli,0.8045,1215,480,1590,962
2561,85.51,291,boneka-asli,0.7141,3,530,682,1079
2561,85.51,292,boneka-asli,0.6891,306,199,674,587
2562,85.54,288,boneka-dummy,0.8198,674,492,1138,1056
2562,85.54,289,boneka-asli,0.8045,1204,479,1585,962
2562,85.54,291,boneka-asli,0.7141,1,526,670,1079
2562,85.54,292,boneka-asli,0.6891,334,228,686,611
2563,85.57,288,boneka-dummy,0.8198,689,502,1164,1068
2563,85.57,289,boneka-asli,0.8045,1197,477,1583,961
2563,85.57,291,boneka-asli,0.7141,0,519,661,1079
2563,85.57,292,boneka-asli,0.6891,339,268,655,617
2563,85.57,293,boneka-asli,0.7719,312,143,561,480
2564,85.61,288,boneka-dummy,0.8198,702,501,1186,1074
2564,85.61,289,boneka-asli,0.8045,1193,474,1583,958
2564,85.61,291,boneka-asli,0.7141,0,510,655,1079
2564,85.61,293,boneka-asli,0.7719,397,212,649,553
2565,85.64,288,boneka-dummy,0.8198,737,520,1212,1077
2565,85.64,289,boneka-asli,0.8045,1193,472,1587,956
2565,85.64,291,boneka-asli,0.7141,0,504,651,1079
2565,85.64,293,boneka-asli,0.7719,464,255,712,589
2566,85.67,288,boneka-dummy,0.8198,774,536,1244,1078
2566,85.67,289,boneka-asli,0.8045,1199,469,1596,954
2566,85.67,291,boneka-asli,0.7141,0,502,649,1079
2566,85.67,293,boneka-asli,0.7719,530,282,770,604
2567,85.71,289,boneka-asli,0.8045,1212,468,1612,954
2567,85.71,291,boneka-asli,0.7141,0,501,650,1079
2568,85.74,288,boneka-dummy,0.8198,775,521,1254,1079
2568,85.74,289,boneka-asli,0.8045,1236,467,1634,951
2568,85.74,291,boneka-asli,0.7141,0,498,653,1079
2569,85.77,288,boneka-dummy,0.8198,738,447,1269,1079
2569,85.77,291,boneka-asli,0.7141,0,494,661,1079
2570,85.81,288,boneka-dummy,0.8198,729,398,1289,1079
2570,85.81,289,boneka-asli,0.8045,1176,455,1625,1001
2570,85.81,291,boneka-asli,0.7141,0,487,673,1079
2571,85.84,288,boneka-dummy,0.8198,737,356,1302,1061
2571,85.84,291,boneka-asli,0.7141,0,483,686,1079
2572,85.87,288,boneka-dummy,0.8198,761,349,1320,1065
2572,85.87,291,boneka-asli,0.7141,12,484,701,1079
2573,85.91,288,boneka-dummy,0.8198,820,432,1301,1043
2573,85.91,289,boneka-asli,0.8045,1147,377,1683,1039
2573,85.91,291,boneka-asli,0.7141,35,492,716,1079
2574,85.94,288,boneka-dummy,0.8198,858,467,1299,1023
2574,85.94,289,boneka-asli,0.8045,1180,383,1724,1059
2574,85.94,291,boneka-asli,0.7141,62,502,733,1079
2575,85.97,288,boneka-dummy,0.8198,882,483,1307,1017
2575,85.97,289,boneka-asli,0.8045,1244,419,1773,1069
2575,85.97,291,boneka-asli,0.7141,93,512,752,1079
2576,86.01,288,boneka-dummy,0.8198,897,490,1319,1017
2576,86.01,289,boneka-asli,0.8045,1303,450,1818,1074
2576,86.01,291,boneka-asli,0.7141,122,520,771,1079
2577,86.04,288,boneka-dummy,0.8198,910,494,1330,1019
2577,86.04,289,boneka-asli,0.8045,1370,490,1858,1077
2577,86.04,291,boneka-asli,0.7141,141,526,783,1079
2578,86.07,288,boneka-dummy,0.8198,918,497,1336,1020
2578,86.07,289,boneka-asli,0.8045,1416,517,1885,1078
2578,86.07,291,boneka-asli,0.7141,153,532,789,1079
2578,86.07,302,boneka-dummy,0.5910,1,638,336,1080
2579,86.11,288,boneka-dummy,0.8198,922,500,1338,1021
2579,86.11,289,boneka-asli,0.8045,1446,534,1902,1079
2579,86.11,291,boneka-asli,0.7141,159,535,792,1079
2580,86.14,288,boneka-dummy,0.8198,920,502,1334,1020
2580,86.14,289,boneka-asli,0.8045,1454,542,1907,1079
2580,86.14,291,boneka-asli,0.7141,162,537,792,1079
2581,86.17,288,boneka-dummy,0.8198,914,501,1329,1021
2581,86.17,289,boneka-asli,0.8045,1450,549,1902,1079
2581,86.17,291,boneka-asli,0.7141,158,534,790,1079
2582,86.21,288,boneka-dummy,0.8198,909,500,1327,1024
2582,86.21,289,boneka-asli,0.8045,1451,552,1904,1079
2582,86.21,291,boneka-asli,0.7141,155,528,789,1079
2582,86.21,302,boneka-dummy,0.5910,0,630,336,1080
2583,86.24,288,boneka-dummy,0.8198,908,498,1329,1027
2583,86.24,289,boneka-asli,0.8045,1437,547,1900,1079
2583,86.24,291,boneka-asli,0.7141,151,521,790,1079
2583,86.24,302,boneka-dummy,0.5910,0,621,338,1080
2584,86.27,288,boneka-dummy,0.8198,910,494,1332,1028
2584,86.27,291,boneka-asli,0.7141,145,514,789,1079
2585,86.31,288,boneka-dummy,0.8198,916,490,1334,1018
2585,86.31,291,boneka-asli,0.7141,142,507,791,1079
2586,86.34,288,boneka-dummy,0.8198,920,489,1344,1026
2586,86.34,291,boneka-asli,0.7141,147,503,798,1079
2587,86.37,288,boneka-dummy,0.8198,931,490,1354,1026
2587,86.37,291,boneka-asli,0.7141,157,500,809,1079
2588,86.41,288,boneka-dummy,0.8198,943,493,1368,1032
2588,86.41,291,boneka-asli,0.7141,172,499,823,1079
2589,86.44,288,boneka-dummy,0.8198,957,497,1384,1039
2589,86.44,291,boneka-asli,0.7141,194,504,838,1079
2589,86.44,302,boneka-dummy,0.5910,10,615,358,1079
2590,86.47,288,boneka-dummy,0.8198,978,501,1406,1045
2590,86.47,291,boneka-asli,0.7141,221,511,857,1079
2590,86.47,302,boneka-dummy,0.5910,23,618,378,1079
2591,86.51,288,boneka-dummy,0.8198,1002,508,1429,1051
2591,86.51,289,boneka-asli,0.8045,1417,515,1882,1054
2591,86.51,291,boneka-asli,0.7141,256,523,881,1079
2591,86.51,302,boneka-dummy,0.5910,46,632,404,1079
2592,86.54,288,boneka-dummy,0.8198,1025,521,1451,1061
2592,86.54,291,boneka-asli,0.7141,295,540,907,1079
2592,86.54,302,boneka-dummy,0.5910,70,655,428,1079
2593,86.57,288,boneka-dummy,0.8198,1049,534,1473,1069
2594,86.61,288,boneka-dummy,0.8198,1075,548,1495,1074
2594,86.61,289,boneka-asli,0.8045,1425,459,1901,1062
2594,86.61,302,boneka-dummy,0.5910,120,696,475,1079
2595,86.64,288,boneka-dummy,0.8198,1102,561,1518,1077
2595,86.64,289,boneka-asli,0.8045,1435,425,1910,1070
2596,86.67,288,boneka-dummy,0.8198,1125,570,1538,1078
2596,86.67,289,boneka-asli,0.8045,1452,412,1915,1074
2597,86.71,288,boneka-dummy,0.8198,1138,571,1554,1079
2597,86.71,289,boneka-asli,0.8045,1475,416,1917,1077
2597,86.71,291,boneka-asli,0.7141,414,575,993,1079
2598,86.74,288,boneka-dummy,0.8198,1144,570,1563,1079
2598,86.74,289,boneka-asli,0.8045,1496,429,1918,1078
2599,86.77,288,boneka-dummy,0.8198,1143,569,1566,1079
2599,86.77,289,boneka-asli,0.8045,1503,427,1919,1079
2599,86.77,302,boneka-dummy,0.5910,149,723,525,1079
2600,86.81,288,boneka-dummy,0.8198,1139,567,1565,1079
2600,86.81,289,boneka-asli,0.8045,1507,416,1919,1079
2600,86.81,302,boneka-dummy,0.5910,155,733,568,1079
2601,86.84,288,boneka-dummy,0.8198,1134,569,1560,1079
2601,86.84,289,boneka-asli,0.8045,1515,421,1919,1079
2602,86.87,288,boneka-dummy,0.8198,1130,570,1557,1079
2602,86.87,289,boneka-asli,0.8045,1532,464,1919,1079
2602,86.87,291,boneka-asli,0.7141,441,589,1013,1079
2603,86.91,288,boneka-dummy,0.8198,1129,568,1558,1079
2603,86.91,289,boneka-asli,0.8045,1549,501,1919,1079
2604,86.94,288,boneka-dummy,0.8198,1130,566,1563,1079
2604,86.94,291,boneka-asli,0.7141,456,586,1038,1079
2605,86.97,288,boneka-dummy,0.8198,1135,565,1570,1079
2605,86.97,289,boneka-asli,0.8045,1566,526,1919,1079
2606,87.01,288,boneka-dummy,0.8198,1143,566,1580,1079
2606,87.01,289,boneka-asli,0.8045,1582,542,1919,1079
2607,87.04,288,boneka-dummy,0.8198,1159,573,1593,1079
2607,87.04,289,boneka-asli,0.8045,1597,557,1919,1079
2608,87.07,288,boneka-dummy,0.8198,1176,582,1606,1079
2608,87.07,289,boneka-asli,0.8045,1611,569,1919,1079
2609,87.11,288,boneka-dummy,0.8198,1194,600,1613,1079
2609,87.11,289,boneka-asli,0.8045,1626,582,1919,1079
2610,87.14,288,boneka-dummy,0.8198,1208,604,1629,1079
2610,87.14,289,boneka-asli,0.8045,1644,591,1919,1079
2611,87.17,288,boneka-dummy,0.8198,1225,605,1649,1079
2611,87.17,289,boneka-asli,0.8045,1660,598,1919,1079
2612,87.21,288,boneka-dummy,0.8198,1244,605,1672,1079
2612,87.21,289,boneka-asli,0.8045,1675,606,1919,1079
2613,87.24,288,boneka-dummy,0.8198,1264,602,1697,1079
2613,87.24,289,boneka-asli,0.8045,1693,619,1919,1079
2614,87.27,288,boneka-dummy,0.8198,1285,598,1724,1079
2615,87.31,288,boneka-dummy,0.8198,1311,596,1754,1079
2616,87.34,288,boneka-dummy,0.8198,1339,594,1787,1079
2616,87.34,291,boneka-asli,0.7141,536,582,1162,1080
2617,87.38,288,boneka-dummy,0.8198,1365,591,1817,1079
2617,87.38,291,boneka-asli,0.7141,605,579,1269,1080
2618,87.41,288,boneka-dummy,0.8198,1384,588,1840,1079
2618,87.41,291,boneka-asli,0.7141,658,573,1351,1079
2619,87.44,288,boneka-dummy,0.8198,1397,584,1857,1079
2619,87.44,291,boneka-asli,0.7141,694,564,1409,1079
2620,87.48,288,boneka-dummy,0.8198,1401,580,1865,1079
2620,87.48,291,boneka-asli,0.7141,714,555,1447,1079
2621,87.51,288,boneka-dummy,0.8198,1397,577,1865,1079
2621,87.51,291,boneka-asli,0.7141,716,546,1465,1079
2622,87.54,288,boneka-dummy,0.8198,1394,573,1863,1079
2622,87.54,291,boneka-asli,0.7141,700,533,1470,1079
2623,87.58,288,boneka-dummy,0.8198,1378,570,1849,1079
2623,87.58,291,boneka-asli,0.7141,668,523,1457,1079
2624,87.61,288,boneka-dummy,0.8198,1358,569,1829,1079
2624,87.61,291,boneka-asli,0.7141,633,514,1436,1079
2625,87.64,288,boneka-dummy,0.8198,1333,568,1805,1079
2625,87.64,291,boneka-asli,0.7141,608,515,1411,1079
2626,87.68,288,boneka-dummy,0.8198,1312,571,1781,1079
2626,87.68,289,boneka-asli,0.8045,1707,623,1919,1079
2626,87.68,291,boneka-asli,0.7141,575,523,1372,1079
2627,87.71,288,boneka-dummy,0.8198,1296,577,1759,1079
2627,87.71,289,boneka-asli,0.8045,1712,629,1919,1079
2627,87.71,291,boneka-asli,0.7141,558,537,1341,1079
2628,87.74,288,boneka-dummy,0.8198,1283,586,1737,1079
2628,87.74,289,boneka-asli,0.8045,1712,631,1919,1079
2628,87.74,291,boneka-asli,0.7141,547,553,1314,1079
2629,87.78,288,boneka-dummy,0.8198,1269,596,1714,1079
2629,87.78,289,boneka-asli,0.8045,1708,631,1919,1079
2629,87.78,291,boneka-asli,0.7141,540,570,1291,1079
2630,87.81,288,boneka-dummy,0.8198,1260,609,1693,1079
2630,87.81,289,boneka-asli,0.8045,1702,638,1917,1079
2630,87.81,291,boneka-asli,0.7141,536,591,1267,1079
2631,87.84,288,boneka-dummy,0.8198,1253,623,1673,1079
2631,87.84,289,boneka-asli,0.8045,1699,648,1913,1079
2632,87.88,288,boneka-dummy,0.8198,1239,640,1644,1079
2632,87.88,289,boneka-asli,0.8045,1697,661,1909,1079
2633,87.91,288,boneka-dummy,0.8198,1226,655,1616,1079
2633,87.91,289,boneka-asli,0.8045,1697,677,1906,1079
2634,87.94,288,boneka-dummy,0.8198,1225,705,1572,1079
2634,87.94,289,boneka-asli,0.8045,1696,691,1902,1079
2635,87.98,288,boneka-dummy,0.8198,1218,737,1537,1079
2635,87.98,289,boneka-asli,0.8045,1689,701,1896,1079
2635,87.98,291,boneka-asli,0.7141,636,648,1239,1050
2636,88.01,288,boneka-dummy,0.8198,1214,767,1508,1079
2636,88.01,289,boneka-asli,0.8045,1681,707,1892,1079
2637,88.04,288,boneka-dummy,0.8198,1190,747,1503,1079
2637,88.04,289,boneka-asli,0.8045,1674,710,1890,1079
2638,88.08,288,boneka-dummy,0.8198,1178,724,1511,1079
2638,88.08,289,boneka-asli,0.8045,1666,709,1890,1079
2638,88.08,291,boneka-asli,0.7141,701,677,1218,1025
2639,88.11,288,boneka-dummy,0.8198,1180,735,1508,1080
2639,88.11,289,boneka-asli,0.8045,1654,705,1887,1079
2639,88.11,291,boneka-asli,0.7141,732,690,1201,1009
2640,88.14,288,boneka-dummy,0.8198,1185,749,1505,1080
2640,88.14,289,boneka-asli,0.8045,1641,700,1885,1079
2640,88.14,291,boneka-asli,0.7141,748,693,1186,995
2641,88.18,288,boneka-dummy,0.8198,1174,742,1507,1080
2641,88.18,289,boneka-asli,0.8045,1628,696,1882,1079
2642,88.21,288,boneka-dummy,0.8198,1168,750,1499,1080
2642,88.21,289,boneka-asli,0.8045,1607,692,1872,1079
2642,88.21,291,boneka-asli,0.7141,755,690,1170,979
2643,88.24,288,boneka-dummy,0.8198,1159,757,1489,1080
2643,88.24,289,boneka-asli,0.8045,1588,686,1864,1079
2643,88.24,291,boneka-asli,0.7141,753,686,1150,966
2644,88.28,288,boneka-dummy,0.8198,1148,763,1477,1080
2644,88.28,289,boneka-asli,0.8045,1563,681,1850,1079
2644,88.28,291,boneka-asli,0.7141,747,683,1132,958
2645,88.31,288,boneka-dummy,0.8198,1138,769,1465,1080
2645,88.31,289,boneka-asli,0.8045,1543,680,1838,1079
2645,88.31,291,boneka-asli,0.7141,737,684,1114,955
2646,88.34,288,boneka-dummy,0.8198,1107,732,1473,1080
2646,88.34,289,boneka-asli,0.8045,1523,679,1825,1079
2646,88.34,291,boneka-asli,0.7141,710,686,1090,956
2646,88.34,310,boneka-dummy,0.7186,1726,850,1909,1078
2647,88.38,288,boneka-dummy,0.8198,1093,721,1469,1080
2647,88.38,289,boneka-asli,0.8045,1506,680,1814,1079
2647,88.38,310,boneka-dummy,0.7186,1727,850,1902,1066
2648,88.41,288,boneka-dummy,0.8198,1091,735,1454,1080
2648,88.41,289,boneka-asli,0.8045,1491,680,1803,1079
2648,88.41,291,boneka-asli,0.7141,696,690,1072,956
2648,88.41,310,boneka-dummy,0.7186,1715,846,1896,1069
2649,88.44,288,boneka-dummy,0.8198,1089,747,1441,1080
2649,88.44,289,boneka-asli,0.8045,1474,678,1791,1079
2649,88.44,310,boneka-dummy,0.7186,1700,840,1891,1074
2650,88.48,288,boneka-dummy,0.8198,1081,741,1439,1080
2650,88.48,289,boneka-asli,0.8045,1459,672,1784,1079
2650,88.48,291,boneka-asli,0.7141,701,686,1065,943
2650,88.48,310,boneka-dummy,0.7186,1684,829,1889,1077
2651,88.51,288,boneka-dummy,0.8198,1078,741,1434,1079
2651,88.51,289,boneka-asli,0.8045,1446,666,1775,1079
2652,88.54,288,boneka-dummy,0.8198,1072,729,1430,1070
2652,88.54,289,boneka-asli,0.8045,1434,658,1768,1079
2652,88.54,291,boneka-asli,0.7141,709,674,1061,924
2652,88.54,313,boneka-dummy,0.8028,407,642,1064,1080
2653,88.58,288,boneka-dummy,0.8198,1070,723,1421,1059
2653,88.58,289,boneka-asli,0.8045,1425,650,1760,1074
2653,88.58,291,boneka-asli,0.7141,718,664,1058,907
2653,88.58,313,boneka-dummy,0.8028,403,637,1066,1080
2654,88.61,288,boneka-dummy,0.8198,1070,720,1411,1046
2654,88.61,289,boneka-asli,0.8045,1411,643,1744,1068
2654,88.61,291,boneka-asli,0.7141,721,653,1056,893
2654,88.61,310,boneka-dummy,0.7186,1652,808,1879,1078
2655,88.64,288,boneka-dummy,0.8198,1068,713,1401,1031
2655,88.64,289,boneka-asli,0.8045,1398,635,1727,1059
2656,88.68,288,boneka-dummy,0.8198,1066,708,1391,1018
2656,88.68,289,boneka-asli,0.8045,1390,627,1712,1043
2656,88.68,291,boneka-asli,0.7141,722,639,1050,876
2656,88.68,310,boneka-dummy,0.7186,1611,786,1858,1078
2657,88.71,288,boneka-dummy,0.8198,1060,695,1385,1007
2657,88.71,289,boneka-asli,0.8045,1385,618,1700,1028
2657,88.71,310,boneka-dummy,0.7186,1575,766,1840,1078
2658,88.74,288,boneka-dummy,0.8198,1057,687,1375,991
2658,88.74,289,boneka-asli,0.8045,1381,609,1689,1011
2658,88.74,291,boneka-asli,0.7141,671,620,1111,953
2658,88.74,310,boneka-dummy,0.7186,1548,761,1819,1078
2659,88.78,288,boneka-dummy,0.8198,1053,674,1367,975
2659,88.78,289,boneka-asli,0.8045,1373,597,1676,994
2659,88.78,291,boneka-asli,0.7141,646,605,1150,1008
2659,88.78,310,boneka-dummy,0.7186,1520,742,1810,1078
2660,88.81,288,boneka-dummy,0.8198,1041,643,1368,961
2660,88.81,289,boneka-asli,0.8045,1362,585,1659,976
2660,88.81,310,boneka-dummy,0.7186,1496,723,1801,1078
2660,88.81,313,boneka-dummy,0.8028,399,600,1108,1079
2661,88.84,288,boneka-dummy,0.8198,1024,607,1367,946
2661,88.84,289,boneka-asli,0.8045,1355,576,1646,959
2661,88.84,291,boneka-asli,0.7141,628,585,1166,1043
2661,88.84,310,boneka-dummy,0.7186,1479,719,1789,1078
2662,88.88,288,boneka-dummy,0.8198,1019,591,1359,931
2662,88.88,289,boneka-asli,0.8045,1350,566,1639,946
2662,88.88,291,boneka-asli,0.7141,627,570,1167,1057
2662,88.88,310,boneka-dummy,0.7186,1460,699,1785,1078
2663,88.91,288,boneka-dummy,0.8198,1022,594,1345,918
2663,88.91,289,boneka-asli,0.8045,1345,556,1631,932
2663,88.91,310,boneka-dummy,0.7186,1444,682,1781,1078
2664,88.94,288,boneka-dummy,0.8198,1029,597,1334,905
2664,88.94,289,boneka-asli,0.8045,1341,546,1624,920
2664,88.94,291,boneka-asli,0.7141,637,549,1156,1047
2664,88.94,310,boneka-dummy,0.7186,1433,667,1775,1073
2664,88.94,313,boneka-dummy,0.8028,341,567,1075,1079
2665,88.98,288,boneka-dummy,0.8198,1032,600,1324,893
2665,88.98,289,boneka-asli,0.8045,1333,536,1612,907
2665,88.98,291,boneka-asli,0.7141,652,533,1142,1030
2665,88.98,310,boneka-dummy,0.7186,1427,656,1768,1064
2666,89.01,288,boneka-dummy,0.8198,1025,577,1325,881
2666,89.01,289,boneka-asli,0.8045,1327,528,1601,896
2666,89.01,310,boneka-dummy,0.7186,1424,642,1763,1053
2666,89.01,313,boneka-dummy,0.8028,309,543,1047,1078
2667,89.04,288,boneka-dummy,0.8198,1027,572,1320,869
2667,89.04,289,boneka-asli,0.8045,1326,522,1596,885
2667,89.04,310,boneka-dummy,0.7186,1421,632,1756,1041
2667,89.04,313,boneka-dummy,0.8028,296,523,1028,1078
2668,89.08,288,boneka-dummy,0.8198,1032,577,1308,856
2668,89.08,289,boneka-asli,0.8045,1323,514,1590,874
2668,89.08,310,boneka-dummy,0.7186,1420,627,1746,1028
2668,89.08,313,boneka-dummy,0.8028,289,505,1013,1078
2669,89.11,288,boneka-dummy,0.8198,1030,576,1301,849
2669,89.11,289,boneka-asli,0.8045,1319,505,1586,864
2669,89.11,291,boneka-asli,0.7141,670,502,1126,995
2669,89.11,310,boneka-dummy,0.7186,1416,617,1739,1015
2669,89.11,313,boneka-dummy,0.8028,287,491,999,1078
2670,89.14,288,boneka-dummy,0.8198,1025,571,1295,842
2670,89.14,289,boneka-asli,0.8045,1316,497,1581,853
2670,89.14,291,boneka-asli,0.7141,685,481,1110,970
2670,89.14,310,boneka-dummy,0.7186,1409,605,1729,1002
2670,89.14,313,boneka-dummy,0.8028,288,480,985,1078
2671,89.18,288,boneka-dummy,0.8198,1017,557,1291,832
2671,89.18,289,boneka-asli,0.8045,1308,488,1571,842
2671,89.18,310,boneka-dummy,0.7186,1403,593,1720,989
2671,89.18,313,boneka-dummy,0.8028,288,467,974,1078
2672,89.21,288,boneka-dummy,0.8198,1005,530,1294,823
2672,89.21,289,boneka-asli,0.8045,1303,480,1564,833
2672,89.21,310,boneka-dummy,0.7186,1401,591,1709,977
2672,89.21,313,boneka-dummy,0.8028,290,457,963,1078
2673,89.24,288,boneka-dummy,0.8198,1000,523,1286,814
2673,89.24,289,boneka-asli,0.8045,1295,475,1555,826
2673,89.24,310,boneka-dummy,0.7186,1395,584,1699,966
2673,89.24,313,boneka-dummy,0.8028,293,450,952,1078
2674,89.28,288,boneka-dummy,0.8198,1001,525,1276,806
2674,89.28,289,boneka-asli,0.8045,1288,469,1545,817
2674,89.28,310,boneka-dummy,0.7186,1390,583,1687,957
2674,89.28,313,boneka-dummy,0.8028,300,442,948,1078
2675,89.31,288,boneka-dummy,0.8198,1000,522,1270,798
2675,89.31,289,boneka-asli,0.8045,1284,462,1539,807
2675,89.31,310,boneka-dummy,0.7186,1387,585,1677,949
2675,89.31,313,boneka-dummy,0.8028,303,436,940,1079
2676,89.34,288,boneka-dummy,0.8198,997,518,1265,792
2676,89.34,289,boneka-asli,0.8045,1282,456,1537,801
2676,89.34,310,boneka-dummy,0.7186,1380,572,1674,941
2676,89.34,313,boneka-dummy,0.8028,303,429,930,1079
2677,89.38,288,boneka-dummy,0.8198,993,514,1260,786
2677,89.38,289,boneka-asli,0.8045,1279,450,1536,795
2677,89.38,310,boneka-dummy,0.7186,1376,559,1673,934
2677,89.38,313,boneka-dummy,0.8028,305,421,922,1078
2678,89.41,288,boneka-dummy,0.8198,988,507,1257,782
2678,89.41,289,boneka-asli,0.8045,1277,445,1535,792
2678,89.41,310,boneka-dummy,0.7186,1371,551,1670,928
2678,89.41,313,boneka-dummy,0.8028,307,414,915,1076
2679,89.45,288,boneka-dummy,0.8198,982,497,1256,778
2679,89.45,289,boneka-asli,0.8045,1274,442,1534,790
2679,89.45,310,boneka-dummy,0.7186,1368,545,1666,923
2679,89.45,313,boneka-dummy,0.8028,312,409,908,1073
2680,89.48,288,boneka-dummy,0.8198,981,495,1254,775
2680,89.48,289,boneka-asli,0.8045,1269,438,1532,788
2680,89.48,310,boneka-dummy,0.7186,1369,544,1664,920
2680,89.48,313,boneka-dummy,0.8028,316,404,901,1070
2680,89.48,316,boneka-asli,0.6381,1296,871,1647,1076
2681,89.51,288,boneka-dummy,0.8198,982,497,1251,772
2681,89.51,289,boneka-asli,0.8045,1267,434,1532,785
2681,89.51,310,boneka-dummy,0.7186,1374,554,1660,917
2681,89.51,313,boneka-dummy,0.8028,320,400,898,1070
2681,89.51,316,boneka-asli,0.6381,1292,868,1649,1076
2681,89.51,317,boneka-asli,0.5795,24,685,510,1080
2682,89.55,288,boneka-dummy,0.8198,980,490,1252,769
2682,89.55,289,boneka-asli,0.8045,1266,430,1532,783
2682,89.55,310,boneka-dummy,0.7186,1373,548,1662,914
2682,89.55,313,boneka-dummy,0.8028,324,396,894,1070
2682,89.55,316,boneka-asli,0.6381,1286,862,1653,1076
2683,89.58,288,boneka-dummy,0.8198,981,485,1253,765
2683,89.58,289,boneka-asli,0.8045,1264,427,1531,781
2683,89.58,310,boneka-dummy,0.7186,1369,539,1661,910
2683,89.58,313,boneka-dummy,0.8028,329,392,894,1073
2683,89.58,316,boneka-asli,0.6381,1280,856,1657,1077
2683,89.58,317,boneka-asli,0.5795,18,684,505,1080
2684,89.61,288,boneka-dummy,0.8198,981,484,1250,760
2684,89.61,289,boneka-asli,0.8045,1263,425,1530,779
2684,89.61,310,boneka-dummy,0.7186,1366,531,1660,906
2684,89.61,313,boneka-dummy,0.8028,332,389,890,1072
2685,89.65,288,boneka-dummy,0.8198,981,484,1247,757
2685,89.65,289,boneka-asli,0.8045,1261,423,1529,778
2685,89.65,310,boneka-dummy,0.7186,1363,524,1658,902
2685,89.65,313,boneka-dummy,0.8028,334,387,886,1072
2686,89.68,288,boneka-dummy,0.8198,977,477,1248,755
2686,89.68,289,boneka-asli,0.8045,1260,422,1527,776
2686,89.68,291,boneka-asli,0.7141,690,451,1064,909
2686,89.68,310,boneka-dummy,0.7186,1361,520,1655,898
2686,89.68,313,boneka-dummy,0.8028,336,384,883,1071
2687,89.71,288,boneka-dummy,0.8198,965,453,1255,754
2687,89.71,289,boneka-asli,0.8045,1260,422,1527,775
2687,89.71,291,boneka-asli,0.7141,698,449,1029,877
2687,89.71,310,boneka-dummy,0.7186,1360,520,1654,898
2687,89.71,313,boneka-dummy,0.8028,336,382,878,1070
2688,89.75,288,boneka-dummy,0.8198,962,452,1251,754
2688,89.75,289,boneka-asli,0.8045,1257,422,1524,774
2688,89.75,291,boneka-asli,0.7141,696,428,1014,862
2688,89.75,310,boneka-dummy,0.7186,1358,519,1653,899
2688,89.75,313,boneka-dummy,0.8028,332,381,870,1072
2689,89.78,288,boneka-dummy,0.8198,962,464,1241,754
2689,89.78,289,boneka-asli,0.8045,1253,422,1522,776
2689,89.78,310,boneka-dummy,0.7186,1355,520,1651,900
2689,89.78,313,boneka-dummy,0.8028,331,380,867,1072
2690,89.81,288,boneka-dummy,0.8198,962,471,1235,755
2690,89.81,289,boneka-asli,0.8045,1250,422,1518,776
2690,89.81,310,boneka-dummy,0.7186,1350,520,1645,902
2690,89.81,313,boneka-dummy,0.8028,324,382,854,1071
2690,89.81,317,boneka-asli,0.5795,9,671,497,1079
2691,89.85,288,boneka-dummy,0.8198,959,473,1231,757
2691,89.85,289,boneka-asli,0.8045,1243,422,1510,776
2691,89.85,310,boneka-dummy,0.7186,1346,523,1641,905
2691,89.85,313,boneka-dummy,0.8028,319,384,845,1070
2691,89.85,316,boneka-asli,0.6381,1266,859,1635,1077
2691,89.85,317,boneka-asli,0.5795,4,664,495,1079
2692,89.88,288,boneka-dummy,0.8198,952,467,1230,759
2692,89.88,289,boneka-asli,0.8045,1237,423,1504,778
2692,89.88,310,boneka-dummy,0.7186,1342,530,1635,909
2692,89.88,313,boneka-dummy,0.8028,308,386,831,1071
2692,89.88,316,boneka-asli,0.6381,1260,864,1617,1076
2692,89.88,317,boneka-asli,0.5795,2,662,485,1079
2693,89.91,288,boneka-dummy,0.8198,945,466,1225,762
2693,89.91,289,boneka-asli,0.8045,1231,424,1499,780
2693,89.91,310,boneka-dummy,0.7186,1342,545,1628,913
2693,89.91,313,boneka-dummy,0.8028,297,390,816,1073
2694,89.95,288,boneka-dummy,0.8198,941,470,1219,764
2694,89.95,289,boneka-asli,0.8045,1225,426,1493,782
2694,89.95,310,boneka-dummy,0.7186,1339,554,1624,918
2694,89.95,313,boneka-dummy,0.8028,286,393,803,1076
2695,89.98,288,boneka-dummy,0.8198,938,473,1214,766
2695,89.98,289,boneka-asli,0.8045,1220,427,1490,784
2695,89.98,310,boneka-dummy,0.7186,1335,559,1621,922
2695,89.98,313,boneka-dummy,0.8028,278,396,791,1078
2695,89.98,317,boneka-asli,0.5795,1,673,462,1079
2696,90.01,288,boneka-dummy,0.8198,934,472,1212,768
2696,90.01,289,boneka-asli,0.8045,1217,429,1487,787
2696,90.01,310,boneka-dummy,0.7186,1328,551,1622,925
2696,90.01,313,boneka-dummy,0.8028,272,398,782,1079
2696,90.01,317,boneka-asli,0.5795,0,678,445,1079
2697,90.05,288,boneka-dummy,0.8198,931,470,1211,770
2697,90.05,289,boneka-asli,0.8045,1215,430,1485,789
2697,90.05,310,boneka-dummy,0.7186,1321,544,1622,927
2697,90.05,313,boneka-dummy,0.8028,268,399,776,1079
2697,90.05,317,boneka-asli,0.5795,0,680,434,1079
2698,90.08,288,boneka-dummy,0.8198,931,472,1210,771
2698,90.08,289,boneka-asli,0.8045,1213,430,1484,791
2698,90.08,310,boneka-dummy,0.7186,1318,539,1623,930
2698,90.08,313,boneka-dummy,0.8028,266,400,773,1079
2699,90.11,288,boneka-dummy,0.8198,936,485,1205,772
2699,90.11,289,boneka-asli,0.8045,1212,431,1483,791
2699,90.11,310,boneka-dummy,0.7186,1317,539,1622,932
2699,90.11,313,boneka-dummy,0.8028,267,401,771,1079
2700,90.15,288,boneka-dummy,0.8198,940,493,1203,773
2700,90.15,289,boneka-asli,0.8045,1214,431,1484,792
2700,90.15,310,boneka-dummy,0.7186,1320,541,1624,933
2700,90.15,313,boneka-dummy,0.8028,269,404,771,1079
2701,90.18,288,boneka-dummy,0.8198,939,489,1207,773
2701,90.18,289,boneka-asli,0.8045,1217,431,1486,792
2701,90.18,310,boneka-dummy,0.7186,1323,543,1627,935
2701,90.18,313,boneka-dummy,0.8028,273,405,772,1079
2702,90.21,288,boneka-dummy,0.8198,937,477,1216,775
2702,90.21,289,boneka-asli,0.8045,1221,431,1490,792
2702,90.21,310,boneka-dummy,0.7186,1331,553,1629,937
2702,90.21,313,boneka-dummy,0.8028,279,403,779,1079
2703,90.25,288,boneka-dummy,0.8198,940,478,1221,778
2703,90.25,289,boneka-asli,0.8045,1225,432,1492,793
2703,90.25,310,boneka-dummy,0.7186,1336,551,1637,939
2703,90.25,313,boneka-dummy,0.8028,288,402,788,1079
2704,90.28,288,boneka-dummy,0.8198,943,480,1227,782
2704,90.28,289,boneka-asli,0.8045,1237,436,1504,797
2704,90.28,310,boneka-dummy,0.7186,1342,554,1643,941
2704,90.28,313,boneka-dummy,0.8028,295,402,794,1079
2705,90.31,288,boneka-dummy,0.8198,950,485,1232,785
2705,90.31,289,boneka-asli,0.8045,1248,440,1516,801
2705,90.31,310,boneka-dummy,0.7186,1349,555,1651,945
2705,90.31,313,boneka-dummy,0.8028,305,403,803,1079
2706,90.35,288,boneka-dummy,0.8198,959,491,1239,787
2706,90.35,289,boneka-asli,0.8045,1260,444,1529,804
2706,90.35,291,boneka-asli,0.7141,689,414,1006,879
2706,90.35,310,boneka-dummy,0.7186,1361,565,1658,949
2706,90.35,313,boneka-dummy,0.8028,316,406,813,1079
2706,90.35,316,boneka-asli,0.6381,1293,885,1620,1075
2707,90.38,288,boneka-dummy,0.8198,970,496,1248,790
2707,90.38,289,boneka-asli,0.8045,1268,447,1538,807
2707,90.38,291,boneka-asli,0.7141,692,410,1002,889
2707,90.38,310,boneka-dummy,0.7186,1371,572,1668,954
2707,90.38,313,boneka-dummy,0.8028,330,409,825,1079
2707,90.38,316,boneka-asli,0.6381,1311,898,1626,1075
2707,90.38,317,boneka-asli,0.5795,0,673,450,1079
2708,90.41,288,boneka-dummy,0.8198,975,485,1265,794
2708,90.41,289,boneka-asli,0.8045,1276,450,1545,811
2708,90.41,310,boneka-dummy,0.7186,1382,574,1681,959
2708,90.41,313,boneka-dummy,0.8028,343,416,835,1079
2708,90.41,317,boneka-asli,0.5795,0,665,462,1079
2709,90.45,288,boneka-dummy,0.8198,992,502,1272,799
2709,90.45,289,boneka-asli,0.8045,1289,454,1559,815
2709,90.45,310,boneka-dummy,0.7186,1393,573,1696,964
2709,90.45,313,boneka-dummy,0.8028,357,421,846,1079
2709,90.45,317,boneka-asli,0.5795,0,660,470,1079
2710,90.48,288,boneka-dummy,0.8198,1010,520,1279,802
2710,90.48,289,boneka-asli,0.8045,1301,460,1570,820
2710,90.48,310,boneka-dummy,0.7186,1406,576,1711,970
2710,90.48,313,boneka-dummy,0.8028,373,427,858,1079
2711,90.51,288,boneka-dummy,0.8198,1026,530,1290,806
2711,90.51,289,boneka-asli,0.8045,1311,465,1581,827
2711,90.51,310,boneka-dummy,0.7186,1419,576,1728,977
2711,90.51,313,boneka-dummy,0.8028,389,431,872,1079
2712,90.55,288,boneka-dummy,0.8198,1031,513,1314,810
2712,90.55,289,boneka-asli,0.8045,1326,470,1597,832
2712,90.55,310,boneka-dummy,0.7186,1433,580,1743,982
2712,90.55,313,boneka-dummy,0.8028,406,436,885,1079
2712,90.55,317,boneka-asli,0.5795,11,662,487,1079
2713,90.58,288,boneka-dummy,0.8198,1045,516,1331,817
2713,90.58,289,boneka-asli,0.8045,1343,475,1614,837
2713,90.58,291,boneka-asli,0.7141,751,427,1046,909
2713,90.58,310,boneka-dummy,0.7186,1453,597,1756,990
2713,90.58,313,boneka-dummy,0.8028,429,444,904,1079
2713,90.58,317,boneka-asli,0.5795,21,667,500,1079
2714,90.61,288,boneka-dummy,0.8198,1063,526,1347,825
2714,90.61,289,boneka-asli,0.8045,1361,483,1633,845
2714,90.61,310,boneka-dummy,0.7186,1471,602,1777,999
2714,90.61,313,boneka-dummy,0.8028,450,450,921,1079
2714,90.61,316,boneka-asli,0.6381,1380,929,1666,1075
2715,90.65,288,boneka-dummy,0.8198,1088,542,1365,832
2715,90.65,289,boneka-asli,0.8045,1382,492,1657,855
2715,90.65,310,boneka-dummy,0.7186,1493,609,1802,1009
2715,90.65,313,boneka-dummy,0.8028,480,460,944,1079
2716,90.68,288,boneka-dummy,0.8198,1120,561,1390,842
2716,90.68,289,boneka-asli,0.8045,1411,503,1688,866
2716,90.68,310,boneka-dummy,0.7186,1521,616,1835,1023
2716,90.68,313,boneka-dummy,0.8028,524,469,984,1079
2717,90.71,288,boneka-dummy,0.8198,1151,567,1426,854
2717,90.71,289,boneka-asli,0.8045,1444,514,1724,878
2717,90.71,310,boneka-dummy,0.7186,1556,627,1873,1040
2717,90.71,313,boneka-dummy,0.8028,583,480,1041,1079
2718,90.75,288,boneka-dummy,0.8198,1182,573,1464,868
2718,90.75,289,boneka-asli,0.8045,1481,527,1765,892
2718,90.75,310,boneka-dummy,0.7186,1590,642,1896,1057
2718,90.75,313,boneka-dummy,0.8028,647,494,1103,1079
2719,90.78,288,boneka-dummy,0.8198,1224,593,1503,884
2719,90.78,289,boneka-asli,0.8045,1525,541,1814,909
2719,90.78,310,boneka-dummy,0.7186,1628,660,1908,1068
2719,90.78,313,boneka-dummy,0.8028,718,512,1168,1079
2720,90.81,288,boneka-dummy,0.8198,1263,591,1559,901
2720,90.81,289,boneka-asli,0.8045,1558,553,1867,957
2720,90.81,310,boneka-dummy,0.7186,1675,694,1914,1074
2720,90.81,313,boneka-dummy,0.8028,791,529,1236,1079
2721,90.85,288,boneka-dummy,0.8198,1320,611,1614,919
2721,90.85,289,boneka-asli,0.8045,1603,569,1893,973
2721,90.85,313,boneka-dummy,0.8028,873,548,1311,1079
2722,90.88,288,boneka-dummy,0.8198,1378,609,1690,940
2722,90.88,289,boneka-asli,0.8045,1653,594,1906,983
2722,90.88,313,boneka-dummy,0.8028,973,567,1403,1079
2723,90.91,288,boneka-dummy,0.8198,1463,638,1768,963
2723,90.91,313,boneka-dummy,0.8028,1083,593,1501,1079
2724,90.95,288,boneka-dummy,0.8198,1538,647,1844,998
2724,90.95,313,boneka-dummy,0.8028,1215,620,1622,1079
2725,90.98,313,boneka-dummy,0.8028,1346,643,1743,1079
2726,91.01,313,boneka-dummy,0.8028,1482,674,1831,1079
2770,92.48,322,boneka-asli,0.7575,16,575,115,787
2771,92.52,322,boneka-asli,0.7575,30,576,128,786
2772,92.55,322,boneka-asli,0.7575,54,574,152,783
2773,92.58,322,boneka-asli,0.7575,84,570,183,777
2774,92.62,322,boneka-asli,0.7575,116,565,216,769
2775,92.65,322,boneka-asli,0.7575,145,559,246,760
2776,92.68,322,boneka-asli,0.7575,174,553,275,750
2777,92.72,322,boneka-asli,0.7575,197,546,299,740
2778,92.75,322,boneka-asli,0.7575,218,537,321,728
2779,92.78,322,boneka-asli,0.7575,234,525,339,716
2780,92.82,322,boneka-asli,0.7575,246,511,354,703
2781,92.85,322,boneka-asli,0.7575,254,495,364,687
2782,92.88,322,boneka-asli,0.7575,259,481,371,673
2783,92.92,322,boneka-asli,0.7575,261,469,374,657
2784,92.95,322,boneka-asli,0.7575,263,459,376,643
2785,92.98,322,boneka-asli,0.7575,262,452,378,636
2786,93.02,322,boneka-asli,0.7575,261,448,379,632
2787,93.05,322,boneka-asli,0.7575,259,446,379,630
2788,93.08,322,boneka-asli,0.7575,259,446,380,628
2789,93.12,322,boneka-asli,0.7575,259,446,382,628
2790,93.15,322,boneka-asli,0.7575,259,448,382,628
2791,93.18,322,boneka-asli,0.7575,257,451,382,629
2792,93.22,322,boneka-asli,0.7575,257,453,382,629
2793,93.25,322,boneka-asli,0.7575,257,455,381,628
2794,93.28,322,boneka-asli,0.7575,257,456,380,627
2795,93.32,322,boneka-asli,0.7575,255,456,379,625
2796,93.35,322,boneka-asli,0.7575,254,457,377,625
2797,93.38,322,boneka-asli,0.7575,250,457,374,625
2798,93.42,322,boneka-asli,0.7575,246,458,372,627
2799,93.45,322,boneka-asli,0.7575,240,457,370,629
2800,93.49,322,boneka-asli,0.7575,232,457,362,629
2801,93.52,322,boneka-asli,0.7575,226,457,359,632
2802,93.55,322,boneka-asli,0.7575,227,457,361,633
2803,93.59,322,boneka-asli,0.7575,232,455,367,628
2804,93.62,322,boneka-asli,0.7575,239,449,373,619
2805,93.65,322,boneka-asli,0.7575,249,441,383,607
2806,93.69,322,boneka-asli,0.7575,259,435,393,598
2807,93.72,322,boneka-asli,0.7575,263,432,395,590
2808,93.75,322,boneka-asli,0.7575,258,431,389,584
2809,93.79,322,boneka-asli,0.7575,247,431,382,586
2810,93.82,322,boneka-asli,0.7575,234,434,372,589
2811,93.85,322,boneka-asli,0.7575,220,439,356,591
2812,93.89,322,boneka-asli,0.7575,202,443,337,590
2813,93.92,322,boneka-asli,0.7575,181,444,317,589
2814,93.95,322,boneka-asli,0.7575,159,447,298,590
2815,93.99,322,boneka-asli,0.7575,138,454,283,599
2816,94.02,322,boneka-asli,0.7575,120,464,272,614
2817,94.05,322,boneka-asli,0.7575,107,477,265,633
2818,94.09,322,boneka-asli,0.7575,100,495,258,648
2819,94.12,322,boneka-asli,0.7575,98,514,253,662
2820,94.15,322,boneka-asli,0.7575,95,533,251,681
2821,94.19,322,boneka-asli,0.7575,93,551,251,700
2822,94.22,322,boneka-asli,0.7575,92,566,252,716
2823,94.25,322,boneka-asli,0.7575,91,578,253,727
2825,94.32,322,boneka-asli,0.7575,86,594,248,741
2826,94.35,322,boneka-asli,0.7575,84,607,247,755
2827,94.39,322,boneka-asli,0.7575,77,623,243,770
2828,94.42,322,boneka-asli,0.7575,67,640,236,790
2829,94.45,322,boneka-asli,0.7575,57,657,230,808
2830,94.49,322,boneka-asli,0.7575,45,672,226,830
2833,94.59,333,boneka-dummy,0.6207,1306,178,1910,1080
2835,94.65,333,boneka-dummy,0.6207,1311,188,1906,1075
2836,94.69,333,boneka-dummy,0.6207,1306,194,1895,1068
2837,94.72,333,boneka-dummy,0.6207,1334,200,1882,1008
2838,94.75,333,boneka-dummy,0.6207,1375,205,1877,939
2841,94.85,333,boneka-dummy,0.6207,1378,206,1849,891
2843,94.92,333,boneka-dummy,0.6207,1381,201,1839,865
2958,98.76,352,boneka-asli,0.6682,1803,628,1916,839
2959,98.79,352,boneka-asli,0.6682,1798,625,1918,852
2960,98.83,352,boneka-asli,0.6682,1792,623,1919,869
2961,98.86,352,boneka-asli,0.6682,1789,623,1919,885
2962,98.89,352,boneka-asli,0.6682,1783,624,1919,899
2963,98.93,352,boneka-asli,0.6682,1775,629,1919,919
2965,98.99,352,boneka-asli,0.6682,1750,650,1905,948
2966,99.03,352,boneka-asli,0.6682,1718,672,1879,974
2967,99.06,352,boneka-asli,0.6682,1689,699,1852,999
2967,99.06,353,boneka-asli,0.8103,1797,713,1909,900
2968,99.09,352,boneka-asli,0.6682,1653,718,1819,1020
2968,99.09,353,boneka-asli,0.8103,1780,722,1891,908
2969,99.13,352,boneka-asli,0.6682,1607,737,1776,1042
2969,99.13,353,boneka-asli,0.8103,1752,733,1854,901
2970,99.16,352,boneka-asli,0.6682,1560,751,1733,1060
2970,99.16,353,boneka-asli,0.8103,1712,746,1814,911
2971,99.19,352,boneka-asli,0.6682,1512,766,1686,1070
2971,99.19,353,boneka-asli,0.8103,1664,758,1777,938
2972,99.23,352,boneka-asli,0.6682,1464,780,1636,1075
2972,99.23,353,boneka-asli,0.8103,1617,771,1737,960
2973,99.26,352,boneka-asli,0.6682,1419,792,1588,1077
2973,99.26,353,boneka-asli,0.8103,1577,782,1701,976
2974,99.29,352,boneka-asli,0.6682,1384,802,1550,1078
2974,99.29,353,boneka-asli,0.8103,1546,794,1669,984
2974,99.29,356,boneka-dummy,0.6638,1608,870,1748,1034
2975,99.33,352,boneka-asli,0.6682,1355,812,1518,1079
2975,99.33,353,boneka-asli,0.8103,1521,805,1645,994
2975,99.33,356,boneka-dummy,0.6638,1603,876,1745,1042
2976,99.36,352,boneka-asli,0.6682,1333,821,1494,1079
2976,99.36,353,boneka-asli,0.8103,1504,815,1626,1000
2976,99.36,356,boneka-dummy,0.6638,1593,885,1739,1056
2977,99.39,352,boneka-asli,0.6682,1317,834,1473,1079
2977,99.39,353,boneka-asli,0.8103,1491,825,1612,1004
2977,99.39,356,boneka-dummy,0.6638,1582,895,1728,1066
2978,99.43,352,boneka-asli,0.6682,1304,843,1458,1079
2978,99.43,353,boneka-asli,0.8103,1479,832,1602,1013
2978,99.43,356,boneka-dummy,0.6638,1571,904,1716,1073
2979,99.46,352,boneka-asli,0.6682,1299,849,1449,1078
2979,99.46,353,boneka-asli,0.8103,1464,840,1596,1032
2979,99.46,356,boneka-dummy,0.6638,1561,912,1702,1076
2980,99.49,352,boneka-asli,0.6682,1298,855,1441,1068
2980,99.49,353,boneka-asli,0.8103,1453,848,1592,1048
2980,99.49,356,boneka-dummy,0.6638,1555,920,1690,1078
2981,99.53,352,boneka-asli,0.6682,1293,857,1437,1066
2981,99.53,353,boneka-asli,0.8103,1447,852,1592,1061
2981,99.53,356,boneka-dummy,0.6638,1552,924,1685,1079
2982,99.56,352,boneka-asli,0.6682,1286,859,1436,1069
2982,99.56,353,boneka-asli,0.8103,1453,854,1593,1054
2982,99.56,356,boneka-dummy,0.6638,1555,927,1686,1079
2983,99.59,353,boneka-asli,0.8103,1459,853,1597,1048
2983,99.59,356,boneka-dummy,0.6638,1558,926,1690,1079
2984,99.63,352,boneka-asli,0.6682,1280,858,1439,1074
2984,99.63,353,boneka-asli,0.8103,1467,849,1606,1043
2984,99.63,356,boneka-dummy,0.6638,1563,923,1697,1079
2985,99.66,352,boneka-asli,0.6682,1280,861,1445,1077
2985,99.66,353,boneka-asli,0.8103,1474,846,1614,1040
2985,99.66,356,boneka-dummy,0.6638,1570,921,1706,1079
2986,99.70,353,boneka-asli,0.8103,1481,844,1621,1035
2986,99.70,356,boneka-dummy,0.6638,1576,919,1712,1079
2987,99.73,352,boneka-asli,0.6682,1279,868,1444,1078
2987,99.73,353,boneka-asli,0.8103,1489,842,1630,1033
2987,99.73,356,boneka-dummy,0.6638,1583,918,1720,1079
2988,99.76,352,boneka-asli,0.6682,1278,873,1444,1079
2988,99.76,353,boneka-asli,0.8103,1496,842,1641,1037
2988,99.76,356,boneka-dummy,0.6638,1591,917,1728,1079
2988,99.76,358,boneka-dummy,0.6647,1376,849,1508,1033
2989,99.80,352,boneka-asli,0.6682,1275,875,1443,1079
2989,99.80,353,boneka-asli,0.8103,1500,841,1654,1047
2989,99.80,356,boneka-dummy,0.6638,1597,917,1734,1079
2989,99.80,358,boneka-dummy,0.6647,1378,847,1511,1033
2990,99.83,352,boneka-asli,0.6682,1272,877,1441,1079
2990,99.83,353,boneka-asli,0.8103,1504,840,1663,1056
2990,99.83,356,boneka-dummy,0.6638,1601,918,1737,1079
2991,99.86,352,boneka-asli,0.6682,1275,882,1440,1079
2991,99.86,353,boneka-asli,0.8103,1508,842,1672,1065
2991,99.86,356,boneka-dummy,0.6638,1608,924,1739,1079
2991,99.86,358,boneka-dummy,0.6647,1384,848,1519,1037
2992,99.90,353,boneka-asli,0.8103,1515,845,1680,1070
2992,99.90,356,boneka-dummy,0.6638,1616,929,1742,1079
2993,99.93,353,boneka-asli,0.8103,1527,849,1690,1071
2993,99.93,356,boneka-dummy,0.6638,1629,936,1751,1079
2993,99.93,358,boneka-dummy,0.6647,1389,851,1527,1045
2994,99.96,352,boneka-asli,0.6682,1285,886,1447,1078
2994,99.96,353,boneka-asli,0.8103,1538,850,1700,1071
2994,99.96,356,boneka-dummy,0.6638,1642,939,1762,1079
2994,99.96,358,boneka-dummy,0.6647,1398,850,1538,1046
2995,100.00,352,boneka-asli,0.6682,1294,885,1458,1078
2995,100.00,353,boneka-asli,0.8103,1551,845,1716,1072
2995,100.00,356,boneka-dummy,0.6638,1655,935,1779,1079
2995,100.00,358,boneka-dummy,0.6647,1412,847,1551,1041
2996,100.03,352,boneka-asli,0.6682,1302,879,1471,1078
2996,100.03,353,boneka-asli,0.8103,1568,839,1738,1072
2996,100.03,356,boneka-dummy,0.6638,1670,928,1800,1079
2996,100.03,358,boneka-dummy,0.6647,1429,838,1570,1037
2997,100.06,352,boneka-asli,0.6682,1315,871,1493,1079
2997,100.06,353,boneka-asli,0.8103,1595,830,1761,1056
2997,100.06,356,boneka-dummy,0.6638,1692,922,1828,1079
2997,100.06,358,boneka-dummy,0.6647,1448,831,1591,1030
2998,100.10,352,boneka-asli,0.6682,1332,859,1521,1079
2998,100.10,353,boneka-asli,0.8103,1626,819,1791,1043
2998,100.10,356,boneka-dummy,0.6638,1720,911,1864,1079
2998,100.10,358,boneka-dummy,0.6647,1472,818,1618,1020
2999,100.13,352,boneka-asli,0.6682,1353,846,1553,1079
2999,100.13,353,boneka-asli,0.8103,1663,807,1830,1031
2999,100.13,356,boneka-dummy,0.6638,1747,899,1892,1079
2999,100.13,358,boneka-dummy,0.6647,1503,803,1653,1011
3000,100.16,352,boneka-asli,0.6682,1380,830,1595,1079
3000,100.16,353,boneka-asli,0.8103,1691,790,1875,1041
3000,100.16,358,boneka-dummy,0.6647,1543,786,1699,1001
3001,100.20,352,boneka-asli,0.6682,1419,807,1657,1079
3001,100.20,358,boneka-dummy,0.6647,1587,766,1749,985
3002,100.23,352,boneka-asli,0.6682,1454,784,1716,1079
3002,100.23,358,boneka-dummy,0.6647,1639,744,1806,970
3003,100.26,352,boneka-asli,0.6682,1501,757,1789,1079
3003,100.26,358,boneka-dummy,0.6647,1684,719,1861,961
3004,100.30,352,boneka-asli,0.6682,1546,735,1853,1079
3005,100.33,352,boneka-asli,0.6682,1588,718,1886,1079
3017,100.73,360,boneka-asli,0.6707,1621,521,1914,1080
3019,100.80,360,boneka-asli,0.6707,1598,510,1898,1080
3020,100.83,360,boneka-asli,0.6707,1575,503,1881,1080
3020,100.83,361,boneka-dummy,0.8409,1781,436,1906,779
3021,100.86,360,boneka-asli,0.6707,1539,496,1852,1080
3021,100.86,361,boneka-dummy,0.8409,1781,452,1898,770
3022,100.90,360,boneka-asli,0.6707,1498,492,1816,1080
3022,100.90,361,boneka-dummy,0.8409,1769,449,1886,762
3023,100.93,360,boneka-asli,0.6707,1450,491,1773,1080
3023,100.93,361,boneka-dummy,0.8409,1752,440,1873,755
3024,100.96,361,boneka-dummy,0.8409,1729,431,1858,756
3025,101.00,361,boneka-dummy,0.8409,1705,427,1842,758
3026,101.03,360,boneka-asli,0.6707,1354,497,1680,1079
3026,101.03,361,boneka-dummy,0.8409,1678,427,1823,760
3027,101.06,360,boneka-asli,0.6707,1276,503,1606,1079
3027,101.06,361,boneka-dummy,0.8409,1649,432,1799,761
3028,101.10,361,boneka-dummy,0.8409,1614,440,1771,765
3028,101.10,363,boneka-asli,0.8013,1814,461,1912,775
3029,101.13,360,boneka-asli,0.6707,1199,517,1530,1079
3029,101.13,361,boneka-dummy,0.8409,1580,453,1744,773
3029,101.13,363,boneka-asli,0.8013,1808,465,1908,781
3030,101.16,360,boneka-asli,0.6707,1142,530,1477,1079
3030,101.16,361,boneka-dummy,0.8409,1545,460,1718,780
3030,101.16,363,boneka-asli,0.8013,1795,466,1898,791
3031,101.20,360,boneka-asli,0.6707,1095,547,1432,1079
3031,101.20,361,boneka-dummy,0.8409,1511,467,1694,790
3031,101.20,363,boneka-asli,0.8013,1780,470,1888,804
3032,101.23,360,boneka-asli,0.6707,1055,564,1395,1079
3032,101.23,361,boneka-dummy,0.8409,1479,479,1669,802
3032,101.23,363,boneka-asli,0.8013,1764,482,1877,819
3032,101.23,364,boneka-dummy,0.7028,1792,653,1918,1060
3033,101.26,360,boneka-asli,0.6707,1013,583,1354,1079
3033,101.26,361,boneka-dummy,0.8409,1446,493,1645,817
3033,101.26,363,boneka-asli,0.8013,1747,498,1865,835
3033,101.26,364,boneka-dummy,0.7028,1783,660,1910,1067
3034,101.30,360,boneka-asli,0.6707,971,604,1313,1079
3034,101.30,361,boneka-dummy,0.8409,1415,512,1619,833
3034,101.30,363,boneka-asli,0.8013,1728,514,1853,851
3034,101.30,364,boneka-dummy,0.7028,1772,679,1896,1073
3035,101.33,360,boneka-asli,0.6707,942,625,1282,1078
3035,101.33,361,boneka-dummy,0.8409,1382,524,1596,850
3035,101.33,363,boneka-asli,0.8013,1706,530,1841,869
3035,101.33,364,boneka-dummy,0.7028,1758,699,1880,1076
3036,101.36,360,boneka-asli,0.6707,913,644,1252,1078
3036,101.36,361,boneka-dummy,0.8409,1352,537,1574,867
3036,101.36,363,boneka-asli,0.8013,1685,547,1831,885
3036,101.36,364,boneka-dummy,0.7028,1744,718,1865,1078
3037,101.40,360,boneka-asli,0.6707,879,659,1221,1079
3037,101.40,361,boneka-dummy,0.8409,1323,549,1554,883
3037,101.40,363,boneka-asli,0.8013,1661,559,1818,899
3037,101.40,364,boneka-dummy,0.7028,1732,735,1854,1079
3038,101.43,360,boneka-asli,0.6707,856,675,1199,1079
3038,101.43,361,boneka-dummy,0.8409,1298,559,1536,896
3038,101.43,363,boneka-asli,0.8013,1637,569,1805,912
3038,101.43,364,boneka-dummy,0.7028,1719,747,1845,1079
3039,101.46,360,boneka-asli,0.6707,881,690,1174,1020
3039,101.46,361,boneka-dummy,0.8409,1276,568,1521,910
3039,101.46,363,boneka-asli,0.8013,1615,579,1795,925
3039,101.46,364,boneka-dummy,0.7028,1706,759,1838,1079
3040,101.50,360,boneka-asli,0.6707,889,702,1152,983
3040,101.50,361,boneka-dummy,0.8409,1256,578,1508,924
3040,101.50,363,boneka-asli,0.8013,1595,590,1786,939
3040,101.50,364,boneka-dummy,0.7028,1695,772,1833,1079
3041,101.53,361,boneka-dummy,0.8409,1239,587,1496,936
3041,101.53,363,boneka-asli,0.8013,1577,602,1778,952
3041,101.53,364,boneka-dummy,0.7028,1683,784,1828,1079
3042,101.56,361,boneka-dummy,0.8409,1222,598,1483,947
3042,101.56,363,boneka-asli,0.8013,1557,614,1770,967
3042,101.56,364,boneka-dummy,0.7028,1668,799,1816,1079
3043,101.60,360,boneka-asli,0.6707,848,719,1140,1020
3043,101.60,361,boneka-dummy,0.8409,1201,606,1467,960
3043,101.60,363,boneka-asli,0.8013,1533,627,1755,982
3043,101.60,364,boneka-dummy,0.7028,1652,815,1803,1079
3044,101.63,360,boneka-asli,0.6707,810,735,1121,1047
3044,101.63,361,boneka-dummy,0.8409,1182,618,1452,973
3044,101.63,363,boneka-asli,0.8013,1512,644,1742,996
3044,101.63,364,boneka-dummy,0.7028,1632,837,1781,1079
3045,101.66,361,boneka-dummy,0.8409,1165,631,1438,987
3045,101.66,363,boneka-asli,0.8013,1493,660,1733,1016
3046,101.70,360,boneka-asli,0.6707,774,751,1091,1063
3046,101.70,361,boneka-dummy,0.8409,1151,642,1427,1000
3046,101.70,363,boneka-asli,0.8013,1476,674,1727,1036
3046,101.70,364,boneka-dummy,0.7028,1615,865,1758,1079
3047,101.73,361,boneka-dummy,0.8409,1140,651,1418,1009
3047,101.73,363,boneka-asli,0.8013,1464,684,1725,1052
3047,101.73,364,boneka-dummy,0.7028,1605,880,1748,1079
3048,101.77,361,boneka-dummy,0.8409,1132,654,1414,1013
3048,101.77,363,boneka-asli,0.8013,1456,689,1725,1061
3048,101.77,364,boneka-dummy,0.7028,1599,888,1746,1079
3049,101.80,361,boneka-dummy,0.8409,1128,652,1413,1015
3049,101.80,363,boneka-asli,0.8013,1451,690,1730,1067
3049,101.80,364,boneka-dummy,0.7028,1591,892,1746,1079
3049,101.80,368,boneka-asli,0.5978,545,916,856,1079
3050,101.83,360,boneka-asli,0.6707,744,744,1077,1071
3050,101.83,361,boneka-dummy,0.8409,1126,649,1415,1015
3050,101.83,363,boneka-asli,0.8013,1450,690,1736,1070
3050,101.83,364,boneka-dummy,0.7028,1584,892,1749,1079
3050,101.83,368,boneka-asli,0.5978,525,908,852,1079
3051,101.87,361,boneka-dummy,0.8409,1127,647,1421,1016
3051,101.87,363,boneka-asli,0.8013,1450,689,1743,1072
3051,101.87,364,boneka-dummy,0.7028,1582,892,1754,1079
3052,101.90,361,boneka-dummy,0.8409,1130,645,1429,1020
3052,101.90,363,boneka-asli,0.8013,1453,690,1754,1076
3052,101.90,364,boneka-dummy,0.7028,1586,893,1765,1079
3052,101.90,368,boneka-asli,0.5978,511,895,860,1078
3053,101.93,361,boneka-dummy,0.8409,1130,647,1433,1026
3053,101.93,363,boneka-asli,0.8013,1459,696,1763,1078
3053,101.93,364,boneka-dummy,0.7028,1589,896,1772,1079
3053,101.93,368,boneka-asli,0.5978,503,887,865,1078
3054,101.97,361,boneka-dummy,0.8409,1130,652,1435,1032
3054,101.97,363,boneka-asli,0.8013,1461,701,1769,1079
3054,101.97,364,boneka-dummy,0.7028,1590,900,1776,1079
3054,101.97,368,boneka-asli,0.5978,482,882,852,1077
3054,101.97,370,boneka-dummy,0.7444,0,778,653,1080
3055,102.00,360,boneka-asli,0.6707,721,731,1072,1075
3055,102.00,361,boneka-dummy,0.8409,1129,658,1434,1038
3055,102.00,363,boneka-asli,0.8013,1462,707,1772,1079
3055,102.00,364,boneka-dummy,0.7028,1588,906,1774,1079
3055,102.00,368,boneka-asli,0.5978,471,875,849,1077
3056,102.03,360,boneka-asli,0.6707,708,722,1067,1077
3056,102.03,361,boneka-dummy,0.8409,1129,672,1432,1046
3056,102.03,363,boneka-asli,0.8013,1463,711,1775,1079
3056,102.03,364,boneka-dummy,0.7028,1589,915,1772,1079
3056,102.03,368,boneka-asli,0.5978,464,870,846,1077
3057,102.07,360,boneka-asli,0.6707,695,717,1059,1078
3057,102.07,361,boneka-dummy,0.8409,1133,695,1426,1053
3057,102.07,363,boneka-asli,0.8013,1464,718,1777,1079
3057,102.07,364,boneka-dummy,0.7028,1589,923,1769,1079
3057,102.07,368,boneka-asli,0.5978,453,864,841,1078
3058,102.10,360,boneka-asli,0.6707,681,713,1049,1079
3058,102.10,361,boneka-dummy,0.8409,1131,706,1425,1061
3058,102.10,363,boneka-asli,0.8013,1463,722,1779,1079
3058,102.10,364,boneka-dummy,0.7028,1588,927,1769,1079
3058,102.10,368,boneka-asli,0.5978,435,854,834,1078
3059,102.13,360,boneka-asli,0.6707,674,711,1044,1079
3059,102.13,361,boneka-dummy,0.8409,1123,699,1430,1069
3059,102.13,363,boneka-asli,0.8013,1462,728,1778,1079
3059,102.13,364,boneka-dummy,0.7028,1588,933,1767,1079
3060,102.17,361,boneka-dummy,0.8409,1113,691,1433,1074
3060,102.17,363,boneka-asli,0.8013,1462,737,1778,1079
3060,102.17,368,boneka-asli,0.5978,396,841,810,1078
3061,102.20,360,boneka-asli,0.6707,653,712,1021,1079
3061,102.20,361,boneka-dummy,0.8409,1106,691,1430,1077
3061,102.20,363,boneka-asli,0.8013,1462,747,1775,1079
3061,102.20,364,boneka-dummy,0.7028,1589,950,1754,1079
3061,102.20,368,boneka-asli,0.5978,370,835,785,1078
3062,102.23,361,boneka-dummy,0.8409,1103,709,1417,1078
3062,102.23,363,boneka-asli,0.8013,1469,757,1778,1079
3062,102.23,368,boneka-asli,0.5978,346,833,755,1078
3063,102.27,360,boneka-asli,0.6707,628,718,990,1079
3063,102.27,361,boneka-dummy,0.8409,1092,712,1405,1079
3063,102.27,363,boneka-asli,0.8013,1473,769,1777,1079
3064,102.30,361,boneka-dummy,0.8409,1082,718,1394,1079
3064,102.30,363,boneka-asli,0.8013,1477,781,1775,1079
3065,102.33,360,boneka-asli,0.6707,580,722,945,1079
3065,102.33,361,boneka-dummy,0.8409,1075,726,1383,1079
3065,102.33,363,boneka-asli,0.8013,1479,794,1770,1079
3066,102.37,361,boneka-dummy,0.8409,1066,738,1368,1079
3066,102.37,363,boneka-asli,0.8013,1477,810,1759,1079
3066,102.37,370,boneka-dummy,0.7444,7,803,608,1080
3067,102.40,360,boneka-asli,0.6707,523,730,891,1079
3067,102.40,361,boneka-dummy,0.8409,1058,754,1350,1079
3067,102.40,363,boneka-asli,0.8013,1478,831,1745,1079
3068,102.43,360,boneka-asli,0.6707,482,736,855,1079
3068,102.43,361,boneka-dummy,0.8409,1054,771,1336,1079
3068,102.43,363,boneka-asli,0.8013,1476,852,1731,1079
3069,102.47,361,boneka-dummy,0.8409,1059,802,1321,1079
3069,102.47,363,boneka-asli,0.8013,1475,873,1718,1079
3069,102.47,370,boneka-dummy,0.7444,3,816,548,1080
3070,102.50,361,boneka-dummy,0.8409,1070,847,1302,1079
3070,102.50,363,boneka-asli,0.8013,1479,892,1713,1079
3070,102.50,370,boneka-dummy,0.7444,1,816,515,1080
3071,102.53,360,boneka-asli,0.6707,422,736,809,1079
3071,102.53,361,boneka-dummy,0.8409,1078,885,1284,1079
3071,102.53,363,boneka-asli,0.8013,1479,904,1711,1079
3072,102.57,360,boneka-asli,0.6707,389,730,796,1079
3072,102.57,363,boneka-asli,0.8013,1485,913,1717,1079
3072,102.57,370,boneka-dummy,0.7444,0,800,510,1080
3072,102.57,371,boneka-dummy,0.6929,691,0,1511,1080
3073,102.60,360,boneka-asli,0.6707,385,726,807,1079
3073,102.60,363,boneka-asli,0.8013,1490,921,1724,1079
3073,102.60,371,boneka-dummy,0.6929,726,60,1500,1080
3073,102.60,372,boneka-dummy,0.6562,946,41,1415,523
3074,102.63,363,boneka-asli,0.8013,1494,928,1732,1079
3074,102.63,370,boneka-dummy,0.7444,0,772,534,1079
3074,102.63,371,boneka-dummy,0.6929,792,174,1481,1080
3074,102.63,372,boneka-dummy,0.6562,976,84,1428,548
3075,102.67,363,boneka-asli,0.8013,1505,941,1738,1079
3075,102.67,370,boneka-dummy,0.7444,0,751,557,1079
3075,102.67,371,boneka-dummy,0.6929,851,276,1466,1080
3075,102.67,372,boneka-dummy,0.6562,1017,148,1445,590
3076,102.70,370,boneka-dummy,0.7444,0,740,574,1079
3076,102.70,371,boneka-dummy,0.6929,900,366,1450,1080
3076,102.70,372,boneka-dummy,0.6562,1059,219,1462,638
3077,102.73,360,boneka-asli,0.6707,423,727,856,1079
3077,102.73,363,boneka-asli,0.8013,1527,964,1736,1079
3077,102.73,370,boneka-dummy,0.7444,0,729,593,1079
3077,102.73,371,boneka-dummy,0.6929,943,429,1449,1080
3077,102.73,372,boneka-dummy,0.6562,1093,285,1474,684
3078,102.77,360,boneka-asli,0.6707,453,731,891,1079
3078,102.77,363,boneka-asli,0.8013,1544,986,1731,1079
3078,102.77,370,boneka-dummy,0.7444,0,718,609,1079
3078,102.77,371,boneka-dummy,0.6929,978,475,1455,1080
3079,102.80,360,boneka-asli,0.6707,477,737,917,1079
3079,102.80,370,boneka-dummy,0.7444,0,712,619,1079
3080,102.83,360,boneka-asli,0.6707,496,744,937,1079
3080,102.83,370,boneka-dummy,0.7444,0,711,623,1079
3080,102.83,371,boneka-dummy,0.6929,1030,528,1475,1080
3080,102.83,374,boneka-asli,0.6346,319,0,1522,1057
3081,102.87,360,boneka-asli,0.6707,510,752,950,1079
3081,102.87,370,boneka-dummy,0.7444,0,717,623,1079
3082,102.90,360,boneka-asli,0.6707,520,760,959,1079
3083,102.93,360,boneka-asli,0.6707,532,770,967,1079
3084,102.97,360,boneka-asli,0.6707,569,788,983,1079
3084,102.97,370,boneka-dummy,0.7444,9,727,623,1079
3085,103.00,360,boneka-asli,0.6707,594,805,986,1079
3086,103.03,360,boneka-asli,0.6707,619,819,994,1079
3086,103.03,370,boneka-dummy,0.7444,24,745,618,1079
3087,103.07,370,boneka-dummy,0.7444,30,758,611,1079
3088,103.10,370,boneka-dummy,0.7444,34,768,606,1079
3089,103.13,370,boneka-dummy,0.7444,30,772,603,1079
3090,103.17,370,boneka-dummy,0.7444,34,782,597,1079
3091,103.20,370,boneka-dummy,0.7444,40,793,592,1079
3092,103.23,370,boneka-dummy,0.7444,45,803,590,1079
3093,103.27,360,boneka-asli,0.6707,653,868,967,1079
3095,103.33,370,boneka-dummy,0.7444,72,833,577,1079
3102,103.57,374,boneka-asli,0.6346,194,0,1388,1063
3105,103.67,374,boneka-asli,0.6346,97,0,1237,1067
3106,103.70,374,boneka-asli,0.6346,48,0,1131,1072
3107,103.73,374,boneka-asli,0.6346,24,0,1051,1075
3108,103.77,374,boneka-asli,0.6346,12,0,988,1075
3109,103.80,374,boneka-asli,0.6346,6,0,938,1071
3110,103.84,374,boneka-asli,0.6346,3,0,901,1065
3111,103.87,374,boneka-asli,0.6346,1,0,873,1058
3112,103.90,374,boneka-asli,0.6346,0,0,851,1049
3113,103.94,374,boneka-asli,0.6346,0,0,833,1046
3115,104.00,374,boneka-asli,0.6346,0,0,806,1034
3118,104.10,374,boneka-asli,0.6346,0,0,773,1038
3120,104.17,376,boneka-asli,0.6996,792,885,1386,1079
3121,104.20,376,boneka-asli,0.6996,789,870,1428,1079
3122,104.24,376,boneka-asli,0.6996,779,848,1479,1079
3122,104.24,377,boneka-dummy,0.8226,1629,849,1906,1080
3123,104.27,376,boneka-asli,0.6996,776,831,1519,1079
3123,104.27,377,boneka-dummy,0.8226,1625,836,1913,1080
3124,104.30,376,boneka-asli,0.6996,770,823,1530,1079
3124,104.30,377,boneka-dummy,0.8226,1610,817,1916,1080
3125,104.34,376,boneka-asli,0.6996,781,824,1530,1079
3125,104.34,377,boneka-dummy,0.8226,1593,796,1918,1080
3126,104.37,376,boneka-asli,0.6996,809,834,1524,1079
3126,104.37,377,boneka-dummy,0.8226,1586,779,1919,1080
3127,104.40,376,boneka-asli,0.6996,854,848,1523,1079
3127,104.40,377,boneka-dummy,0.8226,1587,762,1919,1080
3127,104.40,378,boneka-asli,0.7602,12,570,662,1080
3128,104.44,376,boneka-asli,0.6996,893,861,1520,1079
3128,104.44,377,boneka-dummy,0.8226,1590,749,1919,1080
3128,104.44,378,boneka-asli,0.7602,17,582,653,1080
3128,104.44,379,boneka-asli,0.7938,316,812,604,1079
3129,104.47,376,boneka-asli,0.6996,938,880,1510,1079
3129,104.47,377,boneka-dummy,0.8226,1596,742,1919,1080
3129,104.47,378,boneka-asli,0.7602,32,610,634,1080
3130,104.50,376,boneka-asli,0.6996,974,900,1496,1079
3130,104.50,377,boneka-dummy,0.8226,1606,741,1919,1080
3130,104.50,378,boneka-asli,0.7602,51,643,614,1080
3131,104.54,376,boneka-asli,0.6996,1018,928,1470,1078
3131,104.54,377,boneka-dummy,0.8226,1619,745,1919,1080
3131,104.54,378,boneka-asli,0.7602,59,663,601,1080
3132,104.57,377,boneka-dummy,0.8226,1630,754,1919,1080
3132,104.57,378,boneka-asli,0.7602,58,669,598,1080
3133,104.60,377,boneka-dummy,0.8226,1643,766,1919,1080
3133,104.60,378,boneka-asli,0.7602,44,662,596,1080
3134,104.64,377,boneka-dummy,0.8226,1663,782,1919,1080
3134,104.64,378,boneka-asli,0.7602,24,644,602,1080
3135,104.67,377,boneka-dummy,0.8226,1672,797,1919,1080
3135,104.67,378,boneka-asli,0.7602,12,624,610,1080
3136,104.70,377,boneka-dummy,0.8226,1665,806,1918,1080
3136,104.70,378,boneka-asli,0.7602,6,608,611,1080
3137,104.74,377,boneka-dummy,0.8226,1654,808,1914,1080
3137,104.74,378,boneka-asli,0.7602,3,598,597,1080
3138,104.77,377,boneka-dummy,0.8226,1638,803,1909,1080
3138,104.77,378,boneka-asli,0.7602,1,598,571,1080
3139,104.80,377,boneka-dummy,0.8226,1619,789,1909,1080
3140,104.84,377,boneka-dummy,0.8226,1596,769,1908,1080
3140,104.84,379,boneka-asli,0.7938,299,864,545,1079
3141,104.87,377,boneka-dummy,0.8226,1574,747,1910,1080
3142,104.90,377,boneka-dummy,0.8226,1557,726,1915,1080
3142,104.90,379,boneka-asli,0.7938,270,870,527,1079
3142,104.90,380,boneka-asli,0.6700,800,892,1540,1078
3143,104.94,377,boneka-dummy,0.8226,1538,708,1914,1080
3143,104.94,379,boneka-asli,0.7938,243,862,524,1079
3143,104.94,380,boneka-asli,0.6700,783,886,1546,1078
3144,104.97,377,boneka-dummy,0.8226,1510,694,1899,1080
3144,104.97,379,boneka-asli,0.7938,217,853,525,1079
3144,104.97,380,boneka-asli,0.6700,747,879,1533,1079
3145,105.00,377,boneka-dummy,0.8226,1482,684,1879,1080
3145,105.00,379,boneka-asli,0.7938,196,842,529,1079
3145,105.00,380,boneka-asli,0.6700,708,872,1514,1079
3146,105.04,377,boneka-dummy,0.8226,1462,677,1866,1080
3146,105.04,379,boneka-asli,0.7938,177,830,533,1079
3146,105.04,380,boneka-asli,0.6700,678,866,1495,1079
3147,105.07,377,boneka-dummy,0.8226,1447,672,1856,1080
3147,105.07,380,boneka-asli,0.6700,654,863,1468,1078
3148,105.10,377,boneka-dummy,0.8226,1431,667,1845,1080
3148,105.10,379,boneka-asli,0.7938,160,820,532,1077
3148,105.10,380,boneka-asli,0.6700,638,859,1449,1078
3149,105.14,377,boneka-dummy,0.8226,1414,663,1832,1080
3149,105.14,379,boneka-asli,0.7938,152,811,540,1077
3149,105.14,380,boneka-asli,0.6700,638,853,1450,1078
3150,105.17,377,boneka-dummy,0.8226,1398,657,1821,1080
3150,105.17,379,boneka-asli,0.7938,145,803,548,1077
3150,105.17,380,boneka-asli,0.6700,651,847,1455,1078
3151,105.20,377,boneka-dummy,0.8226,1384,651,1810,1080
3151,105.20,379,boneka-asli,0.7938,136,792,557,1077
3151,105.20,380,boneka-asli,0.6700,660,839,1461,1078
3152,105.24,377,boneka-dummy,0.8226,1373,644,1801,1080
3152,105.24,379,boneka-asli,0.7938,130,781,567,1078
3152,105.24,380,boneka-asli,0.6700,664,832,1459,1079
3152,105.24,381,boneka-asli,0.7482,1779,686,1918,1080
3153,105.27,377,boneka-dummy,0.8226,1365,638,1796,1080
3153,105.27,380,boneka-asli,0.6700,668,823,1455,1079
3153,105.27,381,boneka-asli,0.7482,1778,685,1918,1080
3153,105.27,382,boneka-dummy,0.7898,462,918,803,1077
3154,105.30,377,boneka-dummy,0.8226,1359,631,1793,1080
3154,105.30,379,boneka-asli,0.7938,132,767,585,1078
3154,105.30,380,boneka-asli,0.6700,680,815,1451,1078
3154,105.30,381,boneka-asli,0.7482,1777,682,1918,1080
3154,105.30,382,boneka-dummy,0.7898,476,915,825,1076
3155,105.34,377,boneka-dummy,0.8226,1354,622,1791,1080
3155,105.34,379,boneka-asli,0.7938,134,756,599,1078
3155,105.34,380,boneka-asli,0.6700,690,808,1440,1075
3155,105.34,381,boneka-asli,0.7482,1775,677,1917,1080
3156,105.37,377,boneka-dummy,0.8226,1353,613,1788,1074
3156,105.37,379,boneka-asli,0.7938,139,747,612,1078
3156,105.37,380,boneka-asli,0.6700,702,800,1431,1072
3156,105.37,381,boneka-asli,0.7482,1775,673,1918,1080
3157,105.40,377,boneka-dummy,0.8226,1353,606,1785,1067
3157,105.40,379,boneka-asli,0.7938,145,739,623,1078
3157,105.40,380,boneka-asli,0.6700,710,794,1418,1071
3157,105.40,381,boneka-asli,0.7482,1774,670,1919,1080
3158,105.44,377,boneka-dummy,0.8226,1355,602,1780,1060
3158,105.44,379,boneka-asli,0.7938,154,733,636,1078
3158,105.44,380,boneka-asli,0.6700,719,789,1404,1069
3159,105.47,377,boneka-dummy,0.8226,1358,607,1771,1053
3159,105.47,379,boneka-asli,0.7938,165,726,652,1078
3159,105.47,380,boneka-asli,0.6700,735,784,1391,1061
3159,105.47,381,boneka-asli,0.7482,1769,664,1915,1074
3160,105.50,377,boneka-dummy,0.8226,1362,603,1766,1042
3160,105.50,379,boneka-asli,0.7938,175,717,667,1078
3160,105.50,381,boneka-asli,0.7482,1766,659,1913,1070
3161,105.54,377,boneka-dummy,0.8226,1365,597,1763,1033
3161,105.54,379,boneka-asli,0.7938,182,707,681,1078
3161,105.54,381,boneka-asli,0.7482,1765,657,1912,1064
3162,105.57,377,boneka-dummy,0.8226,1370,590,1761,1020
3162,105.57,379,boneka-asli,0.7938,194,698,697,1078
3163,105.60,377,boneka-dummy,0.8226,1376,581,1759,1005
3163,105.60,379,boneka-asli,0.7938,207,687,715,1079
3163,105.60,381,boneka-asli,0.7482,1764,647,1910,1045
3164,105.64,377,boneka-dummy,0.8226,1384,577,1754,989
3164,105.64,380,boneka-asli,0.6700,732,753,1435,1068
3164,105.64,381,boneka-asli,0.7482,1763,634,1908,1027
3164,105.64,382,boneka-dummy,0.7898,624,934,933,1077
3165,105.67,377,boneka-dummy,0.8226,1386,567,1751,974
3165,105.67,379,boneka-asli,0.7938,224,667,746,1078
3165,105.67,380,boneka-asli,0.6700,737,731,1461,1073
3165,105.67,382,boneka-dummy,0.7898,669,931,993,1077
3166,105.70,377,boneka-dummy,0.8226,1385,555,1746,961
3166,105.70,379,boneka-asli,0.7938,238,650,767,1078
3166,105.70,381,boneka-asli,0.7482,1757,609,1906,1004
3166,105.70,382,boneka-dummy,0.7898,689,921,1037,1077
3167,105.74,377,boneka-dummy,0.8226,1382,544,1739,947
3167,105.74,379,boneka-asli,0.7938,248,633,781,1076
3167,105.74,382,boneka-dummy,0.7898,708,904,1089,1077
3168,105.77,377,boneka-dummy,0.8226,1379,533,1731,933
3168,105.77,379,boneka-asli,0.7938,260,619,785,1066
3168,105.77,381,boneka-asli,0.7482,1749,584,1902,977
3168,105.77,382,boneka-dummy,0.7898,700,888,1112,1077
3169,105.81,377,boneka-dummy,0.8226,1378,534,1717,918
3169,105.81,379,boneka-asli,0.7938,271,607,783,1052
3169,105.81,380,boneka-asli,0.6700,735,693,1494,1075
3169,105.81,381,boneka-asli,0.7482,1741,562,1899,955
3169,105.81,382,boneka-dummy,0.7898,709,873,1145,1078
3170,105.84,377,boneka-dummy,0.8226,1370,525,1705,906
3170,105.84,379,boneka-asli,0.7938,283,595,776,1033
3170,105.84,380,boneka-asli,0.6700,743,669,1501,1076
3170,105.84,381,boneka-asli,0.7482,1732,547,1895,938
3170,105.84,382,boneka-dummy,0.7898,715,857,1170,1078
3170,105.84,383,boneka-dummy,0.7679,1774,790,1917,1076
3171,105.87,377,boneka-dummy,0.8226,1360,511,1695,894
3171,105.87,379,boneka-asli,0.7938,293,582,769,1015
3171,105.87,380,boneka-asli,0.6700,757,652,1498,1077
3171,105.87,381,boneka-asli,0.7482,1723,535,1891,921
3171,105.87,382,boneka-dummy,0.7898,705,842,1176,1079
3171,105.87,383,boneka-dummy,0.7679,1762,770,1916,1077
3172,105.91,377,boneka-dummy,0.8226,1349,501,1680,881
3172,105.91,379,boneka-asli,0.7938,299,570,762,999
3172,105.91,381,boneka-asli,0.7482,1712,524,1886,908
3172,105.91,382,boneka-dummy,0.7898,700,826,1180,1078
3172,105.91,383,boneka-dummy,0.7679,1748,748,1914,1078
3173,105.94,377,boneka-dummy,0.8226,1339,494,1665,869
3173,105.94,379,boneka-asli,0.7938,300,559,754,985
3173,105.94,380,boneka-asli,0.6700,755,630,1481,1075
3173,105.94,381,boneka-asli,0.7482,1701,515,1881,893
3173,105.94,383,boneka-dummy,0.7679,1733,726,1911,1079
3174,105.97,377,boneka-dummy,0.8226,1325,486,1650,862
3174,105.97,379,boneka-asli,0.7938,304,546,742,964
3174,105.97,380,boneka-asli,0.6700,762,615,1451,1063
3174,105.97,381,boneka-asli,0.7482,1689,507,1878,882
3174,105.97,383,boneka-dummy,0.7679,1718,708,1906,1079
3175,106.01,377,boneka-dummy,0.8226,1312,478,1634,851
3175,106.01,379,boneka-asli,0.7938,302,533,732,949
3175,106.01,380,boneka-asli,0.6700,774,600,1417,1044
3175,106.01,381,boneka-asli,0.7482,1677,497,1873,867
3175,106.01,383,boneka-dummy,0.7679,1702,693,1900,1079
3176,106.04,377,boneka-dummy,0.8226,1301,467,1618,836
3176,106.04,379,boneka-asli,0.7938,300,519,722,933
3176,106.04,380,boneka-asli,0.6700,783,585,1388,1026
3176,106.04,381,boneka-asli,0.7482,1658,486,1864,856
3176,106.04,383,boneka-dummy,0.7679,1689,684,1894,1079
3177,106.07,377,boneka-dummy,0.8226,1290,455,1603,823
3177,106.07,379,boneka-asli,0.7938,296,503,710,915
3177,106.07,380,boneka-asli,0.6700,790,570,1366,1010
3177,106.07,381,boneka-asli,0.7482,1642,476,1854,844
3177,106.07,382,boneka-dummy,0.7898,618,775,1165,1078
3177,106.07,383,boneka-dummy,0.7679,1675,674,1889,1079
3178,106.11,377,boneka-dummy,0.8226,1280,444,1589,808
3178,106.11,379,boneka-asli,0.7938,296,487,698,892
3178,106.11,380,boneka-asli,0.6700,792,554,1338,991
3178,106.11,381,boneka-asli,0.7482,1626,464,1843,828
3178,106.11,382,boneka-dummy,0.7898,572,741,1151,1078
3178,106.11,383,boneka-dummy,0.7679,1660,661,1885,1078
3179,106.14,377,boneka-dummy,0.8226,1271,429,1576,788
3179,106.14,379,boneka-asli,0.7938,295,468,686,864
3179,106.14,380,boneka-asli,0.6700,793,535,1313,968
3179,106.14,381,boneka-asli,0.7482,1619,451,1844,810
3179,106.14,382,boneka-dummy,0.7898,541,712,1141,1078
3180,106.17,377,boneka-dummy,0.8226,1269,425,1560,768
3180,106.17,379,boneka-asli,0.7938,291,447,675,837
3180,106.17,380,boneka-asli,0.6700,794,516,1286,941
3180,106.17,381,boneka-asli,0.7482,1614,437,1846,790
3181,106.21,377,boneka-dummy,0.8226,1262,414,1549,748
3181,106.21,379,boneka-asli,0.7938,287,426,664,812
3181,106.21,380,boneka-asli,0.6700,795,495,1268,917
3181,106.21,381,boneka-asli,0.7482,1599,421,1838,771
3181,106.21,383,boneka-dummy,0.7679,1640,628,1873,1044
3182,106.24,377,boneka-dummy,0.8226,1251,395,1540,732
3182,106.24,379,boneka-asli,0.7938,277,406,659,801
3182,106.24,380,boneka-asli,0.6700,797,477,1254,898
3182,106.24,381,boneka-asli,0.7482,1585,405,1833,755
3182,106.24,382,boneka-dummy,0.7898,490,660,1137,1077
3182,106.24,383,boneka-dummy,0.7679,1624,605,1863,1016
3183,106.27,377,boneka-dummy,0.8226,1238,376,1533,721
3183,106.27,379,boneka-asli,0.7938,270,389,653,788
3183,106.27,380,boneka-asli,0.6700,793,460,1237,883
3183,106.27,381,boneka-asli,0.7482,1559,391,1839,781
3183,106.27,382,boneka-dummy,0.7898,462,623,1128,1077
3183,106.27,383,boneka-dummy,0.7679,1608,585,1856,995
3184,106.31,377,boneka-dummy,0.8226,1230,369,1520,708
3184,106.31,379,boneka-asli,0.7938,266,373,647,773
3184,106.31,380,boneka-asli,0.6700,789,444,1223,869
3184,106.31,381,boneka-asli,0.7482,1547,380,1829,765
3184,106.31,382,boneka-dummy,0.7898,447,595,1117,1076
3184,106.31,383,boneka-dummy,0.7679,1591,569,1848,978
3185,106.34,377,boneka-dummy,0.8226,1220,354,1513,698
3185,106.34,379,boneka-asli,0.7938,263,358,641,759
3185,106.34,380,boneka-asli,0.6700,786,428,1210,854
3185,106.34,381,boneka-asli,0.7482,1536,369,1813,739
3185,106.34,382,boneka-dummy,0.7898,441,574,1106,1076
3185,106.34,383,boneka-dummy,0.7679,1574,555,1838,963
3186,106.37,377,boneka-dummy,0.8226,1212,341,1506,687
3186,106.37,379,boneka-asli,0.7938,262,345,638,748
3186,106.37,380,boneka-asli,0.6700,787,418,1195,838
3186,106.37,381,boneka-asli,0.7482,1528,361,1802,719
3186,106.37,382,boneka-dummy,0.7898,439,556,1095,1077
3186,106.37,383,boneka-dummy,0.7679,1560,544,1829,949
3187,106.41,377,boneka-dummy,0.8226,1207,334,1498,677
3187,106.41,379,boneka-asli,0.7938,263,336,634,736
3187,106.41,380,boneka-asli,0.6700,788,409,1183,824
3187,106.41,381,boneka-asli,0.7482,1520,353,1795,705
3187,106.41,382,boneka-dummy,0.7898,442,545,1082,1076
3187,106.41,383,boneka-dummy,0.7679,1548,537,1821,937
3187,106.41,385,boneka-asli,0.6755,106,709,491,1080
3188,106.44,377,boneka-dummy,0.8226,1203,329,1491,671
3188,106.44,379,boneka-asli,0.7938,264,329,632,730
3188,106.44,380,boneka-asli,0.6700,792,402,1178,816
3188,106.44,381,boneka-asli,0.7482,1513,347,1791,696
3188,106.44,382,boneka-dummy,0.7898,447,535,1069,1074
3188,106.44,383,boneka-dummy,0.7679,1538,532,1814,927
3188,106.44,385,boneka-asli,0.6755,102,704,491,1080
3189,106.47,377,boneka-dummy,0.8226,1198,324,1486,666
3189,106.47,379,boneka-asli,0.7938,266,325,629,723
3189,106.47,380,boneka-asli,0.6700,793,398,1169,808
3189,106.47,381,boneka-asli,0.7482,1507,344,1785,688
3189,106.47,382,boneka-dummy,0.7898,453,527,1056,1070
3189,106.47,383,boneka-dummy,0.7679,1529,525,1811,920
3189,106.47,385,boneka-asli,0.6755,102,697,498,1080
3190,106.51,377,boneka-dummy,0.8226,1194,321,1480,662
3190,106.51,379,boneka-asli,0.7938,267,322,624,716
3190,106.51,380,boneka-asli,0.6700,793,395,1161,802
3190,106.51,381,boneka-asli,0.7482,1498,343,1779,684
3190,106.51,382,boneka-dummy,0.7898,459,522,1041,1066
3190,106.51,383,boneka-dummy,0.7679,1518,521,1805,915
3190,106.51,385,boneka-asli,0.6755,101,690,504,1080
3191,106.54,377,boneka-dummy,0.8226,1189,320,1473,661
3191,106.54,379,boneka-asli,0.7938,267,322,620,714
3191,106.54,380,boneka-asli,0.6700,790,396,1151,800
3191,106.54,382,boneka-dummy,0.7898,462,523,1026,1068
3191,106.54,383,boneka-dummy,0.7679,1509,522,1799,913
3191,106.54,385,boneka-asli,0.6755,93,679,506,1080
3192,106.57,377,boneka-dummy,0.8226,1183,321,1466,661
3192,106.57,379,boneka-asli,0.7938,264,324,615,714
3192,106.57,380,boneka-asli,0.6700,791,398,1144,802
3192,106.57,381,boneka-asli,0.7482,1484,347,1765,685
3192,106.57,382,boneka-dummy,0.7898,466,527,1008,1066
3192,106.57,383,boneka-dummy,0.7679,1499,527,1791,914
3193,106.61,377,boneka-dummy,0.8226,1178,324,1459,663
3193,106.61,379,boneka-asli,0.7938,262,328,609,717
3193,106.61,380,boneka-asli,0.6700,793,403,1139,805
3193,106.61,381,boneka-asli,0.7482,1475,353,1757,686
3193,106.61,382,boneka-dummy,0.7898,475,535,989,1059
3193,106.61,387,boneka-asli,0.6297,1641,576,1920,1080
3194,106.64,377,boneka-dummy,0.8226,1172,328,1454,668
3194,106.64,379,boneka-asli,0.7938,257,334,603,722
3194,106.64,380,boneka-asli,0.6700,791,409,1132,812
3194,106.64,381,boneka-asli,0.7482,1462,360,1758,708
3194,106.64,382,boneka-dummy,0.7898,483,544,972,1053
3194,106.64,383,boneka-dummy,0.7679,1486,538,1778,920
3194,106.64,385,boneka-asli,0.6755,86,672,502,1079
3194,106.64,387,boneka-asli,0.6297,1645,594,1915,1080
3195,106.67,377,boneka-dummy,0.8226,1173,350,1442,674
3195,106.67,379,boneka-asli,0.7938,255,341,598,729
3195,106.67,380,boneka-asli,0.6700,788,417,1123,818
3195,106.67,381,boneka-asli,0.7482,1458,366,1751,708
3195,106.67,382,boneka-dummy,0.7898,487,553,960,1054
3195,106.67,383,boneka-dummy,0.7679,1472,543,1770,928
3195,106.67,385,boneka-asli,0.6755,90,686,491,1079
3196,106.71,377,boneka-dummy,0.8226,1169,357,1438,680
3196,106.71,379,boneka-asli,0.7938,252,349,593,735
3196,106.71,380,boneka-asli,0.6700,788,426,1116,824
3196,106.71,381,boneka-asli,0.7482,1452,373,1745,711
3196,106.71,382,boneka-dummy,0.7898,488,564,949,1061
3196,106.71,383,boneka-dummy,0.7679,1461,551,1763,937
3197,106.74,377,boneka-dummy,0.8226,1163,361,1434,687
3197,106.74,379,boneka-asli,0.7938,249,359,588,743
3197,106.74,380,boneka-asli,0.6700,782,435,1107,834
3197,106.74,381,boneka-asli,0.7482,1445,381,1737,716
3197,106.74,382,boneka-dummy,0.7898,488,574,939,1068
3197,106.74,383,boneka-dummy,0.7679,1454,561,1757,947
3197,106.74,385,boneka-asli,0.6755,86,697,473,1079
3198,106.77,377,boneka-dummy,0.8226,1156,366,1430,696
3198,106.77,379,boneka-asli,0.7938,245,368,584,753
3198,106.77,380,boneka-asli,0.6700,774,446,1095,843
3198,106.77,382,boneka-dummy,0.7898,490,584,929,1073
3198,106.77,383,boneka-dummy,0.7679,1445,572,1749,955
3198,106.77,385,boneka-asli,0.6755,81,702,460,1079
3199,106.81,377,boneka-dummy,0.8226,1149,371,1424,703
3199,106.81,379,boneka-asli,0.7938,242,376,580,759
3199,106.81,380,boneka-asli,0.6700,768,456,1085,849
3199,106.81,381,boneka-asli,0.7482,1435,392,1725,722
3199,106.81,382,boneka-dummy,0.7898,490,594,916,1075
3199,106.81,383,boneka-dummy,0.7679,1439,582,1745,963
3199,106.81,387,boneka-asli,0.6297,1644,642,1892,1080
3200,106.84,377,boneka-dummy,0.8226,1142,375,1417,708
3200,106.84,379,boneka-asli,0.7938,238,385,575,768
3200,106.84,380,boneka-asli,0.6700,761,463,1076,855
3200,106.84,382,boneka-dummy,0.7898,488,603,903,1076
3200,106.84,383,boneka-dummy,0.7679,1406,525,1755,968
3200,106.84,387,boneka-asli,0.6297,1640,656,1884,1080
3201,106.87,377,boneka-dummy,0.8226,1135,379,1409,712
3201,106.87,379,boneka-asli,0.7938,231,392,569,777
3201,106.87,380,boneka-asli,0.6700,753,468,1069,865
3201,106.87,382,boneka-dummy,0.7898,482,608,890,1077
3201,106.87,383,boneka-dummy,0.7679,1398,531,1748,974
3201,106.87,385,boneka-asli,0.6755,73,718,437,1079
3201,106.87,387,boneka-asli,0.6297,1635,672,1876,1080
3202,106.91,377,boneka-dummy,0.8226,1128,384,1401,715
3202,106.91,379,boneka-asli,0.7938,224,397,560,781
3202,106.91,380,boneka-asli,0.6700,741,473,1058,873
3202,106.91,382,boneka-dummy,0.7898,476,612,878,1078
3202,106.91,383,boneka-dummy,0.7679,1374,494,1751,977
3202,106.91,387,boneka-asli,0.6297,1626,673,1874,1080
3203,106.94,377,boneka-dummy,0.8226,1121,385,1394,718
3203,106.94,379,boneka-asli,0.7938,217,400,552,785
3203,106.94,380,boneka-asli,0.6700,733,478,1049,876
3203,106.94,381,boneka-asli,0.7482,1413,406,1705,737
3203,106.94,382,boneka-dummy,0.7898,472,616,869,1079
3203,106.94,383,boneka-dummy,0.7679,1373,519,1732,981
3203,106.94,387,boneka-asli,0.6297,1618,672,1874,1080
3204,106.97,377,boneka-dummy,0.8226,1116,385,1390,719
3204,106.97,379,boneka-asli,0.7938,213,403,545,783
3204,106.97,380,boneka-asli,0.6700,728,481,1042,876
3204,106.97,381,boneka-asli,0.7482,1397,413,1696,752
3204,106.97,382,boneka-dummy,0.7898,468,618,862,1079
3204,106.97,383,boneka-dummy,0.7679,1377,555,1711,982
3204,106.97,385,boneka-asli,0.6755,60,730,414,1079
3205,107.01,377,boneka-dummy,0.8226,1113,388,1383,719
3205,107.01,379,boneka-asli,0.7938,209,404,539,784
3205,107.01,380,boneka-asli,0.6700,723,483,1038,879
3205,107.01,381,boneka-asli,0.7482,1401,416,1693,753
3205,107.01,382,boneka-dummy,0.7898,464,620,855,1079
3205,107.01,383,boneka-dummy,0.7679,1378,580,1695,983
3205,107.01,385,boneka-asli,0.6755,46,736,395,1079
3205,107.01,387,boneka-asli,0.6297,1620,656,1848,1004
3206,107.04,377,boneka-dummy,0.8226,1108,391,1375,718
3206,107.04,379,boneka-asli,0.7938,205,405,534,782
3206,107.04,380,boneka-asli,0.6700,721,483,1035,880
3206,107.04,381,boneka-asli,0.7482,1391,418,1683,758
3206,107.04,382,boneka-dummy,0.7898,460,620,849,1079
3206,107.04,383,boneka-dummy,0.7679,1375,591,1686,983
3206,107.04,385,boneka-asli,0.6755,34,733,387,1079
3207,107.07,377,boneka-dummy,0.8226,1103,391,1369,717
3207,107.07,379,boneka-asli,0.7938,200,404,530,783
3207,107.07,380,boneka-asli,0.6700,715,482,1029,881
3207,107.07,381,boneka-asli,0.7482,1376,420,1679,774
3207,107.07,382,boneka-dummy,0.7898,456,621,843,1079
3207,107.07,383,boneka-dummy,0.7679,1370,594,1679,983
3207,107.07,385,boneka-asli,0.6755,29,730,385,1079
3208,107.11,377,boneka-dummy,0.8226,1099,390,1365,718
3208,107.11,379,boneka-asli,0.7938,197,404,528,783
3208,107.11,380,boneka-asli,0.6700,711,482,1023,881
3208,107.11,382,boneka-dummy,0.7898,453,621,839,1079
3208,107.11,383,boneka-dummy,0.7679,1345,538,1693,980
3208,107.11,385,boneka-asli,0.6755,24,727,384,1079
3208,107.11,387,boneka-asli,0.6297,1612,639,1822,944
3209,107.14,377,boneka-dummy,0.8226,1095,392,1361,718
3209,107.14,379,boneka-asli,0.7938,195,404,526,783
3209,107.14,380,boneka-asli,0.6700,708,482,1019,882
3209,107.14,382,boneka-dummy,0.7898,451,621,835,1079
3209,107.14,383,boneka-dummy,0.7679,1325,488,1702,978
3209,107.14,385,boneka-asli,0.6755,21,724,383,1079
3210,107.17,377,boneka-dummy,0.8226,1098,408,1352,718
3210,107.17,379,boneka-asli,0.7938,193,405,525,786
3210,107.17,380,boneka-asli,0.6700,711,484,1017,879
3210,107.17,382,boneka-dummy,0.7898,452,627,831,1079
3210,107.17,383,boneka-dummy,0.7679,1313,455,1705,977
3210,107.17,385,boneka-asli,0.6755,17,720,382,1079
3210,107.17,387,boneka-asli,0.6297,1603,632,1809,914
3211,107.21,377,boneka-dummy,0.8226,1100,423,1345,718
3211,107.21,379,boneka-asli,0.7938,194,408,522,784
3211,107.21,380,boneka-asli,0.6700,708,489,1011,879
3211,107.21,382,boneka-dummy,0.7898,453,632,827,1079
3211,107.21,383,boneka-dummy,0.7679,1307,436,1704,976
3212,107.24,377,boneka-dummy,0.8226,1098,433,1341,724
3212,107.24,379,boneka-asli,0.7938,194,412,521,787
3212,107.24,380,boneka-asli,0.6700,707,493,1006,881
3212,107.24,381,boneka-asli,0.7482,1362,425,1657,771
3212,107.24,382,boneka-dummy,0.7898,453,637,824,1079
3212,107.24,383,boneka-dummy,0.7679,1321,488,1680,981
3213,107.27,377,boneka-dummy,0.8226,1090,425,1344,728
3213,107.27,379,boneka-asli,0.7938,192,417,522,795
3213,107.27,380,boneka-asli,0.6700,707,499,1003,882
3213,107.27,381,boneka-asli,0.7482,1358,430,1650,773
3213,107.27,382,boneka-dummy,0.7898,454,643,820,1079
3213,107.27,383,boneka-dummy,0.7679,1335,547,1658,987
3213,107.27,387,boneka-asli,0.6297,1590,636,1798,907
3214,107.31,377,boneka-dummy,0.8226,1084,417,1346,730
3214,107.31,379,boneka-asli,0.7938,191,420,522,799
3214,107.31,380,boneka-asli,0.6700,708,504,1001,883
3214,107.31,381,boneka-asli,0.7482,1354,434,1643,774
3214,107.31,382,boneka-dummy,0.7898,454,649,816,1079
3214,107.31,383,boneka-dummy,0.7679,1344,587,1642,992
3214,107.31,387,boneka-asli,0.6297,1581,636,1797,905
3215,107.34,377,boneka-dummy,0.8226,1080,412,1346,733
3215,107.34,379,boneka-asli,0.7938,190,423,522,803
3215,107.34,380,boneka-asli,0.6700,709,509,1000,886
3215,107.34,381,boneka-asli,0.7482,1348,437,1638,779
3215,107.34,382,boneka-dummy,0.7898,454,655,812,1079
3215,107.34,383,boneka-dummy,0.7679,1348,612,1633,996
3216,107.37,377,boneka-dummy,0.8226,1076,410,1345,734
3216,107.37,379,boneka-asli,0.7938,191,424,522,804
3216,107.37,380,boneka-asli,0.6700,710,512,1000,887
3216,107.37,381,boneka-asli,0.7482,1345,439,1635,781
3216,107.37,382,boneka-dummy,0.7898,452,659,809,1079
3216,107.37,383,boneka-dummy,0.7679,1349,624,1630,998
3217,107.41,377,boneka-dummy,0.8226,1073,408,1344,735
3217,107.41,379,boneka-asli,0.7938,190,426,522,807
3217,107.41,380,boneka-asli,0.6700,710,515,999,889
3217,107.41,381,boneka-asli,0.7482,1341,441,1632,783
3217,107.41,382,boneka-dummy,0.7898,451,662,807,1079
3217,107.41,383,boneka-dummy,0.7679,1347,632,1626,999
3218,107.44,377,boneka-dummy,0.8226,1071,408,1343,737
3218,107.44,379,boneka-asli,0.7938,190,427,521,806
3218,107.44,380,boneka-asli,0.6700,707,517,996,891
3218,107.44,381,boneka-asli,0.7482,1336,443,1632,792
3218,107.44,382,boneka-dummy,0.7898,451,667,805,1079
3218,107.44,383,boneka-dummy,0.7679,1346,638,1623,1001
3218,107.44,385,boneka-asli,0.6755,8,667,410,1079
3219,107.47,377,boneka-dummy,0.8226,1070,407,1341,736
3219,107.47,379,boneka-asli,0.7938,190,427,521,807
3219,107.47,380,boneka-asli,0.6700,707,518,996,891
3219,107.47,381,boneka-asli,0.7482,1309,441,1656,862
3219,107.47,382,boneka-dummy,0.7898,452,670,804,1079
3220,107.51,377,boneka-dummy,0.8226,1070,406,1339,734
3220,107.51,379,boneka-asli,0.7938,190,426,521,807
3220,107.51,380,boneka-asli,0.6700,707,518,996,890
3220,107.51,381,boneka-asli,0.7482,1290,440,1673,919
3220,107.51,382,boneka-dummy,0.7898,453,672,805,1079
3221,107.54,377,boneka-dummy,0.8226,1070,404,1339,732
3221,107.54,379,boneka-asli,0.7938,189,426,523,811
3221,107.54,380,boneka-asli,0.6700,707,518,995,888
3221,107.54,381,boneka-asli,0.7482,1280,438,1683,959
3221,107.54,382,boneka-dummy,0.7898,453,673,805,1079
3222,107.57,377,boneka-dummy,0.8226,1070,403,1337,729
3222,107.57,379,boneka-asli,0.7938,189,425,524,812
3222,107.57,380,boneka-asli,0.6700,707,517,993,886
3222,107.57,381,boneka-asli,0.7482,1275,435,1688,984
3222,107.57,382,boneka-dummy,0.7898,453,674,806,1079
3223,107.61,377,boneka-dummy,0.8226,1071,402,1337,727
3223,107.61,379,boneka-asli,0.7938,190,423,524,809
3223,107.61,380,boneka-asli,0.6700,704,517,991,884
3223,107.61,381,boneka-asli,0.7482,1276,431,1688,996
3223,107.61,382,boneka-dummy,0.7898,454,673,808,1079
3224,107.64,377,boneka-dummy,0.8226,1072,401,1336,725
3224,107.64,379,boneka-asli,0.7938,191,422,523,806
3224,107.64,380,boneka-asli,0.6700,701,517,990,883
3224,107.64,381,boneka-asli,0.7482,1279,428,1685,1002
3224,107.64,382,boneka-dummy,0.7898,454,673,808,1079
3225,107.67,377,boneka-dummy,0.8226,1075,407,1333,723
3225,107.67,379,boneka-asli,0.7938,192,422,522,803
3225,107.67,380,boneka-asli,0.6700,698,516,989,883
3225,107.67,381,boneka-asli,0.7482,1282,426,1681,1006
3225,107.67,382,boneka-dummy,0.7898,454,675,808,1079
3226,107.71,377,boneka-dummy,0.8226,1074,405,1334,723
3226,107.71,379,boneka-asli,0.7938,193,422,520,799
3226,107.71,380,boneka-asli,0.6700,694,516,988,884
3226,107.71,381,boneka-asli,0.7482,1307,427,1658,940
3226,107.71,382,boneka-dummy,0.7898,454,675,808,1079
3226,107.71,383,boneka-dummy,0.7679,1342,638,1623,1002
3227,107.74,377,boneka-dummy,0.8226,1074,403,1335,722
3227,107.74,379,boneka-asli,0.7938,192,422,519,799
3227,107.74,380,boneka-asli,0.6700,691,515,988,885
3227,107.74,381,boneka-asli,0.7482,1330,427,1638,874
3227,107.74,382,boneka-dummy,0.7898,454,676,808,1079
3227,107.74,383,boneka-dummy,0.7679,1339,638,1623,1002
3228,107.77,377,boneka-dummy,0.8226,1073,401,1337,724
3228,107.77,379,boneka-asli,0.7938,190,422,517,798
3228,107.77,380,boneka-asli,0.6700,689,516,990,886
3228,107.77,382,boneka-dummy,0.7898,454,679,807,1079
3228,107.77,383,boneka-dummy,0.7679,1316,567,1649,1005
3229,107.81,377,boneka-dummy,0.8226,1072,399,1340,728
3229,107.81,379,boneka-asli,0.7938,191,423,518,797
3229,107.81,380,boneka-asli,0.6700,688,518,992,891
3229,107.81,381,boneka-asli,0.7482,1347,429,1635,845
3229,107.81,382,boneka-dummy,0.7898,455,685,805,1079
3229,107.81,383,boneka-dummy,0.7679,1319,572,1650,1008
3230,107.84,377,boneka-dummy,0.8226,1074,399,1344,730
3230,107.84,379,boneka-asli,0.7938,191,424,519,799
3230,107.84,380,boneka-asli,0.6700,692,522,997,895
3230,107.84,381,boneka-asli,0.7482,1361,432,1633,820
3230,107.84,382,boneka-dummy,0.7898,460,693,805,1079
3230,107.84,383,boneka-dummy,0.7679,1330,596,1647,1012
3231,107.88,377,boneka-dummy,0.8226,1077,399,1348,733
3231,107.88,379,boneka-asli,0.7938,190,425,522,803
3231,107.88,380,boneka-asli,0.6700,699,525,1004,900
3231,107.88,381,boneka-asli,0.7482,1368,434,1630,803
3231,107.88,382,boneka-dummy,0.7898,467,702,807,1079
3231,107.88,383,boneka-dummy,0.7679,1342,618,1649,1017
3231,107.88,387,boneka-asli,0.6297,1544,649,1820,991
3232,107.91,377,boneka-dummy,0.8226,1081,399,1353,735
3232,107.91,379,boneka-asli,0.7938,190,426,524,806
3232,107.91,380,boneka-asli,0.6700,702,526,1008,903
3232,107.91,381,boneka-asli,0.7482,1374,436,1633,794
3232,107.91,382,boneka-dummy,0.7898,480,710,814,1079
3232,107.91,383,boneka-dummy,0.7679,1352,633,1655,1023
3232,107.91,387,boneka-asli,0.6297,1525,649,1832,1035
3233,107.94,377,boneka-dummy,0.8226,1085,398,1358,737
3233,107.94,379,boneka-asli,0.7938,190,427,528,810
3233,107.94,380,boneka-asli,0.6700,708,527,1014,904
3233,107.94,381,boneka-asli,0.7482,1379,437,1638,787
3233,107.94,382,boneka-dummy,0.7898,497,717,824,1079
3233,107.94,383,boneka-dummy,0.7679,1358,642,1660,1026
3233,107.94,387,boneka-asli,0.6297,1537,650,1830,1013
3234,107.98,377,boneka-dummy,0.8226,1089,398,1362,737
3234,107.98,379,boneka-asli,0.7938,191,426,531,813
3234,107.98,380,boneka-asli,0.6700,716,527,1020,904
3234,107.98,381,boneka-asli,0.7482,1383,436,1642,780
3234,107.98,382,boneka-dummy,0.7898,507,721,829,1079
3234,107.98,383,boneka-dummy,0.7679,1364,648,1666,1028
3234,107.98,387,boneka-asli,0.6297,1538,651,1848,1033
3235,108.01,377,boneka-dummy,0.8226,1095,395,1367,733
3235,108.01,379,boneka-asli,0.7938,191,424,532,812
3235,108.01,380,boneka-asli,0.6700,720,524,1026,903
3235,108.01,381,boneka-asli,0.7482,1389,434,1649,775
3235,108.01,382,boneka-dummy,0.7898,506,723,828,1079
3235,108.01,383,boneka-dummy,0.7679,1371,649,1675,1027
3236,108.04,377,boneka-dummy,0.8226,1102,389,1374,726
3236,108.04,379,boneka-asli,0.7938,193,420,533,805
3236,108.04,380,boneka-asli,0.6700,725,519,1034,900
3236,108.04,381,boneka-asli,0.7482,1393,429,1656,768
3236,108.04,382,boneka-dummy,0.7898,502,720,829,1079
3236,108.04,383,boneka-dummy,0.7679,1379,647,1685,1023
3236,108.04,387,boneka-asli,0.6297,1561,642,1849,995
3237,108.08,377,boneka-dummy,0.8226,1105,383,1378,720
3237,108.08,379,boneka-asli,0.7938,194,413,535,799
3237,108.08,380,boneka-asli,0.6700,728,514,1036,892
3237,108.08,381,boneka-asli,0.7482,1394,424,1659,760
3237,108.08,382,boneka-dummy,0.7898,497,714,831,1079
3237,108.08,383,boneka-dummy,0.7679,1380,642,1688,1018
3238,108.11,377,boneka-dummy,0.8226,1105,377,1381,717
3238,108.11,379,boneka-asli,0.7938,194,406,536,792
3238,108.11,380,boneka-asli,0.6700,728,507,1036,885
3238,108.11,381,boneka-asli,0.7482,1396,418,1662,751
3238,108.11,382,boneka-dummy,0.7898,492,707,834,1079
3238,108.11,383,boneka-dummy,0.7679,1379,636,1689,1012
3239,108.14,377,boneka-dummy,0.8226,1106,369,1384,712
3239,108.14,379,boneka-asli,0.7938,196,396,537,781
3239,108.14,380,boneka-asli,0.6700,727,499,1035,879
3239,108.14,381,boneka-asli,0.7482,1397,409,1668,744
3239,108.14,382,boneka-dummy,0.7898,488,700,838,1079
3239,108.14,383,boneka-dummy,0.7679,1379,624,1696,1007
3239,108.14,387,boneka-asli,0.6297,1595,662,1840,951
3240,108.18,377,boneka-dummy,0.8226,1109,360,1387,704
3240,108.18,379,boneka-asli,0.7938,197,386,537,770
3240,108.18,381,boneka-asli,0.7482,1398,399,1681,745
3240,108.18,382,boneka-dummy,0.7898,484,691,844,1079
3240,108.18,383,boneka-dummy,0.7679,1381,616,1703,1004
3241,108.21,377,boneka-dummy,0.8226,1111,351,1390,697
3241,108.21,379,boneka-asli,0.7938,195,377,539,764
3241,108.21,380,boneka-asli,0.6700,728,484,1042,871
3241,108.21,381,boneka-asli,0.7482,1402,390,1689,739
3241,108.21,382,boneka-dummy,0.7898,481,683,849,1079
3241,108.21,383,boneka-dummy,0.7679,1387,609,1712,1000
3242,108.24,377,boneka-dummy,0.8226,1114,342,1394,688
3242,108.24,379,boneka-asli,0.7938,193,367,542,759
3242,108.24,380,boneka-asli,0.6700,731,474,1048,864
3242,108.24,381,boneka-asli,0.7482,1406,382,1694,727
3242,108.24,382,boneka-dummy,0.7898,479,675,854,1079
3242,108.24,383,boneka-dummy,0.7679,1392,602,1718,993
3243,108.28,377,boneka-dummy,0.8226,1118,332,1399,679
3243,108.28,379,boneka-asli,0.7938,192,357,544,752
3243,108.28,380,boneka-asli,0.6700,732,464,1052,858
3243,108.28,381,boneka-asli,0.7482,1412,375,1697,713
3243,108.28,382,boneka-dummy,0.7898,479,667,861,1079
3243,108.28,383,boneka-dummy,0.7679,1397,596,1723,986
3244,108.31,377,boneka-dummy,0.8226,1123,322,1406,673
3244,108.31,379,boneka-asli,0.7938,193,346,546,743
3244,108.31,380,boneka-asli,0.6700,736,454,1057,850
3244,108.31,381,boneka-asli,0.7482,1418,367,1704,701
3244,108.31,382,boneka-dummy,0.7898,482,659,870,1079
3244,108.31,383,boneka-dummy,0.7679,1401,590,1729,982
3245,108.34,377,boneka-dummy,0.8226,1127,313,1412,666
3245,108.34,379,boneka-asli,0.7938,198,337,547,729
3245,108.34,380,boneka-asli,0.6700,740,446,1061,843
3245,108.34,381,boneka-asli,0.7482,1421,359,1715,698
3245,108.34,382,boneka-dummy,0.7898,484,650,879,1079
3245,108.34,383,boneka-dummy,0.7679,1407,583,1735,975
3246,108.38,377,boneka-dummy,0.8226,1133,304,1418,656
3246,108.38,379,boneka-asli,0.7938,202,328,550,717
3246,108.38,380,boneka-asli,0.6700,748,438,1069,835
3246,108.38,381,boneka-asli,0.7482,1426,349,1728,694
3246,108.38,382,boneka-dummy,0.7898,485,640,887,1080
3246,108.38,383,boneka-dummy,0.7679,1415,574,1747,969
3247,108.41,377,boneka-dummy,0.8226,1139,294,1425,646
3247,108.41,379,boneka-asli,0.7938,204,317,555,708
3247,108.41,380,boneka-asli,0.6700,759,428,1080,825
3247,108.41,381,boneka-asli,0.7482,1430,339,1741,693
3247,108.41,382,boneka-dummy,0.7898,487,632,895,1079
3247,108.41,383,boneka-dummy,0.7679,1424,565,1760,963
3247,108.41,385,boneka-asli,0.6755,41,674,438,1079
3248,108.44,377,boneka-dummy,0.8226,1147,284,1433,635
3248,108.44,379,boneka-asli,0.7938,207,305,563,700
3248,108.44,380,boneka-asli,0.6700,768,417,1087,812
3248,108.44,381,boneka-asli,0.7482,1438,330,1747,677
3248,108.44,382,boneka-dummy,0.7898,492,622,904,1078
3248,108.44,383,boneka-dummy,0.7679,1432,554,1768,949
3248,108.44,385,boneka-asli,0.6755,54,655,463,1079
3248,108.44,387,boneka-asli,0.6297,1581,606,1880,989
3249,108.48,377,boneka-dummy,0.8226,1154,273,1439,625
3249,108.48,379,boneka-asli,0.7938,211,292,571,692
3249,108.48,380,boneka-asli,0.6700,773,405,1093,800
3249,108.48,381,boneka-asli,0.7482,1445,319,1753,662
3249,108.48,382,boneka-dummy,0.7898,494,607,915,1077
3249,108.48,383,boneka-dummy,0.7679,1439,543,1775,936
3249,108.48,385,boneka-asli,0.6755,62,641,476,1079
3250,108.51,377,boneka-dummy,0.8226,1158,263,1442,613
3250,108.51,379,boneka-asli,0.7938,216,280,575,679
3250,108.51,381,boneka-asli,0.7482,1448,306,1758,650
3250,108.51,382,boneka-dummy,0.7898,493,594,923,1077
3250,108.51,383,boneka-dummy,0.7679,1443,531,1780,925
3250,108.51,385,boneka-asli,0.6755,74,654,472,1079
3251,108.54,377,boneka-dummy,0.8226,1161,251,1446,603
3251,108.54,379,boneka-asli,0.7938,217,268,576,667
3251,108.54,380,boneka-asli,0.6700,783,387,1104,785
3251,108.54,381,boneka-asli,0.7482,1450,294,1762,638
3251,108.54,382,boneka-dummy,0.7898,495,582,927,1074
3251,108.54,383,boneka-dummy,0.7679,1444,520,1783,917
3251,108.54,385,boneka-asli,0.6755,80,666,464,1079
3252,108.58,377,boneka-dummy,0.8226,1162,241,1448,593
3252,108.58,379,boneka-asli,0.7938,217,256,577,656
3252,108.58,380,boneka-asli,0.6700,787,375,1107,772
3252,108.58,381,boneka-asli,0.7482,1450,283,1763,627
3252,108.58,382,boneka-dummy,0.7898,493,570,929,1072
3252,108.58,383,boneka-dummy,0.7679,1445,510,1784,905
3252,108.58,385,boneka-asli,0.6755,84,675,454,1075
3253,108.61,377,boneka-dummy,0.8226,1162,234,1448,584
3253,108.61,379,boneka-asli,0.7938,217,248,576,646
3253,108.61,380,boneka-asli,0.6700,786,368,1102,760
3253,108.61,381,boneka-asli,0.7482,1449,276,1764,619
3253,108.61,382,boneka-dummy,0.7898,493,562,927,1065
3253,108.61,383,boneka-dummy,0.7679,1446,503,1784,897
3253,108.61,385,boneka-asli,0.6755,79,668,444,1067
3254,108.64,377,boneka-dummy,0.8226,1160,230,1445,579
3254,108.64,379,boneka-asli,0.7938,216,244,573,639
3254,108.64,380,boneka-asli,0.6700,785,363,1100,752
3254,108.64,381,boneka-asli,0.7482,1447,272,1763,613
3254,108.64,382,boneka-dummy,0.7898,500,557,920,1048
3254,108.64,383,boneka-dummy,0.7679,1443,499,1781,890
3254,108.64,385,boneka-asli,0.6755,80,663,442,1062
3255,108.68,377,boneka-dummy,0.8226,1158,228,1443,575
3255,108.68,379,boneka-asli,0.7938,214,241,571,635
3255,108.68,380,boneka-asli,0.6700,784,360,1098,748
3255,108.68,381,boneka-asli,0.7482,1443,271,1759,610
3255,108.68,382,boneka-dummy,0.7898,503,555,911,1033
3255,108.68,383,boneka-dummy,0.7679,1440,497,1779,886
3255,108.68,385,boneka-asli,0.6755,75,664,432,1062
3255,108.68,392,boneka-asli,0.5831,1653,507,1903,778
3256,108.71,377,boneka-dummy,0.8226,1155,228,1440,573
3256,108.71,379,boneka-asli,0.7938,211,239,570,635
3256,108.71,380,boneka-asli,0.6700,783,360,1097,745
3256,108.71,381,boneka-asli,0.7482,1439,269,1756,608
3256,108.71,382,boneka-dummy,0.7898,504,554,902,1020
3256,108.71,383,boneka-dummy,0.7679,1437,496,1777,884
3256,108.71,385,boneka-asli,0.6755,72,663,428,1063
3256,108.71,394,boneka-asli,0.5475,785,722,1066,980
3257,108.74,377,boneka-dummy,0.8226,1152,228,1437,572
3257,108.74,379,boneka-asli,0.7938,207,238,567,636
3257,108.74,380,boneka-asli,0.6700,778,360,1094,746
3257,108.74,381,boneka-asli,0.7482,1434,269,1753,607
3257,108.74,382,boneka-dummy,0.7898,495,553,902,1033
3257,108.74,383,boneka-dummy,0.7679,1434,497,1775,884
3257,108.74,385,boneka-asli,0.6755,72,673,421,1065
3257,108.74,387,boneka-asli,0.6297,1569,589,1900,1033
3257,108.74,392,boneka-asli,0.5831,1658,525,1895,781
3258,108.78,377,boneka-dummy,0.8226,1147,228,1434,572
3258,108.78,379,boneka-asli,0.7938,204,239,563,634
3258,108.78,380,boneka-asli,0.6700,776,360,1091,746
3258,108.78,381,boneka-asli,0.7482,1431,270,1749,606
3258,108.78,382,boneka-dummy,0.7898,487,553,901,1044
3258,108.78,383,boneka-dummy,0.7679,1430,497,1773,884
3258,108.78,385,boneka-asli,0.6755,67,679,410,1067
3258,108.78,392,boneka-asli,0.5831,1657,531,1891,781
3259,108.81,377,boneka-dummy,0.8226,1143,228,1431,573
3259,108.81,379,boneka-asli,0.7938,200,241,559,635
3259,108.81,380,boneka-asli,0.6700,774,360,1088,746
3259,108.81,381,boneka-asli,0.7482,1426,271,1749,611
3259,108.81,382,boneka-dummy,0.7898,482,555,899,1053
3259,108.81,383,boneka-dummy,0.7679,1426,498,1771,884
3259,108.81,385,boneka-asli,0.6755,59,680,402,1070
3259,108.81,387,boneka-asli,0.6297,1564,582,1910,1056
3259,108.81,392,boneka-asli,0.5831,1661,546,1884,782
3260,108.84,377,boneka-dummy,0.8226,1140,229,1429,573
3260,108.84,379,boneka-asli,0.7938,197,242,557,636
3260,108.84,380,boneka-asli,0.6700,772,359,1085,745
3260,108.84,381,boneka-asli,0.7482,1421,272,1749,616
3260,108.84,382,boneka-dummy,0.7898,479,556,897,1059
3260,108.84,383,boneka-dummy,0.7679,1422,498,1770,885
3260,108.84,385,boneka-asli,0.6755,55,680,397,1072
3260,108.84,387,boneka-asli,0.6297,1562,578,1915,1068
3260,108.84,392,boneka-asli,0.5831,1663,555,1880,782
3261,108.88,377,boneka-dummy,0.8226,1140,229,1428,572
3261,108.88,379,boneka-asli,0.7938,196,242,556,636
3261,108.88,380,boneka-asli,0.6700,771,359,1084,745
3261,108.88,381,boneka-asli,0.7482,1423,273,1747,611
3261,108.88,382,boneka-dummy,0.7898,479,557,895,1062
3261,108.88,383,boneka-dummy,0.7679,1420,498,1771,886
3261,108.88,392,boneka-asli,0.5831,1665,562,1880,782
3262,108.91,377,boneka-dummy,0.8226,1141,229,1428,571
3262,108.91,379,boneka-asli,0.7938,194,240,557,635
3262,108.91,380,boneka-asli,0.6700,767,358,1082,746
3262,108.91,381,boneka-asli,0.7482,1423,273,1747,609
3262,108.91,382,boneka-dummy,0.7898,484,556,889,1047
3262,108.91,383,boneka-dummy,0.7679,1419,498,1771,885
3262,108.91,385,boneka-asli,0.6755,61,693,389,1070
3263,108.94,377,boneka-dummy,0.8226,1141,229,1429,571
3263,108.94,379,boneka-asli,0.7938,193,238,559,638
3263,108.94,380,boneka-asli,0.6700,766,357,1083,747
3263,108.94,381,boneka-asli,0.7482,1424,272,1746,606
3263,108.94,382,boneka-dummy,0.7898,489,554,884,1031
3263,108.94,383,boneka-dummy,0.7679,1419,498,1773,886
3263,108.94,385,boneka-asli,0.6755,63,689,394,1070
3264,108.98,377,boneka-dummy,0.8226,1142,230,1429,571
3264,108.98,379,boneka-asli,0.7938,195,239,560,639
3264,108.98,380,boneka-asli,0.6700,768,357,1085,748
3264,108.98,381,boneka-asli,0.7482,1425,273,1747,604
3264,108.98,382,boneka-dummy,0.7898,495,554,881,1018
3264,108.98,383,boneka-dummy,0.7679,1419,499,1774,887
3264,108.98,385,boneka-asli,0.6755,66,683,402,1072
3265,109.01,377,boneka-dummy,0.8226,1142,231,1429,571
3265,109.01,379,boneka-asli,0.7938,197,241,561,638
3265,109.01,380,boneka-asli,0.6700,771,358,1087,747
3265,109.01,381,boneka-asli,0.7482,1426,274,1748,604
3265,109.01,382,boneka-dummy,0.7898,500,556,880,1011
3265,109.01,383,boneka-dummy,0.7679,1418,500,1774,887
3265,109.01,385,boneka-asli,0.6755,71,688,400,1069
3265,109.01,392,boneka-asli,0.5831,1655,544,1892,782
3266,109.04,377,boneka-dummy,0.8226,1142,232,1429,572
3266,109.04,379,boneka-asli,0.7938,199,243,561,638
3266,109.04,380,boneka-asli,0.6700,773,360,1089,747
3266,109.04,381,boneka-asli,0.7482,1424,275,1752,611
3266,109.04,382,boneka-dummy,0.7898,496,560,888,1028
3266,109.04,383,boneka-dummy,0.7679,1419,501,1775,888
3266,109.04,385,boneka-asli,0.6755,74,690,401,1070
3266,109.04,392,boneka-asli,0.5831,1651,540,1895,783
3267,109.08,377,boneka-dummy,0.8226,1140,232,1429,572
3267,109.08,379,boneka-asli,0.7938,200,245,560,637
3267,109.08,380,boneka-asli,0.6700,774,361,1092,750
3267,109.08,381,boneka-asli,0.7482,1421,276,1754,617
3267,109.08,382,boneka-dummy,0.7898,497,564,886,1027
3267,109.08,383,boneka-dummy,0.7679,1419,503,1774,888
3267,109.08,385,boneka-asli,0.6755,71,685,402,1072
3267,109.08,387,boneka-asli,0.6297,1564,576,1917,1074
3267,109.08,392,boneka-asli,0.5831,1649,542,1896,784
3268,109.11,377,boneka-dummy,0.8226,1137,231,1428,574
3268,109.11,379,boneka-asli,0.7938,198,248,559,640
3268,109.11,380,boneka-asli,0.6700,773,363,1091,753
3268,109.11,381,boneka-asli,0.7482,1417,277,1754,622
3268,109.11,382,boneka-dummy,0.7898,493,568,888,1039
3268,109.11,383,boneka-dummy,0.7679,1416,504,1772,888
3268,109.11,385,boneka-asli,0.6755,67,679,402,1074
3268,109.11,387,boneka-asli,0.6297,1567,571,1918,1073
3268,109.11,392,boneka-asli,0.5831,1649,548,1896,786
3269,109.14,377,boneka-dummy,0.8226,1132,232,1424,576
3269,109.14,379,boneka-asli,0.7938,197,250,556,641
3269,109.14,380,boneka-asli,0.6700,769,363,1086,755
3269,109.14,381,boneka-asli,0.7482,1413,278,1749,623
3269,109.14,382,boneka-dummy,0.7898,489,571,889,1049
3269,109.14,383,boneka-dummy,0.7679,1410,505,1764,887
3269,109.14,385,boneka-asli,0.6755,64,672,406,1076
3269,109.14,387,boneka-asli,0.6297,1569,578,1919,1075
3270,109.18,377,boneka-dummy,0.8226,1127,232,1419,576
3270,109.18,379,boneka-asli,0.7938,193,251,556,645
3270,109.18,380,boneka-asli,0.6700,763,363,1080,757
3270,109.18,381,boneka-asli,0.7482,1408,278,1743,622
3270,109.18,382,boneka-dummy,0.7898,489,571,882,1040
3270,109.18,383,boneka-dummy,0.7679,1404,506,1756,886
3270,109.18,385,boneka-asli,0.6755,58,661,408,1077
3270,109.18,392,boneka-asli,0.5831,1643,543,1899,786
3271,109.21,377,boneka-dummy,0.8226,1124,232,1415,575
3271,109.21,379,boneka-asli,0.7938,191,251,550,642
3271,109.21,380,boneka-asli,0.6700,754,365,1068,755
3271,109.21,381,boneka-asli,0.7482,1403,278,1735,619
3271,109.21,382,boneka-dummy,0.7898,482,571,880,1047
3271,109.21,383,boneka-dummy,0.7679,1397,505,1747,885
3271,109.21,385,boneka-asli,0.6755,49,658,402,1078
3271,109.21,392,boneka-asli,0.5831,1635,536,1900,785
3272,109.24,377,boneka-dummy,0.8226,1122,232,1412,573
3272,109.24,379,boneka-asli,0.7938,188,250,545,636
3272,109.24,380,boneka-asli,0.6700,746,365,1060,754
3272,109.24,381,boneka-asli,0.7482,1400,278,1728,613
3272,109.24,382,boneka-dummy,0.7898,474,571,876,1054
3272,109.24,383,boneka-dummy,0.7679,1392,503,1744,884
3272,109.24,385,boneka-asli,0.6755,42,661,391,1076
3272,109.24,392,boneka-asli,0.5831,1623,526,1900,784
3273,109.28,377,boneka-dummy,0.8226,1120,230,1410,571
3273,109.28,379,boneka-asli,0.7938,182,246,542,636
3273,109.28,380,boneka-asli,0.6700,739,363,1054,752
3273,109.28,381,boneka-asli,0.7482,1398,276,1724,608
3273,109.28,382,boneka-dummy,0.7898,472,565,870,1044
3273,109.28,383,boneka-dummy,0.7679,1388,502,1740,882
3273,109.28,385,boneka-asli,0.6755,39,662,387,1075
3274,109.31,377,boneka-dummy,0.8226,1120,229,1408,570
3274,109.31,379,boneka-asli,0.7938,180,242,540,632
3274,109.31,380,boneka-asli,0.6700,739,360,1055,747
3274,109.31,381,boneka-asli,0.7482,1397,276,1720,603
3274,109.31,382,boneka-dummy,0.7898,472,559,864,1031
3274,109.31,383,boneka-dummy,0.7679,1384,499,1736,879
3274,109.31,385,boneka-asli,0.6755,35,670,378,1076
3274,109.31,392,boneka-asli,0.5831,1609,506,1902,779
3275,109.34,377,boneka-dummy,0.8226,1119,225,1408,568
3275,109.34,379,boneka-asli,0.7938,180,238,538,626
3275,109.34,380,boneka-asli,0.6700,737,355,1053,741
3275,109.34,381,boneka-asli,0.7482,1396,273,1720,600
3275,109.34,382,boneka-dummy,0.7898,474,554,859,1016
3275,109.34,383,boneka-dummy,0.7679,1382,496,1735,875
3275,109.34,385,boneka-asli,0.6755,34,674,376,1078
3275,109.34,392,boneka-asli,0.5831,1600,492,1902,774
3275,109.34,394,boneka-asli,0.5475,775,719,1051,974
3276,109.38,377,boneka-dummy,0.8226,1119,221,1408,567
3276,109.38,379,boneka-asli,0.7938,179,235,537,623
3276,109.38,381,boneka-asli,0.7482,1394,269,1721,597
3276,109.38,382,boneka-dummy,0.7898,474,548,857,1009
3276,109.38,383,boneka-dummy,0.7679,1381,492,1733,872
3276,109.38,385,boneka-asli,0.6755,30,672,375,1079
3276,109.38,394,boneka-asli,0.5475,769,717,1044,971
3277,109.41,377,boneka-dummy,0.8226,1119,219,1407,566
3277,109.41,379,boneka-asli,0.7938,179,232,537,620
3277,109.41,381,boneka-asli,0.7482,1393,265,1722,595
3277,109.41,382,boneka-dummy,0.7898,473,547,854,1004
3277,109.41,383,boneka-dummy,0.7679,1380,490,1731,868
3277,109.41,385,boneka-asli,0.6755,29,670,376,1079
3277,109.41,387,boneka-asli,0.6297,1568,586,1917,1077
3277,109.41,392,boneka-asli,0.5831,1610,510,1892,769
3277,109.41,394,boneka-asli,0.5475,765,713,1042,969
3278,109.44,377,boneka-dummy,0.8226,1119,216,1406,563
3278,109.44,379,boneka-asli,0.7938,178,230,538,618
3278,109.44,381,boneka-asli,0.7482,1392,262,1723,594
3278,109.44,382,boneka-dummy,0.7898,475,544,853,998
3278,109.44,383,boneka-dummy,0.7679,1380,487,1731,866
3278,109.44,385,boneka-asli,0.6755,36,678,378,1079
3278,109.44,387,boneka-asli,0.6297,1567,590,1915,1076
3278,109.44,392,boneka-asli,0.5831,1608,502,1899,767
3278,109.44,394,boneka-asli,0.5475,762,710,1037,966
3279,109.48,377,boneka-dummy,0.8226,1118,213,1404,559
3279,109.48,379,boneka-asli,0.7938,179,227,538,613
3279,109.48,381,boneka-asli,0.7482,1391,259,1724,593
3279,109.48,382,boneka-dummy,0.7898,471,542,857,1006
3279,109.48,383,boneka-dummy,0.7679,1380,484,1732,864
3279,109.48,385,boneka-asli,0.6755,38,683,378,1079
3279,109.48,392,boneka-asli,0.5831,1606,494,1904,764
3279,109.48,394,boneka-asli,0.5475,763,708,1035,963
3280,109.51,377,boneka-dummy,0.8226,1117,211,1401,556
3280,109.51,379,boneka-asli,0.7938,179,224,536,607
3280,109.51,381,boneka-asli,0.7482,1389,257,1724,593
3280,109.51,382,boneka-dummy,0.7898,471,539,855,1000
3280,109.51,383,boneka-dummy,0.7679,1379,482,1731,863
3280,109.51,385,boneka-asli,0.6755,40,683,381,1079
3280,109.51,392,boneka-asli,0.5831,1605,499,1899,762
3280,109.51,394,boneka-asli,0.5475,765,706,1036,960
3281,109.54,377,boneka-dummy,0.8226,1117,210,1400,554
3281,109.54,379,boneka-asli,0.7938,177,222,533,601
3281,109.54,381,boneka-asli,0.7482,1387,256,1725,595
3281,109.54,382,boneka-dummy,0.7898,472,537,851,991
3281,109.54,383,boneka-dummy,0.7679,1377,480,1729,862
3281,109.54,385,boneka-asli,0.6755,30,669,383,1079
3281,109.54,392,boneka-asli,0.5831,1602,500,1893,760
3281,109.54,394,boneka-asli,0.5475,769,705,1037,958
3282,109.58,377,boneka-dummy,0.8226,1115,209,1399,553
3282,109.58,379,boneka-asli,0.7938,174,221,530,599
3282,109.58,380,boneka-asli,0.6700,733,348,1051,734
3282,109.58,381,boneka-asli,0.7482,1385,255,1723,594
3282,109.58,382,boneka-dummy,0.7898,470,536,847,986
3282,109.58,383,boneka-dummy,0.7679,1376,480,1727,861
3282,109.58,385,boneka-asli,0.6755,23,661,381,1079
3282,109.58,394,boneka-asli,0.5475,768,704,1034,956
3283,109.61,377,boneka-dummy,0.8226,1111,208,1395,552
3283,109.61,379,boneka-asli,0.7938,171,221,526,596
3283,109.61,381,boneka-asli,0.7482,1383,254,1719,591
3283,109.61,382,boneka-dummy,0.7898,465,537,839,981
3283,109.61,383,boneka-dummy,0.7679,1374,480,1726,861
3283,109.61,392,boneka-asli,0.5831,1605,520,1876,760
3283,109.61,394,boneka-asli,0.5475,760,706,1026,957
3284,109.64,377,boneka-dummy,0.8226,1106,207,1392,551
3284,109.64,379,boneka-asli,0.7938,166,220,524,597
3284,109.64,381,boneka-asli,0.7482,1381,254,1717,590
3284,109.64,382,boneka-dummy,0.7898,458,538,838,987
3284,109.64,383,boneka-dummy,0.7679,1372,480,1723,861
3284,109.64,392,boneka-asli,0.5831,1604,531,1865,759
3285,109.68,377,boneka-dummy,0.8226,1100,206,1388,551
3285,109.68,379,boneka-asli,0.7938,160,220,521,598
3285,109.68,380,boneka-asli,0.6700,720,344,1039,730
3285,109.68,381,boneka-asli,0.7482,1378,253,1714,590
3285,109.68,382,boneka-dummy,0.7898,448,538,839,999
3285,109.68,383,boneka-dummy,0.7679,1367,480,1719,861
3286,109.71,377,boneka-dummy,0.8226,1095,205,1383,550
3286,109.71,379,boneka-asli,0.7938,153,219,514,598
3286,109.71,381,boneka-asli,0.7482,1372,253,1706,589
3286,109.71,382,boneka-dummy,0.7898,442,537,834,1001
3286,109.71,383,boneka-dummy,0.7679,1358,478,1710,861
3286,109.71,385,boneka-asli,0.6755,13,647,382,1079
3286,109.71,394,boneka-asli,0.5475,747,707,1012,957
3287,109.74,377,boneka-dummy,0.8226,1090,205,1378,550
3287,109.74,379,boneka-asli,0.7938,144,219,509,601
3287,109.74,381,boneka-asli,0.7482,1366,252,1698,588
3287,109.74,382,boneka-dummy,0.7898,435,536,826,998
3287,109.74,383,boneka-dummy,0.7679,1351,477,1703,861
3288,109.78,377,boneka-dummy,0.8226,1084,206,1372,550
3288,109.78,379,boneka-asli,0.7938,136,218,506,606
3288,109.78,380,boneka-asli,0.6700,701,343,1019,728
3288,109.78,381,boneka-asli,0.7482,1359,252,1692,588
3288,109.78,382,boneka-dummy,0.7898,429,535,819,995
3288,109.78,383,boneka-dummy,0.7679,1346,477,1697,862
3288,109.78,385,boneka-asli,0.6755,6,632,382,1079
3289,109.81,377,boneka-dummy,0.8226,1080,207,1367,551
3289,109.81,379,boneka-asli,0.7938,131,220,503,609
3289,109.81,380,boneka-asli,0.6700,688,342,1008,726
3289,109.81,381,boneka-asli,0.7482,1354,252,1687,589
3289,109.81,382,boneka-dummy,0.7898,422,535,814,1000
3289,109.81,383,boneka-dummy,0.7679,1341,477,1691,862
3289,109.81,392,boneka-asli,0.5831,1580,508,1865,759
3290,109.84,377,boneka-dummy,0.8226,1076,208,1365,553
3290,109.84,379,boneka-asli,0.7938,128,222,499,612
3290,109.84,380,boneka-asli,0.6700,680,343,1001,727
3290,109.84,381,boneka-asli,0.7482,1350,254,1684,592
3290,109.84,382,boneka-dummy,0.7898,417,537,811,1005
3290,109.84,383,boneka-dummy,0.7679,1337,479,1684,862
3290,109.84,392,boneka-asli,0.5831,1562,492,1865,760
3290,109.84,394,boneka-asli,0.5475,734,707,1000,957
3291,109.88,377,boneka-dummy,0.8226,1074,210,1363,557
3291,109.88,379,boneka-asli,0.7938,126,226,496,615
3291,109.88,380,boneka-asli,0.6700,673,345,997,730
3291,109.88,381,boneka-asli,0.7482,1347,256,1682,595
3291,109.88,382,boneka-dummy,0.7898,411,539,810,1013
3291,109.88,383,boneka-dummy,0.7679,1333,482,1679,863
3291,109.88,392,boneka-asli,0.5831,1553,487,1860,761
3291,109.88,394,boneka-asli,0.5475,730,708,992,958
3292,109.91,377,boneka-dummy,0.8226,1073,213,1362,560
3292,109.91,379,boneka-asli,0.7938,126,230,495,619
3292,109.91,380,boneka-asli,0.6700,670,347,995,730
3292,109.91,381,boneka-asli,0.7482,1346,259,1682,600
3292,109.91,382,boneka-dummy,0.7898,411,544,807,1015
3292,109.91,383,boneka-dummy,0.7679,1333,485,1676,864
3292,109.91,392,boneka-asli,0.5831,1547,482,1857,763
3293,109.95,377,boneka-dummy,0.8226,1074,218,1361,562
3293,109.95,379,boneka-asli,0.7938,125,234,497,627
3293,109.95,380,boneka-asli,0.6700,671,353,995,732
3293,109.95,381,boneka-asli,0.7482,1347,263,1681,602
3293,109.95,382,boneka-dummy,0.7898,410,550,807,1023
3293,109.95,383,boneka-dummy,0.7679,1334,488,1677,868
3294,109.98,377,boneka-dummy,0.8226,1076,223,1361,566
3294,109.98,379,boneka-asli,0.7938,126,239,500,636
3294,109.98,380,boneka-asli,0.6700,671,359,997,738
3294,109.98,381,boneka-asli,0.7482,1351,267,1681,602
3294,109.98,382,boneka-dummy,0.7898,406,554,812,1039
3294,109.98,383,boneka-dummy,0.7679,1337,493,1681,873
3295,110.01,377,boneka-dummy,0.8226,1080,226,1365,570
3295,110.01,379,boneka-asli,0.7938,129,245,503,644
3295,110.01,380,boneka-asli,0.6700,671,364,1000,745
3295,110.01,381,boneka-asli,0.7482,1355,272,1684,605
3295,110.01,382,boneka-dummy,0.7898,405,558,815,1050
3295,110.01,383,boneka-dummy,0.7679,1341,497,1685,878
3296,110.05,377,boneka-dummy,0.8226,1083,229,1369,574
3296,110.05,379,boneka-asli,0.7938,133,252,506,649
3296,110.05,380,boneka-asli,0.6700,673,369,1006,756
3296,110.05,381,boneka-asli,0.7482,1360,275,1693,613
3296,110.05,382,boneka-dummy,0.7898,407,563,817,1057
3296,110.05,383,boneka-dummy,0.7679,1345,501,1689,883
3296,110.05,392,boneka-asli,0.5831,1554,491,1861,772
3297,110.08,377,boneka-dummy,0.8226,1087,233,1375,580
3297,110.08,379,boneka-asli,0.7938,138,259,507,652
3297,110.08,380,boneka-asli,0.6700,676,373,1014,767
3297,110.08,381,boneka-asli,0.7482,1365,278,1700,619
3297,110.08,382,boneka-dummy,0.7898,411,570,819,1063
3297,110.08,383,boneka-dummy,0.7679,1348,506,1692,890
3297,110.08,385,boneka-asli,0.6755,14,666,367,1079
3298,110.11,377,boneka-dummy,0.8226,1093,238,1380,585
3298,110.11,379,boneka-asli,0.7938,145,266,512,657
3298,110.11,380,boneka-asli,0.6700,678,379,1016,775
3298,110.11,381,boneka-asli,0.7482,1371,280,1708,624
3298,110.11,382,boneka-dummy,0.7898,417,575,822,1064
3298,110.11,383,boneka-dummy,0.7679,1352,510,1697,896
3298,110.11,385,boneka-asli,0.6755,7,651,373,1079
3298,110.11,394,boneka-asli,0.5475,732,730,995,980
3299,110.15,377,boneka-dummy,0.8226,1099,245,1385,591
3299,110.15,379,boneka-asli,0.7938,150,272,520,665
3299,110.15,380,boneka-asli,0.6700,679,385,1015,780
3299,110.15,381,boneka-asli,0.7482,1374,283,1716,634
3299,110.15,382,boneka-dummy,0.7898,422,580,829,1070
3299,110.15,383,boneka-dummy,0.7679,1358,515,1701,902
3299,110.15,385,boneka-asli,0.6755,8,647,382,1079
3299,110.15,392,boneka-asli,0.5831,1579,533,1862,787
3300,110.18,377,boneka-dummy,0.8226,1105,249,1391,595
3300,110.18,379,boneka-asli,0.7938,157,277,524,666
3300,110.18,381,boneka-asli,0.7482,1376,287,1725,647
3300,110.18,382,boneka-dummy,0.7898,429,583,831,1067
3300,110.18,383,boneka-dummy,0.7679,1365,518,1708,905
3300,110.18,385,boneka-asli,0.6755,11,652,383,1079
3300,110.18,387,boneka-asli,0.6297,1566,592,1915,1076
3300,110.18,394,boneka-asli,0.5475,742,746,1007,997
3301,110.21,377,boneka-dummy,0.8226,1112,253,1397,600
3301,110.21,379,boneka-asli,0.7938,163,282,532,674
3301,110.21,381,boneka-asli,0.7482,1384,292,1729,650
3301,110.21,382,boneka-dummy,0.7898,436,586,835,1066
3301,110.21,383,boneka-dummy,0.7679,1375,521,1717,908
3301,110.21,385,boneka-asli,0.6755,10,645,386,1079
3301,110.21,387,boneka-asli,0.6297,1564,582,1917,1072
3301,110.21,392,boneka-asli,0.5831,1595,543,1882,799
3301,110.21,394,boneka-asli,0.5475,749,757,1014,1007
3302,110.25,377,boneka-dummy,0.8226,1120,258,1405,605
3302,110.25,379,boneka-asli,0.7938,170,287,541,683
3302,110.25,380,boneka-asli,0.6700,693,392,1031,789
3302,110.25,381,boneka-asli,0.7482,1394,296,1734,650
3302,110.25,382,boneka-dummy,0.7898,446,591,843,1068
3302,110.25,383,boneka-dummy,0.7679,1385,525,1726,912
3302,110.25,385,boneka-asli,0.6755,12,642,388,1079
3302,110.25,387,boneka-asli,0.6297,1569,573,1918,1065
3302,110.25,392,boneka-asli,0.5831,1603,543,1900,806
3303,110.28,377,boneka-dummy,0.8226,1130,263,1414,611
3303,110.28,379,boneka-asli,0.7938,179,293,549,688
3303,110.28,380,boneka-asli,0.6700,707,401,1043,795
3303,110.28,381,boneka-asli,0.7482,1406,300,1744,653
3303,110.28,382,boneka-dummy,0.7898,455,596,850,1071
3303,110.28,383,boneka-dummy,0.7679,1395,531,1736,918
3303,110.28,385,boneka-asli,0.6755,28,648,399,1079
3303,110.28,387,boneka-asli,0.6297,1577,577,1918,1057
3303,110.28,392,boneka-asli,0.5831,1615,553,1907,811
3304,110.31,377,boneka-dummy,0.8226,1145,268,1427,616
3304,110.31,379,boneka-asli,0.7938,190,300,560,695
3304,110.31,380,boneka-asli,0.6700,720,406,1057,801
3304,110.31,381,boneka-asli,0.7482,1420,305,1752,651
3304,110.31,382,boneka-dummy,0.7898,465,600,861,1074
3304,110.31,383,boneka-dummy,0.7679,1408,535,1750,924
3304,110.31,385,boneka-asli,0.6755,51,653,422,1079
3304,110.31,387,boneka-asli,0.6297,1583,559,1919,1047
3305,110.35,377,boneka-dummy,0.8226,1156,273,1437,619
3305,110.35,379,boneka-asli,0.7938,201,307,571,702
3305,110.35,380,boneka-asli,0.6700,735,412,1071,807
3305,110.35,381,boneka-asli,0.7482,1432,310,1762,654
3305,110.35,382,boneka-dummy,0.7898,479,603,874,1077
3305,110.35,383,boneka-dummy,0.7679,1423,540,1766,929
3305,110.35,387,boneka-asli,0.6297,1594,545,1919,1038
3306,110.38,377,boneka-dummy,0.8226,1168,277,1450,626
3306,110.38,379,boneka-asli,0.7938,218,315,579,700
3306,110.38,380,boneka-asli,0.6700,749,419,1084,813
3306,110.38,381,boneka-asli,0.7482,1447,316,1780,663
3306,110.38,382,boneka-dummy,0.7898,495,611,886,1078
3306,110.38,383,boneka-dummy,0.7679,1438,547,1783,939
3307,110.41,377,boneka-dummy,0.8226,1181,284,1464,635
3307,110.41,379,boneka-asli,0.7938,232,323,594,708
3307,110.41,380,boneka-asli,0.6700,760,428,1096,823
3307,110.41,381,boneka-asli,0.7482,1459,323,1800,679
3307,110.41,382,boneka-dummy,0.7898,512,620,897,1079
3307,110.41,383,boneka-dummy,0.7679,1453,554,1801,949
3308,110.45,377,boneka-dummy,0.8226,1194,291,1479,644
3308,110.45,379,boneka-asli,0.7938,243,331,608,719
3308,110.45,381,boneka-asli,0.7482,1474,330,1818,690
3308,110.45,382,boneka-dummy,0.7898,531,632,910,1079
3308,110.45,383,boneka-dummy,0.7679,1470,564,1820,960
3309,110.48,377,boneka-dummy,0.8226,1209,297,1497,654
3309,110.48,379,boneka-asli,0.7938,258,340,623,729
3309,110.48,380,boneka-asli,0.6700,785,439,1122,836
3309,110.48,381,boneka-asli,0.7482,1495,336,1837,695
3309,110.48,382,boneka-dummy,0.7898,548,642,922,1079
3309,110.48,383,boneka-dummy,0.7679,1489,572,1841,971
3310,110.51,377,boneka-dummy,0.8226,1225,302,1515,661
3310,110.51,379,boneka-asli,0.7938,274,347,637,733
3310,110.51,380,boneka-asli,0.6700,804,447,1143,846
3310,110.51,381,boneka-asli,0.7482,1513,342,1855,699
3310,110.51,382,boneka-dummy,0.7898,565,650,937,1079
3310,110.51,383,boneka-dummy,0.7679,1512,580,1866,981
3310,110.51,385,boneka-asli,0.6755,25,587,427,1079
3311,110.55,377,boneka-dummy,0.8226,1243,308,1534,667
3311,110.55,379,boneka-asli,0.7938,289,353,654,740
3311,110.55,380,boneka-asli,0.6700,824,456,1165,856
3311,110.55,381,boneka-asli,0.7482,1535,349,1879,708
3311,110.55,382,boneka-dummy,0.7898,581,657,951,1079
3311,110.55,383,boneka-dummy,0.7679,1531,585,1890,990
3312,110.58,377,boneka-dummy,0.8226,1262,313,1553,672
3312,110.58,379,boneka-asli,0.7938,306,358,668,740
3312,110.58,380,boneka-asli,0.6700,842,460,1186,863
3312,110.58,381,boneka-asli,0.7482,1553,355,1897,714
3312,110.58,382,boneka-dummy,0.7898,597,665,965,1079
3312,110.58,383,boneka-dummy,0.7679,1548,590,1905,999
3313,110.61,377,boneka-dummy,0.8226,1280,318,1572,677
3313,110.61,379,boneka-asli,0.7938,323,363,679,738
3313,110.61,380,boneka-asli,0.6700,853,462,1200,870
3313,110.61,382,boneka-dummy,0.7898,610,671,977,1079
3313,110.61,383,boneka-dummy,0.7679,1560,594,1912,1011
3314,110.65,377,boneka-dummy,0.8226,1297,322,1590,682
3314,110.65,379,boneka-asli,0.7938,338,367,691,738
3314,110.65,380,boneka-asli,0.6700,865,466,1214,875
3314,110.65,381,boneka-asli,0.7482,1573,362,1908,724
3314,110.65,382,boneka-dummy,0.7898,621,675,990,1079
3314,110.65,383,boneka-dummy,0.7679,1571,600,1916,1019
3315,110.68,377,boneka-dummy,0.8226,1312,324,1608,686
3315,110.68,379,boneka-asli,0.7938,349,371,704,742
3315,110.68,380,boneka-asli,0.6700,879,471,1229,878
3315,110.68,382,boneka-dummy,0.7898,629,678,1001,1079
3315,110.68,383,boneka-dummy,0.7679,1583,605,1918,1027
3316,110.71,377,boneka-dummy,0.8226,1327,326,1626,689
3316,110.71,379,boneka-asli,0.7938,360,373,714,743
3316,110.71,380,boneka-asli,0.6700,890,474,1240,882
3316,110.71,382,boneka-dummy,0.7898,637,681,1011,1079
3316,110.71,383,boneka-dummy,0.7679,1594,608,1919,1034
3317,110.75,377,boneka-dummy,0.8226,1343,327,1644,691
3317,110.75,379,boneka-asli,0.7938,369,374,727,748
3317,110.75,380,boneka-asli,0.6700,898,476,1249,885
3317,110.75,382,boneka-dummy,0.7898,644,683,1022,1079
3317,110.75,383,boneka-dummy,0.7679,1604,609,1919,1043
3318,110.78,377,boneka-dummy,0.8226,1356,327,1660,694
3318,110.78,379,boneka-asli,0.7938,375,375,738,754
3318,110.78,380,boneka-asli,0.6700,908,477,1262,888
3318,110.78,382,boneka-dummy,0.7898,652,684,1035,1079
3318,110.78,383,boneka-dummy,0.7679,1614,609,1919,1053
3319,110.81,377,boneka-dummy,0.8226,1367,326,1677,698
3319,110.81,379,boneka-asli,0.7938,379,374,747,759
3319,110.81,380,boneka-asli,0.6700,917,477,1277,892
3319,110.81,381,boneka-asli,0.7482,1607,365,1914,731
3319,110.81,382,boneka-dummy,0.7898,659,682,1047,1079
3319,110.81,383,boneka-dummy,0.7679,1623,608,1919,1064
3320,110.85,377,boneka-dummy,0.8226,1375,325,1692,704
3320,110.85,379,boneka-asli,0.7938,379,372,752,764
3320,110.85,380,boneka-asli,0.6700,922,475,1290,899
3320,110.85,381,boneka-asli,0.7482,1629,366,1917,734
3320,110.85,382,boneka-dummy,0.7898,658,682,1052,1079
3320,110.85,383,boneka-dummy,0.7679,1635,608,1919,1072
3321,110.88,377,boneka-dummy,0.8226,1381,323,1703,708
3321,110.88,379,boneka-asli,0.7938,376,369,756,770
3321,110.88,380,boneka-asli,0.6700,924,472,1301,905
3321,110.88,381,boneka-asli,0.7482,1645,367,1918,739
3321,110.88,382,boneka-dummy,0.7898,653,681,1052,1079
3321,110.88,383,boneka-dummy,0.7679,1646,604,1919,1076
3322,110.91,377,boneka-dummy,0.8226,1387,322,1714,711
3322,110.91,379,boneka-asli,0.7938,371,366,758,776
3322,110.91,380,boneka-asli,0.6700,924,468,1308,911
3322,110.91,382,boneka-dummy,0.7898,647,680,1053,1079
3322,110.91,387,boneka-asli,0.6297,1609,467,1919,1058
3323,110.95,377,boneka-dummy,0.8226,1393,321,1726,715
3323,110.95,379,boneka-asli,0.7938,363,363,756,780
3323,110.95,380,boneka-asli,0.6700,927,467,1316,915
3323,110.95,381,boneka-asli,0.7482,1663,379,1919,749
3323,110.95,382,boneka-dummy,0.7898,646,681,1056,1079
3323,110.95,383,boneka-dummy,0.7679,1668,622,1919,1078
3324,110.98,377,boneka-dummy,0.8226,1398,317,1739,721
3324,110.98,379,boneka-asli,0.7938,358,361,752,781
3324,110.98,380,boneka-asli,0.6700,908,467,1335,964
3324,110.98,381,boneka-asli,0.7482,1680,387,1919,754
3324,110.98,383,boneka-dummy,0.7679,1690,643,1919,1079
3325,111.01,377,boneka-dummy,0.8226,1406,316,1754,729
3325,111.01,379,boneka-asli,0.7938,348,360,758,799
3325,111.01,380,boneka-asli,0.6700,896,467,1357,1012
3325,111.01,381,boneka-asli,0.7482,1693,394,1919,764
3325,111.01,383,boneka-dummy,0.7679,1707,656,1919,1079
3326,111.05,377,boneka-dummy,0.8226,1414,320,1770,739
3326,111.05,379,boneka-asli,0.7938,346,361,762,806
3326,111.05,380,boneka-asli,0.6700,899,471,1369,1032
3326,111.05,381,boneka-asli,0.7482,1706,399,1919,777
3327,111.08,377,boneka-dummy,0.8226,1430,327,1791,751
3327,111.08,379,boneka-asli,0.7938,346,366,774,826
3327,111.08,380,boneka-asli,0.6700,926,479,1380,1023
3328,111.11,377,boneka-dummy,0.8226,1447,335,1813,762
3328,111.11,379,boneka-asli,0.7938,349,371,784,842
3328,111.11,380,boneka-asli,0.6700,952,487,1397,1021
3328,111.11,382,boneka-dummy,0.7898,710,713,1087,1076
3329,111.15,377,boneka-dummy,0.8226,1464,345,1834,774
3329,111.15,379,boneka-asli,0.7938,358,376,792,849
3329,111.15,380,boneka-asli,0.6700,980,497,1417,1022
3329,111.15,382,boneka-dummy,0.7898,744,739,1101,1075
3330,111.18,377,boneka-dummy,0.8226,1478,352,1858,791
3330,111.18,379,boneka-asli,0.7938,370,384,803,856
3330,111.18,380,boneka-asli,0.6700,1002,508,1440,1037
3330,111.18,382,boneka-dummy,0.7898,791,759,1133,1077
3331,111.21,377,boneka-dummy,0.8226,1498,363,1885,809
3331,111.21,379,boneka-asli,0.7938,387,390,819,861
3331,111.21,380,boneka-asli,0.6700,1027,519,1469,1055
3332,111.25,377,boneka-dummy,0.8226,1516,374,1902,824
3332,111.25,379,boneka-asli,0.7938,403,396,839,874
3332,111.25,380,boneka-asli,0.6700,1059,531,1500,1067
3332,111.25,382,boneka-dummy,0.7898,842,777,1178,1078
3333,111.28,377,boneka-dummy,0.8226,1533,383,1911,841
3333,111.28,380,boneka-asli,0.6700,1095,543,1531,1073
3334,111.31,377,boneka-dummy,0.8226,1555,392,1915,852
3334,111.31,379,boneka-asli,0.7938,438,403,873,881
3334,111.31,380,boneka-asli,0.6700,1137,554,1568,1076
3335,111.35,377,boneka-dummy,0.8226,1582,400,1917,857
3335,111.35,379,boneka-asli,0.7938,474,407,911,889
3335,111.35,380,boneka-asli,0.6700,1187,559,1615,1078
3336,111.38,377,boneka-dummy,0.8226,1627,438,1918,862
3336,111.38,379,boneka-asli,0.7938,513,409,950,893
3336,111.38,380,boneka-asli,0.6700,1242,563,1669,1079
3337,111.41,379,boneka-asli,0.7938,561,411,997,895
3337,111.41,380,boneka-asli,0.6700,1304,568,1735,1079
3338,111.45,380,boneka-asli,0.6700,1340,572,1782,1079
3339,111.48,380,boneka-asli,0.6700,1380,572,1831,1079
3340,111.51,379,boneka-asli,0.7938,684,414,1120,900
3340,111.51,380,boneka-asli,0.6700,1412,572,1870,1079
3341,111.55,379,boneka-asli,0.7938,780,415,1216,904
3341,111.55,380,boneka-asli,0.6700,1469,584,1895,1079
3342,111.58,380,boneka-asli,0.6700,1527,580,1907,1079
3343,111.61,379,boneka-asli,0.7938,889,415,1332,914
3345,111.68,379,boneka-asli,0.7938,998,416,1448,925
3347,111.75,379,boneka-asli,0.7938,1104,422,1559,942
3348,111.78,379,boneka-asli,0.7938,1183,429,1641,953
3348,111.78,408,boneka-asli,0.6118,891,668,1294,1080
3349,111.81,379,boneka-asli,0.7938,1248,435,1705,959
3350,111.85,379,boneka-asli,0.7938,1295,442,1763,979
3351,111.88,379,boneka-asli,0.7938,1336,446,1815,1001
3352,111.91,379,boneka-asli,0.7938,1378,452,1863,1015
3352,111.91,408,boneka-asli,0.6118,987,680,1378,1080
3353,111.95,379,boneka-asli,0.7938,1407,458,1891,1035
3354,111.98,379,boneka-asli,0.7938,1435,465,1905,1047
3355,112.02,379,boneka-asli,0.7938,1457,472,1912,1059
3355,112.02,408,boneka-asli,0.6118,1086,698,1463,1080
3356,112.05,379,boneka-asli,0.7938,1475,479,1916,1066
3356,112.05,408,boneka-asli,0.6118,1144,710,1514,1080
3357,112.08,379,boneka-asli,0.7938,1486,486,1918,1071
3358,112.12,379,boneka-asli,0.7938,1492,493,1919,1075
3359,112.15,379,boneka-asli,0.7938,1500,498,1919,1077
3359,112.15,408,boneka-asli,0.6118,1198,720,1565,1080
3360,112.18,379,boneka-asli,0.7938,1511,505,1919,1078
3361,112.22,379,boneka-asli,0.7938,1520,510,1919,1079
3362,112.25,379,boneka-asli,0.7938,1529,515,1919,1079
3363,112.28,379,boneka-asli,0.7938,1537,518,1919,1079
3364,112.32,379,boneka-asli,0.7938,1542,522,1919,1079
3365,112.35,379,boneka-asli,0.7938,1545,526,1919,1079
3366,112.38,379,boneka-asli,0.7938,1544,532,1919,1079
3367,112.42,379,boneka-asli,0.7938,1539,538,1919,1079
3368,112.45,379,boneka-asli,0.7938,1533,543,1917,1079
3369,112.48,379,boneka-asli,0.7938,1530,548,1915,1079
3370,112.52,379,boneka-asli,0.7938,1528,552,1914,1079
3371,112.55,379,boneka-asli,0.7938,1527,558,1912,1079
3372,112.58,379,boneka-asli,0.7938,1523,562,1908,1079
3373,112.62,379,boneka-asli,0.7938,1520,566,1905,1079
3374,112.65,379,boneka-asli,0.7938,1516,570,1903,1079
3375,112.68,379,boneka-asli,0.7938,1513,574,1902,1079
3376,112.72,379,boneka-asli,0.7938,1511,577,1901,1079
3377,112.75,379,boneka-asli,0.7938,1507,579,1900,1079
3378,112.78,379,boneka-asli,0.7938,1502,580,1899,1079
3379,112.82,379,boneka-asli,0.7938,1498,582,1898,1079
3380,112.85,379,boneka-asli,0.7938,1492,582,1897,1079
3381,112.88,379,boneka-asli,0.7938,1488,581,1898,1079
3382,112.92,379,boneka-asli,0.7938,1484,581,1899,1079
3383,112.95,379,boneka-asli,0.7938,1480,580,1899,1079
3384,112.98,379,boneka-asli,0.7938,1473,578,1898,1079
3385,113.02,379,boneka-asli,0.7938,1464,575,1895,1078
3386,113.05,379,boneka-asli,0.7938,1452,571,1891,1079
3387,113.08,379,boneka-asli,0.7938,1440,564,1887,1078
3388,113.12,379,boneka-asli,0.7938,1428,558,1881,1078
3389,113.15,379,boneka-asli,0.7938,1417,554,1873,1078
3390,113.18,379,boneka-asli,0.7938,1404,551,1864,1079
3391,113.22,379,boneka-asli,0.7938,1392,548,1854,1079
3392,113.25,379,boneka-asli,0.7938,1380,544,1844,1078
3392,113.25,409,boneka-asli,0.6353,1118,766,1415,1078
3393,113.28,379,boneka-asli,0.7938,1368,535,1835,1074
3394,113.32,379,boneka-asli,0.7938,1355,525,1825,1068
3394,113.32,409,boneka-asli,0.6353,1099,760,1403,1078
3395,113.35,379,boneka-asli,0.7938,1344,516,1812,1059
3395,113.35,409,boneka-asli,0.6353,1086,765,1388,1078
3396,113.38,379,boneka-asli,0.7938,1333,509,1802,1053
3396,113.38,409,boneka-asli,0.6353,1067,756,1380,1079
3397,113.42,379,boneka-asli,0.7938,1329,503,1789,1039
3398,113.45,379,boneka-asli,0.7938,1324,499,1777,1029
3398,113.45,409,boneka-asli,0.6353,1038,745,1365,1079
3399,113.48,379,boneka-asli,0.7938,1318,496,1767,1022
3399,113.48,409,boneka-asli,0.6353,1015,735,1355,1079
3400,113.52,379,boneka-asli,0.7938,1309,493,1751,1011
3400,113.52,409,boneka-asli,0.6353,1010,729,1354,1079
3401,113.55,379,boneka-asli,0.7938,1299,490,1738,1003
3401,113.55,409,boneka-asli,0.6353,1004,724,1351,1079
3402,113.58,379,boneka-asli,0.7938,1286,487,1725,1002
3402,113.58,409,boneka-asli,0.6353,999,722,1344,1078
3403,113.62,409,boneka-asli,0.6353,996,721,1339,1078
3404,113.65,409,boneka-asli,0.6353,972,719,1316,1078
3405,113.68,379,boneka-asli,0.7938,1261,481,1700,999
3405,113.68,409,boneka-asli,0.6353,937,719,1284,1079
3406,113.72,379,boneka-asli,0.7938,1243,478,1680,994
3406,113.72,409,boneka-asli,0.6353,925,716,1275,1079
3407,113.75,379,boneka-asli,0.7938,1228,473,1660,985
3408,113.78,379,boneka-asli,0.7938,1213,470,1641,976
3408,113.78,411,boneka-dummy,0.8786,1502,634,1920,1080
3409,113.82,379,boneka-asli,0.7938,1194,462,1625,973
3409,113.82,411,boneka-dummy,0.8786,1490,630,1920,1080
3410,113.85,379,boneka-asli,0.7938,1178,457,1607,968
3410,113.85,409,boneka-asli,0.6353,874,703,1235,1079
3410,113.85,411,boneka-dummy,0.8786,1495,627,1920,1080
3411,113.88,379,boneka-asli,0.7938,1163,453,1588,962
3411,113.88,409,boneka-asli,0.6353,841,698,1206,1079
3411,113.88,411,boneka-dummy,0.8786,1503,622,1920,1080
3412,113.92,379,boneka-asli,0.7938,1148,448,1573,957
3412,113.92,411,boneka-dummy,0.8786,1506,616,1920,1080
3413,113.95,379,boneka-asli,0.7938,1133,442,1558,953
3413,113.95,409,boneka-asli,0.6353,800,688,1176,1079
3413,113.95,411,boneka-dummy,0.8786,1485,611,1920,1080
3414,113.98,379,boneka-asli,0.7938,1117,433,1544,948
3414,113.98,411,boneka-dummy,0.8786,1469,602,1920,1080
3415,114.02,379,boneka-asli,0.7938,1102,425,1526,939
3415,114.02,411,boneka-dummy,0.8786,1457,595,1920,1079
3416,114.05,379,boneka-asli,0.7938,1088,419,1510,931
3416,114.05,411,boneka-dummy,0.8786,1440,594,1910,1079
3417,114.09,411,boneka-dummy,0.8786,1414,595,1886,1078
3418,114.12,411,boneka-dummy,0.8786,1397,590,1873,1077
3419,114.15,379,boneka-asli,0.7938,1065,414,1482,920
3419,114.15,411,boneka-dummy,0.8786,1385,586,1862,1075
3420,114.19,379,boneka-asli,0.7938,1045,411,1456,910
3420,114.19,411,boneka-dummy,0.8786,1382,582,1856,1073
3421,114.22,379,boneka-asli,0.7938,1031,408,1435,896
3421,114.22,411,boneka-dummy,0.8786,1380,579,1848,1070
3422,114.25,379,boneka-asli,0.7938,1015,406,1419,894
3422,114.25,411,boneka-dummy,0.8786,1370,578,1830,1065
3422,114.25,415,boneka-asli,0.6814,1745,517,1910,975
3423,114.29,379,boneka-asli,0.7938,995,401,1409,904
3424,114.32,379,boneka-asli,0.7938,978,395,1397,908
3424,114.32,411,boneka-dummy,0.8786,1344,589,1774,1048
3425,114.35,411,boneka-dummy,0.8786,1324,575,1753,1035
3426,114.39,411,boneka-dummy,0.8786,1326,604,1715,1022
3426,114.39,415,boneka-asli,0.6814,1658,483,1860,1026
3427,114.42,379,boneka-asli,0.7938,958,377,1370,884
3427,114.42,415,boneka-asli,0.6814,1593,463,1824,1053
3428,114.45,379,boneka-asli,0.7938,943,363,1351,869
3428,114.45,411,boneka-dummy,0.8786,1307,570,1709,1005
3428,114.45,415,boneka-asli,0.6814,1549,444,1806,1066
3429,114.49,411,boneka-dummy,0.8786,1297,543,1706,991
3429,114.49,415,boneka-asli,0.6814,1512,438,1792,1073
3430,114.52,379,boneka-asli,0.7938,925,346,1324,843
3430,114.52,411,boneka-dummy,0.8786,1289,527,1697,979
3430,114.52,415,boneka-asli,0.6814,1487,426,1791,1076
3431,114.55,379,boneka-asli,0.7938,913,335,1303,820
3431,114.55,415,boneka-asli,0.6814,1465,412,1794,1078
3432,114.59,379,boneka-asli,0.7938,897,327,1287,815
3433,114.62,379,boneka-asli,0.7938,884,320,1270,802
3433,114.62,415,boneka-asli,0.6814,1477,400,1812,1053
3434,114.65,379,boneka-asli,0.7938,871,316,1256,798
3434,114.65,411,boneka-dummy,0.8786,1274,509,1735,1021
3434,114.65,415,boneka-asli,0.6814,1493,395,1823,1007
3435,114.69,379,boneka-asli,0.7938,860,313,1241,792
3435,114.69,411,boneka-dummy,0.8786,1261,497,1756,1047
3435,114.69,415,boneka-asli,0.6814,1501,392,1829,975
3436,114.72,379,boneka-asli,0.7938,845,310,1227,793
3436,114.72,411,boneka-dummy,0.8786,1246,488,1760,1063
3436,114.72,415,boneka-asli,0.6814,1497,389,1831,953
3437,114.75,379,boneka-asli,0.7938,831,308,1211,789
3437,114.75,411,boneka-dummy,0.8786,1227,478,1756,1071
3437,114.75,415,boneka-asli,0.6814,1492,386,1836,941
3438,114.79,379,boneka-asli,0.7938,821,307,1191,778
3438,114.79,411,boneka-dummy,0.8786,1209,480,1739,1075
3438,114.79,415,boneka-asli,0.6814,1480,383,1837,933
3439,114.82,379,boneka-asli,0.7938,809,307,1173,768
3439,114.82,411,boneka-dummy,0.8786,1194,484,1720,1077
3439,114.82,415,boneka-asli,0.6814,1466,380,1835,925
3440,114.85,379,boneka-asli,0.7938,794,304,1159,766
3440,114.85,411,boneka-dummy,0.8786,1178,490,1699,1078
3440,114.85,415,boneka-asli,0.6814,1444,376,1832,926
3441,114.89,379,boneka-asli,0.7938,781,301,1146,764
3441,114.89,411,boneka-dummy,0.8786,1166,497,1680,1079
3441,114.89,415,boneka-asli,0.6814,1426,372,1823,916
3442,114.92,379,boneka-asli,0.7938,767,298,1136,766
3442,114.92,411,boneka-dummy,0.8786,1150,492,1666,1079
3442,114.92,415,boneka-asli,0.6814,1398,365,1821,931
3443,114.95,379,boneka-asli,0.7938,755,294,1121,756
3443,114.95,411,boneka-dummy,0.8786,1131,485,1650,1079
3443,114.95,415,boneka-asli,0.6814,1378,359,1804,917
3444,114.99,379,boneka-asli,0.7938,740,290,1104,749
3444,114.99,411,boneka-dummy,0.8786,1111,483,1630,1079
3444,114.99,415,boneka-asli,0.6814,1366,354,1790,897
3445,115.02,379,boneka-asli,0.7938,729,285,1089,737
3445,115.02,411,boneka-dummy,0.8786,1090,477,1611,1079
3445,115.02,415,boneka-asli,0.6814,1354,349,1777,882
3445,115.02,421,boneka-asli,0.6103,1450,657,1920,1080
3446,115.05,379,boneka-asli,0.7938,717,279,1076,730
3446,115.05,411,boneka-dummy,0.8786,1070,473,1592,1079
3446,115.05,421,boneka-asli,0.6103,1473,704,1902,1080
3446,115.05,422,boneka-asli,0.6714,529,733,934,1080
3447,115.09,379,boneka-asli,0.7938,706,273,1061,717
3447,115.09,411,boneka-dummy,0.8786,1048,461,1575,1079
3447,115.09,415,boneka-asli,0.6814,1313,337,1741,866
3447,115.09,421,boneka-asli,0.6103,1469,708,1900,1080
3447,115.09,422,boneka-asli,0.6714,518,728,928,1080
3447,115.09,423,boneka-dummy,0.7885,1765,364,1911,670
3448,115.12,379,boneka-asli,0.7938,693,266,1047,706
3448,115.12,411,boneka-dummy,0.8786,1029,455,1556,1079
3448,115.12,422,boneka-asli,0.6714,501,723,917,1080
3448,115.12,423,boneka-dummy,0.7885,1752,328,1915,670
3449,115.15,379,boneka-asli,0.7938,680,260,1032,698
3449,115.15,411,boneka-dummy,0.8786,1008,454,1533,1079
3449,115.15,415,boneka-asli,0.6814,1282,323,1715,853
3449,115.15,421,boneka-asli,0.6103,1449,653,1910,1080
3449,115.15,422,boneka-asli,0.6714,483,714,908,1080
3449,115.15,423,boneka-dummy,0.7885,1737,322,1917,701
3450,115.19,379,boneka-asli,0.7938,666,255,1017,690
3450,115.19,411,boneka-dummy,0.8786,986,450,1510,1079
3450,115.19,415,boneka-asli,0.6814,1268,314,1700,840
3450,115.19,422,boneka-asli,0.6714,464,704,900,1080
3450,115.19,423,boneka-dummy,0.7885,1722,329,1916,734
3451,115.22,379,boneka-asli,0.7938,650,248,1002,682
3451,115.22,411,boneka-dummy,0.8786,966,449,1487,1079
3451,115.22,415,boneka-asli,0.6814,1262,307,1690,831
3451,115.22,421,boneka-asli,0.6103,1421,637,1915,1079
3451,115.22,422,boneka-asli,0.6714,441,700,880,1080
3451,115.22,423,boneka-dummy,0.7885,1710,333,1913,754
3452,115.25,379,boneka-asli,0.7938,633,242,990,681
3452,115.25,411,boneka-dummy,0.8786,945,438,1470,1079
3452,115.25,415,boneka-asli,0.6814,1265,304,1684,822
3452,115.25,421,boneka-asli,0.6103,1409,666,1884,1077
3452,115.25,422,boneka-asli,0.6714,415,688,865,1080
3452,115.25,423,boneka-dummy,0.7885,1699,296,1908,728
3453,115.29,379,boneka-asli,0.7938,620,236,976,675
3453,115.29,411,boneka-dummy,0.8786,926,430,1453,1079
3453,115.29,415,boneka-asli,0.6814,1255,298,1674,822
3453,115.29,421,boneka-asli,0.6103,1395,692,1855,1077
3453,115.29,422,boneka-asli,0.6714,386,664,858,1079
3453,115.29,423,boneka-dummy,0.7885,1688,264,1902,699
3454,115.32,379,boneka-asli,0.7938,605,230,959,664
3454,115.32,411,boneka-dummy,0.8786,903,421,1432,1079
3454,115.32,415,boneka-asli,0.6814,1236,290,1651,815
3454,115.32,422,boneka-asli,0.6714,370,664,839,1079
3454,115.32,423,boneka-dummy,0.7885,1683,262,1890,673
3455,115.35,379,boneka-asli,0.7938,592,225,943,655
3455,115.35,411,boneka-dummy,0.8786,881,414,1411,1079
3455,115.35,421,boneka-asli,0.6103,1377,712,1826,1077
3455,115.35,422,boneka-asli,0.6714,356,672,814,1079
3455,115.35,423,boneka-dummy,0.7885,1681,280,1877,656
3456,115.39,379,boneka-asli,0.7938,574,219,931,655
3456,115.39,411,boneka-dummy,0.8786,859,406,1390,1079
3456,115.39,415,boneka-asli,0.6814,1209,282,1616,803
3456,115.39,422,boneka-asli,0.6714,337,676,788,1079
3456,115.39,423,boneka-dummy,0.7885,1668,268,1872,644
3457,115.42,379,boneka-asli,0.7938,553,212,918,659
3457,115.42,411,boneka-dummy,0.8786,843,400,1369,1074
3457,115.42,415,boneka-asli,0.6814,1187,276,1588,794
3457,115.42,422,boneka-asli,0.6714,313,665,773,1079
3457,115.42,423,boneka-dummy,0.7885,1659,273,1865,636
3458,115.45,379,boneka-asli,0.7938,538,209,901,654
3458,115.45,411,boneka-dummy,0.8786,825,394,1347,1069
3458,115.45,415,boneka-asli,0.6814,1167,271,1563,788
3458,115.45,422,boneka-asli,0.6714,302,660,751,1065
3458,115.45,423,boneka-dummy,0.7885,1646,274,1859,631
3459,115.49,379,boneka-asli,0.7938,521,207,883,650
3459,115.49,411,boneka-dummy,0.8786,802,391,1322,1067
3459,115.49,415,boneka-asli,0.6814,1142,269,1535,783
3459,115.49,423,boneka-dummy,0.7885,1631,275,1854,629
3460,115.52,379,boneka-asli,0.7938,503,206,865,647
3460,115.52,411,boneka-dummy,0.8786,779,388,1297,1068
3460,115.52,415,boneka-asli,0.6814,1125,268,1514,781
3460,115.52,422,boneka-asli,0.6714,260,643,729,1068
3460,115.52,423,boneka-dummy,0.7885,1613,281,1844,629
3461,115.55,379,boneka-asli,0.7938,486,203,844,642
3461,115.55,411,boneka-dummy,0.8786,758,387,1271,1063
3461,115.55,415,boneka-asli,0.6814,1103,267,1488,777
3461,115.55,422,boneka-asli,0.6714,232,641,709,1072
3461,115.55,423,boneka-dummy,0.7885,1593,287,1830,628
3462,115.59,379,boneka-asli,0.7938,467,201,823,634
3462,115.59,411,boneka-dummy,0.8786,737,384,1246,1061
3462,115.59,415,boneka-asli,0.6814,1088,265,1470,775
3462,115.59,421,boneka-asli,0.6103,1327,651,1846,1074
3462,115.59,423,boneka-dummy,0.7885,1570,284,1819,628
3463,115.62,379,boneka-asli,0.7938,448,199,802,629
3463,115.62,411,boneka-dummy,0.8786,713,383,1217,1059
3463,115.62,415,boneka-asli,0.6814,1062,265,1443,777
3463,115.62,422,boneka-asli,0.6714,175,616,678,1075
3463,115.62,423,boneka-dummy,0.7885,1544,275,1810,630
3464,115.65,379,boneka-asli,0.7938,427,197,783,628
3464,115.65,411,boneka-dummy,0.8786,689,383,1190,1058
3464,115.65,415,boneka-asli,0.6814,1039,267,1418,778
3464,115.65,422,boneka-asli,0.6714,134,608,645,1077
3464,115.65,423,boneka-dummy,0.7885,1523,282,1794,632
3465,115.69,379,boneka-asli,0.7938,405,196,764,628
3465,115.69,411,boneka-dummy,0.8786,663,384,1162,1059
3465,115.69,415,boneka-asli,0.6814,1015,268,1392,780
3465,115.69,423,boneka-dummy,0.7885,1499,282,1780,635
3466,115.72,379,boneka-asli,0.7938,384,196,745,633
3466,115.72,411,boneka-dummy,0.8786,635,386,1135,1063
3466,115.72,415,boneka-asli,0.6814,990,270,1371,791
3466,115.72,423,boneka-dummy,0.7885,1472,279,1765,638
3466,115.72,425,boneka-asli,0.8049,1767,295,1913,684
3467,115.75,379,boneka-asli,0.7938,360,196,722,637
3467,115.75,411,boneka-dummy,0.8786,608,387,1108,1067
3467,115.75,415,boneka-asli,0.6814,966,273,1346,793
3467,115.75,421,boneka-asli,0.6103,1245,617,1794,1075
3467,115.75,423,boneka-dummy,0.7885,1444,271,1752,642
3467,115.75,425,boneka-asli,0.8049,1763,297,1908,681
3468,115.79,379,boneka-asli,0.7938,337,197,701,640
3468,115.79,411,boneka-dummy,0.8786,582,390,1081,1071
3468,115.79,415,boneka-asli,0.6814,942,275,1321,797
3468,115.79,422,boneka-asli,0.6714,67,602,582,1076
3468,115.79,423,boneka-dummy,0.7885,1417,258,1742,646
3468,115.79,425,boneka-asli,0.8049,1757,301,1901,681
3469,115.82,379,boneka-asli,0.7938,314,199,678,645
3469,115.82,411,boneka-dummy,0.8786,557,395,1055,1074
3469,115.82,415,boneka-asli,0.6814,921,278,1298,800
3469,115.82,423,boneka-dummy,0.7885,1390,252,1728,652
3469,115.82,425,boneka-asli,0.8049,1745,300,1893,686
3469,115.82,427,boneka-dummy,0.8290,1734,502,1920,1053
3470,115.85,379,boneka-asli,0.7938,292,201,659,653
3470,115.85,411,boneka-dummy,0.8786,534,399,1031,1077
3470,115.85,415,boneka-asli,0.6814,900,282,1277,804
3470,115.85,422,boneka-asli,0.6714,33,597,515,1066
3470,115.85,423,boneka-dummy,0.7885,1368,249,1712,657
3470,115.85,425,boneka-asli,0.8049,1732,298,1886,691
3470,115.85,427,boneka-dummy,0.8290,1728,479,1917,1031
3471,115.89,379,boneka-asli,0.7938,275,203,639,653
3471,115.89,411,boneka-dummy,0.8786,511,405,1006,1078
3471,115.89,415,boneka-asli,0.6814,882,288,1255,806
3471,115.89,422,boneka-asli,0.6714,16,603,475,1068
3471,115.89,423,boneka-dummy,0.7885,1348,250,1697,662
3471,115.89,425,boneka-asli,0.8049,1718,297,1880,699
3471,115.89,427,boneka-dummy,0.8290,1721,471,1909,1015
3472,115.92,379,boneka-asli,0.7938,256,207,615,653
3472,115.92,411,boneka-dummy,0.8786,491,412,982,1079
3472,115.92,415,boneka-asli,0.6814,867,294,1235,804
3472,115.92,422,boneka-asli,0.6714,8,627,445,1072
3472,115.92,423,boneka-dummy,0.7885,1330,256,1677,666
3472,115.92,425,boneka-asli,0.8049,1705,300,1874,707
3472,115.92,427,boneka-dummy,0.8290,1711,476,1896,1005
3473,115.95,379,boneka-asli,0.7938,238,210,595,655
3473,115.95,411,boneka-dummy,0.8786,470,421,956,1079
3473,115.95,415,boneka-asli,0.6814,850,300,1216,805
3473,115.95,422,boneka-asli,0.6714,4,631,433,1075
3473,115.95,423,boneka-dummy,0.7885,1320,280,1654,671
3473,115.95,425,boneka-asli,0.8049,1692,304,1869,716
3473,115.95,427,boneka-dummy,0.8290,1700,487,1885,1005
3474,115.99,379,boneka-asli,0.7938,221,212,582,664
3474,115.99,411,boneka-dummy,0.8786,452,431,933,1079
3474,115.99,422,boneka-asli,0.6714,2,626,427,1076
3474,115.99,423,boneka-dummy,0.7885,1309,304,1631,676
3474,115.99,425,boneka-asli,0.8049,1680,310,1865,725
3474,115.99,427,boneka-dummy,0.8290,1686,496,1876,1016
3475,116.02,379,boneka-asli,0.7938,203,216,562,667
3475,116.02,411,boneka-dummy,0.8786,432,438,910,1079
3475,116.02,415,boneka-asli,0.6814,797,308,1199,867
3475,116.02,422,boneka-asli,0.6714,1,618,431,1069
3475,116.02,423,boneka-dummy,0.7885,1286,302,1617,682
3475,116.02,425,boneka-asli,0.8049,1666,316,1861,733
3475,116.02,427,boneka-dummy,0.8290,1674,505,1868,1018
3476,116.05,379,boneka-asli,0.7938,186,220,544,670
3476,116.05,411,boneka-dummy,0.8786,410,443,888,1079
3476,116.05,415,boneka-asli,0.6814,752,313,1193,938
3476,116.05,423,boneka-dummy,0.7885,1263,295,1605,689
3476,116.05,425,boneka-asli,0.8049,1654,322,1857,736
3476,116.05,427,boneka-dummy,0.8290,1662,514,1861,1022
3477,116.09,379,boneka-asli,0.7938,170,223,527,672
3477,116.09,411,boneka-dummy,0.8786,390,449,866,1079
3477,116.09,415,boneka-asli,0.6814,736,316,1164,925
3477,116.09,423,boneka-dummy,0.7885,1243,290,1594,694
3477,116.09,425,boneka-asli,0.8049,1640,326,1857,747
3477,116.09,427,boneka-dummy,0.8290,1649,520,1856,1025
3478,116.12,411,boneka-dummy,0.8786,372,454,848,1079
3478,116.12,415,boneka-asli,0.6814,725,320,1134,900
3478,116.12,423,boneka-dummy,0.7885,1226,289,1580,699
3478,116.12,425,boneka-asli,0.8049,1623,330,1857,764
3478,116.12,427,boneka-dummy,0.8290,1635,525,1852,1030
3479,116.16,379,boneka-asli,0.7938,144,225,502,676
3479,116.16,411,boneka-dummy,0.8786,353,454,831,1079
3479,116.16,415,boneka-asli,0.6814,714,323,1112,888
3479,116.16,422,boneka-asli,0.6714,6,608,386,995
3479,116.16,423,boneka-dummy,0.7885,1211,289,1566,702
3479,116.16,425,boneka-asli,0.8049,1606,334,1860,786
3479,116.16,427,boneka-dummy,0.8290,1619,520,1851,1036
3480,116.19,379,boneka-asli,0.7938,125,225,484,677
3480,116.19,411,boneka-dummy,0.8786,334,453,816,1079
3480,116.19,415,boneka-asli,0.6814,699,324,1092,879
3480,116.19,423,boneka-dummy,0.7885,1197,290,1551,703
3480,116.19,425,boneka-asli,0.8049,1572,338,1878,871
3481,116.22,411,boneka-dummy,0.8786,314,451,801,1079
3481,116.22,415,boneka-asli,0.6814,683,323,1075,876
3481,116.22,423,boneka-dummy,0.7885,1185,290,1537,703
3481,116.22,425,boneka-asli,0.8049,1543,339,1891,940
3482,116.26,379,boneka-asli,0.7938,101,221,461,678
3482,116.26,411,boneka-dummy,0.8786,298,450,787,1079
3482,116.26,415,boneka-asli,0.6814,657,321,1073,914
3482,116.26,423,boneka-dummy,0.7885,1175,294,1522,702
3482,116.26,425,boneka-asli,0.8049,1521,339,1898,985
3483,116.29,379,boneka-asli,0.7938,83,218,444,676
3483,116.29,411,boneka-dummy,0.8786,281,447,774,1079
3483,116.29,415,boneka-asli,0.6814,646,319,1059,907
3483,116.29,423,boneka-dummy,0.7885,1162,294,1508,701
3483,116.29,425,boneka-asli,0.8049,1500,338,1895,1013
3484,116.32,379,boneka-asli,0.7938,61,214,427,680
3484,116.32,411,boneka-dummy,0.8786,264,446,760,1079
3484,116.32,415,boneka-asli,0.6814,638,317,1037,883
3484,116.32,423,boneka-dummy,0.7885,1150,292,1495,700
3484,116.32,425,boneka-asli,0.8049,1481,338,1886,1029
3485,116.36,379,boneka-asli,0.7938,45,211,411,679
3485,116.36,411,boneka-dummy,0.8786,246,443,745,1079
3485,116.36,415,boneka-asli,0.6814,626,315,1017,869
3485,116.36,423,boneka-dummy,0.7885,1141,305,1476,699
3485,116.36,425,boneka-asli,0.8049,1464,339,1874,1037
3486,116.39,379,boneka-asli,0.7938,30,208,398,679
3486,116.39,411,boneka-dummy,0.8786,226,441,729,1079
3486,116.39,415,boneka-asli,0.6814,611,315,1003,867
3486,116.39,423,boneka-dummy,0.7885,1131,316,1458,699
3486,116.39,425,boneka-asli,0.8049,1449,341,1858,1038
3486,116.39,428,boneka-asli,0.6624,1696,653,1912,1080
3487,116.42,379,boneka-asli,0.7938,16,207,386,680
3487,116.42,411,boneka-dummy,0.8786,207,440,713,1079
3487,116.42,423,boneka-dummy,0.7885,1116,310,1447,698
3487,116.42,425,boneka-asli,0.8049,1435,343,1844,1036
3487,116.42,428,boneka-asli,0.6624,1689,653,1905,1080
3488,116.46,379,boneka-asli,0.7938,8,206,374,679
3488,116.46,411,boneka-dummy,0.8786,189,440,698,1079
3488,116.46,423,boneka-dummy,0.7885,1099,304,1436,700
3488,116.46,425,boneka-asli,0.8049,1420,345,1829,1035
3488,116.46,428,boneka-asli,0.6624,1685,681,1888,1080
3489,116.49,379,boneka-asli,0.7938,4,204,367,682
3489,116.49,411,boneka-dummy,0.8786,172,441,683,1079
3489,116.49,415,boneka-asli,0.6814,583,315,973,863
3489,116.49,423,boneka-dummy,0.7885,1084,299,1424,701
3489,116.49,425,boneka-asli,0.8049,1402,347,1810,1034
3489,116.49,428,boneka-asli,0.6624,1676,700,1873,1080
3490,116.52,379,boneka-asli,0.7938,2,202,360,682
3490,116.52,411,boneka-dummy,0.8786,153,440,666,1079
3490,116.52,415,boneka-asli,0.6814,562,314,948,852
3490,116.52,423,boneka-dummy,0.7885,1070,297,1411,700
3490,116.52,425,boneka-asli,0.8049,1384,349,1790,1033
3490,116.52,428,boneka-asli,0.6624,1666,693,1871,1080
3491,116.56,379,boneka-asli,0.7938,1,203,349,678
3491,116.56,411,boneka-dummy,0.8786,133,440,648,1079
3491,116.56,415,boneka-asli,0.6814,543,315,928,847
3491,116.56,423,boneka-dummy,0.7885,1056,295,1398,701
3491,116.56,425,boneka-asli,0.8049,1368,352,1773,1034
3491,116.56,428,boneka-asli,0.6624,1654,684,1868,1080
3492,116.59,379,boneka-asli,0.7938,0,204,341,675
3492,116.59,411,boneka-dummy,0.8786,112,440,629,1079
3492,116.59,415,boneka-asli,0.6814,522,317,910,850
3492,116.59,423,boneka-dummy,0.7885,1044,300,1382,702
3492,116.59,425,boneka-asli,0.8049,1353,355,1758,1035
3492,116.59,428,boneka-asli,0.6624,1641,677,1865,1080
3493,116.62,379,boneka-asli,0.7938,0,205,333,676
3493,116.62,411,boneka-dummy,0.8786,92,442,610,1079
3493,116.62,415,boneka-asli,0.6814,504,318,893,850
3493,116.62,423,boneka-dummy,0.7885,1031,302,1367,704
3493,116.62,425,boneka-asli,0.8049,1337,357,1742,1036
3493,116.62,428,boneka-asli,0.6624,1629,678,1859,1080
3494,116.66,379,boneka-asli,0.7938,0,207,324,683
3494,116.66,411,boneka-dummy,0.8786,72,444,592,1079
3494,116.66,415,boneka-asli,0.6814,484,320,876,853
3494,116.66,423,boneka-dummy,0.7885,1018,304,1353,705
3494,116.66,425,boneka-asli,0.8049,1321,360,1725,1035
3494,116.66,428,boneka-asli,0.6624,1616,684,1852,1080
3495,116.69,379,boneka-asli,0.7938,0,208,317,697
3495,116.69,411,boneka-dummy,0.8786,52,446,573,1079
3495,116.69,415,boneka-asli,0.6814,466,322,859,852
3495,116.69,423,boneka-dummy,0.7885,1009,320,1334,707
3495,116.69,425,boneka-asli,0.8049,1300,363,1705,1037
3495,116.69,428,boneka-asli,0.6624,1598,673,1851,1080
3496,116.72,379,boneka-asli,0.7938,0,210,312,719
3496,116.72,411,boneka-dummy,0.8786,33,446,557,1079
3496,116.72,415,boneka-asli,0.6814,450,325,840,845
3496,116.72,423,boneka-dummy,0.7885,994,322,1318,708
3496,116.72,425,boneka-asli,0.8049,1281,367,1686,1040
3496,116.72,428,boneka-asli,0.6624,1580,683,1838,1080
3497,116.76,379,boneka-asli,0.7938,0,211,307,747
3497,116.76,411,boneka-dummy,0.8786,17,446,542,1079
3497,116.76,415,boneka-asli,0.6814,431,328,822,844
3497,116.76,423,boneka-dummy,0.7885,980,322,1308,710
3497,116.76,425,boneka-asli,0.8049,1266,369,1672,1043
3497,116.76,428,boneka-asli,0.6624,1555,693,1817,1080
3498,116.79,379,boneka-asli,0.7938,0,211,301,772
3498,116.79,411,boneka-dummy,0.8786,8,446,529,1079
3498,116.79,415,boneka-asli,0.6814,412,329,805,843
3498,116.79,423,boneka-dummy,0.7885,967,320,1298,711
3498,116.79,425,boneka-asli,0.8049,1252,372,1658,1046
3498,116.79,428,boneka-asli,0.6624,1532,695,1804,1080
3499,116.82,379,boneka-asli,0.7938,0,211,294,809
3499,116.82,411,boneka-dummy,0.8786,4,448,517,1079
3499,116.82,415,boneka-asli,0.6814,396,332,792,845
3499,116.82,423,boneka-dummy,0.7885,952,321,1284,715
3499,116.82,425,boneka-asli,0.8049,1239,374,1646,1048
3500,116.86,379,boneka-asli,0.7938,0,212,288,853
3500,116.86,411,boneka-dummy,0.8786,2,451,506,1079
3500,116.86,415,boneka-asli,0.6814,382,335,780,846
3500,116.86,423,boneka-dummy,0.7885,941,322,1271,718
3500,116.86,425,boneka-asli,0.8049,1226,375,1634,1050
3501,116.89,379,boneka-asli,0.7938,0,214,282,893
3501,116.89,411,boneka-dummy,0.8786,1,452,498,1079
3501,116.89,415,boneka-asli,0.6814,368,337,768,846
3501,116.89,423,boneka-dummy,0.7885,929,324,1258,720
3501,116.89,425,boneka-asli,0.8049,1212,377,1621,1052
3502,116.92,379,boneka-asli,0.7938,0,217,272,917
3502,116.92,411,boneka-dummy,0.8786,0,453,490,1079
3502,116.92,415,boneka-asli,0.6814,355,338,758,847
3502,116.92,423,boneka-dummy,0.7885,925,333,1248,721
3502,116.92,425,boneka-asli,0.8049,1198,379,1608,1055
3503,116.96,379,boneka-asli,0.7938,0,216,253,899
3503,116.96,411,boneka-dummy,0.8786,0,454,483,1079
3503,116.96,415,boneka-asli,0.6814,344,339,750,847
3503,116.96,423,boneka-dummy,0.7885,924,354,1233,722
3503,116.96,425,boneka-asli,0.8049,1187,381,1598,1056
3504,116.99,411,boneka-dummy,0.8786,0,454,474,1079
3504,116.99,415,boneka-asli,0.6814,333,341,742,848
3504,116.99,423,boneka-dummy,0.7885,910,349,1224,723
3504,116.99,425,boneka-asli,0.8049,1177,382,1588,1057
3505,117.02,411,boneka-dummy,0.8786,0,455,467,1079
3505,117.02,415,boneka-asli,0.6814,323,342,734,849
3505,117.02,423,boneka-dummy,0.7885,898,341,1218,724
3505,117.02,425,boneka-asli,0.8049,1170,383,1581,1057
3506,117.06,411,boneka-dummy,0.8786,0,456,460,1079
3506,117.06,415,boneka-asli,0.6814,313,341,728,849
3506,117.06,423,boneka-dummy,0.7885,889,335,1213,725
3506,117.06,425,boneka-asli,0.8049,1165,385,1575,1057
3507,117.09,411,boneka-dummy,0.8786,0,455,455,1079
3507,117.09,415,boneka-asli,0.6814,302,339,725,854
3507,117.09,423,boneka-dummy,0.7885,882,331,1206,724
3507,117.09,425,boneka-asli,0.8049,1158,385,1567,1056
3508,117.12,411,boneka-dummy,0.8786,0,457,449,1079
3508,117.12,415,boneka-asli,0.6814,294,338,721,856
3508,117.12,423,boneka-dummy,0.7885,876,328,1200,723
3508,117.12,425,boneka-asli,0.8049,1153,385,1562,1055
3509,117.16,411,boneka-dummy,0.8786,0,458,443,1079
3509,117.16,415,boneka-asli,0.6814,285,335,717,859
3509,117.16,423,boneka-dummy,0.7885,871,327,1194,722
3509,117.16,425,boneka-asli,0.8049,1147,385,1556,1055
3510,117.19,411,boneka-dummy,0.8786,0,457,437,1079
3510,117.19,415,boneka-asli,0.6814,278,334,712,859
3510,117.19,423,boneka-dummy,0.7885,864,326,1186,722
3510,117.19,425,boneka-asli,0.8049,1141,384,1549,1053
3511,117.22,411,boneka-dummy,0.8786,0,455,431,1079
3511,117.22,415,boneka-asli,0.6814,272,331,706,856
3511,117.22,423,boneka-dummy,0.7885,857,326,1177,721
3511,117.22,425,boneka-asli,0.8049,1135,384,1544,1051
3512,117.26,411,boneka-dummy,0.8786,0,449,427,1079
3512,117.26,415,boneka-asli,0.6814,265,327,701,855
3512,117.26,423,boneka-dummy,0.7885,850,324,1169,720
3512,117.26,425,boneka-asli,0.8049,1127,383,1536,1050
3513,117.29,411,boneka-dummy,0.8786,0,445,421,1079
3513,117.29,415,boneka-asli,0.6814,254,323,691,852
3513,117.29,423,boneka-dummy,0.7885,841,323,1159,719
3513,117.29,425,boneka-asli,0.8049,1114,381,1526,1050
3514,117.32,411,boneka-dummy,0.8786,0,441,414,1079
3514,117.32,415,boneka-asli,0.6814,240,320,682,854
3514,117.32,423,boneka-dummy,0.7885,841,341,1146,717
3514,117.32,425,boneka-asli,0.8049,1101,380,1513,1048
3515,117.36,411,boneka-dummy,0.8786,0,435,405,1080
3515,117.36,415,boneka-asli,0.6814,231,316,671,849
3515,117.36,423,boneka-dummy,0.7885,828,334,1140,715
3515,117.36,425,boneka-asli,0.8049,1088,378,1499,1042
3515,117.36,428,boneka-asli,0.6624,1427,704,1707,1080
3516,117.39,411,boneka-dummy,0.8786,0,428,395,1080
3516,117.39,415,boneka-asli,0.6814,211,311,661,853
3516,117.39,423,boneka-dummy,0.7885,820,345,1124,713
3516,117.39,425,boneka-asli,0.8049,1079,376,1488,1035
3516,117.39,428,boneka-asli,0.6624,1361,692,1659,1080
3517,117.42,411,boneka-dummy,0.8786,0,420,384,1080
3517,117.42,423,boneka-dummy,0.7885,815,366,1106,712
3517,117.42,425,boneka-asli,0.8049,1067,374,1476,1032
3517,117.42,428,boneka-asli,0.6624,1329,702,1634,1080
3518,117.46,411,boneka-dummy,0.8786,0,416,371,1080
3518,117.46,423,boneka-dummy,0.7885,795,346,1102,710
3518,117.46,425,boneka-asli,0.8049,1052,372,1462,1029
3519,117.49,411,boneka-dummy,0.8786,0,409,358,1080
3519,117.49,423,boneka-dummy,0.7885,775,333,1093,708
3519,117.49,425,boneka-asli,0.8049,1037,371,1447,1025
3519,117.49,428,boneka-asli,0.6624,1323,689,1610,1023
3520,117.52,411,boneka-dummy,0.8786,0,399,346,1080
3520,117.52,423,boneka-dummy,0.7885,765,342,1076,706
3520,117.52,425,boneka-asli,0.8049,1020,371,1429,1022
3521,117.56,411,boneka-dummy,0.8786,0,393,332,1080
3521,117.56,415,boneka-asli,0.6814,164,300,613,840
3521,117.56,423,boneka-dummy,0.7885,747,329,1069,705
3521,117.56,425,boneka-asli,0.8049,1002,370,1412,1020
3521,117.56,428,boneka-asli,0.6624,1264,680,1584,1040
3522,117.59,411,boneka-dummy,0.8786,0,395,312,1080
3522,117.59,423,boneka-dummy,0.7885,729,317,1059,703
3522,117.59,425,boneka-asli,0.8049,987,369,1397,1017
3522,117.59,428,boneka-asli,0.6624,1217,667,1566,1057
3523,117.62,411,boneka-dummy,0.8786,0,398,293,1080
3523,117.62,415,boneka-asli,0.6814,121,294,571,833
3523,117.62,423,boneka-dummy,0.7885,711,309,1046,703
3523,117.62,425,boneka-asli,0.8049,971,369,1382,1015
3523,117.62,428,boneka-asli,0.6624,1189,665,1554,1068
3524,117.66,411,boneka-dummy,0.8786,0,411,275,1079
3524,117.66,415,boneka-asli,0.6814,89,291,536,823
3524,117.66,423,boneka-dummy,0.7885,694,302,1032,702
3524,117.66,425,boneka-asli,0.8049,991,370,1357,939
3524,117.66,428,boneka-asli,0.6624,1165,655,1549,1074
3525,117.69,415,boneka-asli,0.6814,60,289,505,812
3525,117.69,423,boneka-dummy,0.7885,676,298,1016,699
3525,117.69,425,boneka-asli,0.8049,1013,370,1337,871
3525,117.69,428,boneka-asli,0.6624,1145,644,1545,1077
3525,117.69,441,boneka-dummy,0.7933,911,550,1254,1010
3526,117.72,415,boneka-asli,0.6814,38,288,483,808
3526,117.72,423,boneka-dummy,0.7885,659,299,997,699
3526,117.72,428,boneka-asli,0.6624,1115,638,1522,1078
3526,117.72,441,boneka-dummy,0.7933,889,481,1283,1011
3527,117.76,415,boneka-asli,0.6814,19,287,466,811
3527,117.76,423,boneka-dummy,0.7885,642,300,980,700
3527,117.76,425,boneka-asli,0.8049,1005,369,1306,830
3527,117.76,428,boneka-asli,0.6624,1091,641,1497,1079
3527,117.76,441,boneka-dummy,0.7933,871,482,1266,1013
3528,117.79,415,boneka-asli,0.6814,9,289,450,816
3528,117.79,423,boneka-dummy,0.7885,624,302,961,702
3528,117.79,425,boneka-asli,0.8049,994,370,1283,810
3528,117.79,428,boneka-asli,0.6624,1068,641,1474,1079
3528,117.79,441,boneka-dummy,0.7933,855,508,1232,1015
3529,117.82,423,boneka-dummy,0.7885,604,303,941,703
3529,117.82,425,boneka-asli,0.8049,976,371,1259,800
3529,117.82,428,boneka-asli,0.6624,1048,645,1452,1079
3529,117.82,441,boneka-dummy,0.7933,834,532,1197,1017
3530,117.86,415,boneka-asli,0.6814,4,293,449,879
3530,117.86,423,boneka-dummy,0.7885,582,304,919,704
3530,117.86,425,boneka-asli,0.8049,957,371,1239,799
3530,117.86,441,boneka-dummy,0.7933,810,547,1163,1020
3531,117.89,415,boneka-asli,0.6814,2,296,428,889
3531,117.89,423,boneka-dummy,0.7885,560,305,897,707
3531,117.89,425,boneka-asli,0.8049,931,372,1214,800
3531,117.89,441,boneka-dummy,0.7933,784,558,1131,1023
3532,117.92,415,boneka-asli,0.6814,1,299,401,878
3532,117.92,423,boneka-dummy,0.7885,545,330,867,709
3532,117.92,425,boneka-asli,0.8049,906,375,1190,802
3532,117.92,441,boneka-dummy,0.7933,754,565,1099,1027
3533,117.96,423,boneka-dummy,0.7885,528,354,837,714
3533,117.96,425,boneka-asli,0.8049,881,380,1165,804
3533,117.96,428,boneka-asli,0.6624,1043,657,1391,1026
3533,117.96,441,boneka-dummy,0.7933,727,571,1073,1033
3534,117.99,415,boneka-asli,0.6814,0,304,391,942
3534,117.99,423,boneka-dummy,0.7885,498,345,818,717
3534,117.99,425,boneka-asli,0.8049,856,384,1141,807
3534,117.99,441,boneka-dummy,0.7933,699,576,1044,1039
3535,118.02,415,boneka-asli,0.6814,0,308,371,974
3535,118.02,423,boneka-dummy,0.7885,469,338,798,720
3535,118.02,425,boneka-asli,0.8049,828,388,1116,811
3535,118.02,441,boneka-dummy,0.7933,670,580,1014,1043
3536,118.06,415,boneka-asli,0.6814,0,319,333,955
3536,118.06,423,boneka-dummy,0.7885,448,350,771,723
3536,118.06,425,boneka-asli,0.8049,803,391,1092,814
3536,118.06,428,boneka-asli,0.6624,1002,662,1323,995
3536,118.06,441,boneka-dummy,0.7933,644,583,988,1046
3537,118.09,415,boneka-asli,0.6814,0,331,299,937
3537,118.09,423,boneka-dummy,0.7885,426,361,744,726
3537,118.09,425,boneka-asli,0.8049,777,394,1067,815
3537,118.09,428,boneka-asli,0.6624,968,664,1276,979
3537,118.09,441,boneka-dummy,0.7933,619,585,965,1049
3538,118.13,423,boneka-dummy,0.7885,400,362,720,728
3538,118.13,425,boneka-asli,0.8049,753,396,1045,817
3538,118.13,428,boneka-asli,0.6624,937,663,1241,971
3538,118.13,441,boneka-dummy,0.7933,595,586,940,1051
3539,118.16,423,boneka-dummy,0.7885,378,369,695,730
3539,118.16,425,boneka-asli,0.8049,728,396,1022,818
3539,118.16,428,boneka-asli,0.6624,914,665,1214,965
3539,118.16,441,boneka-dummy,0.7933,570,586,916,1052
3540,118.19,423,boneka-dummy,0.7885,351,362,675,731
3540,118.19,425,boneka-asli,0.8049,707,396,1002,819
3540,118.19,441,boneka-dummy,0.7933,545,586,890,1052
3541,118.23,423,boneka-dummy,0.7885,332,368,651,731
3541,118.23,425,boneka-asli,0.8049,686,397,980,816
3541,118.23,441,boneka-dummy,0.7933,521,586,864,1050
3542,118.26,423,boneka-dummy,0.7885,306,355,635,728
3542,118.26,425,boneka-asli,0.8049,667,395,960,812
3542,118.26,441,boneka-dummy,0.7933,498,585,840,1049
3543,118.29,423,boneka-dummy,0.7885,285,357,612,728
3543,118.29,425,boneka-asli,0.8049,645,394,936,808
3543,118.29,441,boneka-dummy,0.7933,473,583,814,1046
3544,118.33,423,boneka-dummy,0.7885,263,357,591,727
3544,118.33,425,boneka-asli,0.8049,624,390,916,806
3544,118.33,441,boneka-dummy,0.7933,450,579,791,1044
3545,118.36,423,boneka-dummy,0.7885,241,359,567,724
3545,118.36,425,boneka-asli,0.8049,602,387,893,802
3545,118.36,441,boneka-dummy,0.7933,429,576,769,1041
3546,118.39,423,boneka-dummy,0.7885,215,344,549,721
3546,118.39,425,boneka-asli,0.8049,581,383,870,796
3546,118.39,441,boneka-dummy,0.7933,408,572,745,1036
3547,118.43,423,boneka-dummy,0.7885,186,329,531,718
3547,118.43,425,boneka-asli,0.8049,559,379,849,793
3547,118.43,441,boneka-dummy,0.7933,387,568,724,1030
3548,118.46,423,boneka-dummy,0.7885,160,317,510,715
3548,118.46,425,boneka-asli,0.8049,537,376,825,788
3548,118.46,441,boneka-dummy,0.7933,362,562,699,1024
3549,118.49,423,boneka-dummy,0.7885,131,309,483,711
3549,118.49,425,boneka-asli,0.8049,511,373,798,781
3549,118.49,441,boneka-dummy,0.7933,334,556,670,1017
3550,118.53,423,boneka-dummy,0.7885,106,317,448,708
3550,118.53,425,boneka-asli,0.8049,480,369,768,779
3550,118.53,441,boneka-dummy,0.7933,305,550,642,1010
3551,118.56,423,boneka-dummy,0.7885,73,309,417,704
3551,118.56,425,boneka-asli,0.8049,445,366,736,777
3551,118.56,441,boneka-dummy,0.7933,270,544,609,1005
3552,118.59,423,boneka-dummy,0.7885,36,300,382,703
3552,118.59,425,boneka-asli,0.8049,410,362,703,775
3552,118.59,441,boneka-dummy,0.7933,232,540,574,1002
3553,118.63,423,boneka-dummy,0.7885,18,306,347,701
3553,118.63,425,boneka-asli,0.8049,374,359,667,771
3553,118.63,441,boneka-dummy,0.7933,191,536,535,1000
3554,118.66,423,boneka-dummy,0.7885,9,301,320,701
3554,118.66,425,boneka-asli,0.8049,342,356,633,766
3554,118.66,441,boneka-dummy,0.7933,149,533,495,998
3555,118.69,423,boneka-dummy,0.7885,4,296,293,697
3555,118.69,425,boneka-asli,0.8049,307,352,597,761
3555,118.69,441,boneka-dummy,0.7933,107,530,457,998
3556,118.73,423,boneka-dummy,0.7885,2,289,265,696
3556,118.73,425,boneka-asli,0.8049,269,349,558,755
3556,118.73,441,boneka-dummy,0.7933,67,528,420,998
3557,118.76,423,boneka-dummy,0.7885,1,317,226,695
3557,118.76,425,boneka-asli,0.8049,231,347,518,749
3557,118.76,441,boneka-dummy,0.7933,33,527,388,999
3558,118.79,425,boneka-asli,0.8049,191,343,483,750
3558,118.79,441,boneka-dummy,0.7933,16,524,362,1001
3559,118.83,425,boneka-asli,0.8049,151,341,441,744
3559,118.83,441,boneka-dummy,0.7933,8,523,339,1001
3560,118.86,441,boneka-dummy,0.7933,4,519,313,998
3561,118.89,425,boneka-asli,0.8049,75,334,415,857
3588,119.79,446,boneka-dummy,0.8120,53,449,287,995
3589,119.83,446,boneka-dummy,0.8120,47,466,273,990
3590,119.86,446,boneka-dummy,0.8120,61,482,280,982
3591,119.89,446,boneka-dummy,0.8120,88,493,303,977
3591,119.89,448,boneka-dummy,0.8416,15,283,163,687
3591,119.89,449,boneka-asli,0.7540,237,325,518,749
3592,119.93,446,boneka-dummy,0.8120,120,501,337,976
3592,119.93,448,boneka-dummy,0.8416,23,281,173,689
3592,119.93,449,boneka-asli,0.7540,258,325,538,749
3593,119.96,446,boneka-dummy,0.8120,165,506,387,979
3593,119.96,448,boneka-dummy,0.8416,39,290,190,693
3593,119.96,449,boneka-asli,0.7540,292,327,572,748
3594,119.99,446,boneka-dummy,0.8120,212,510,441,982
3594,119.99,448,boneka-dummy,0.8416,57,287,213,697
3594,119.99,449,boneka-asli,0.7540,332,328,612,749
3595,120.03,446,boneka-dummy,0.8120,262,514,498,985
3595,120.03,448,boneka-dummy,0.8416,79,284,243,699
3595,120.03,449,boneka-asli,0.7540,376,329,656,749
3596,120.06,446,boneka-dummy,0.8120,309,519,554,992
3596,120.06,448,boneka-dummy,0.8416,106,280,281,703
3596,120.06,449,boneka-asli,0.7540,418,329,702,753
3597,120.09,446,boneka-dummy,0.8120,351,524,604,997
3597,120.09,448,boneka-dummy,0.8416,138,280,323,707
3597,120.09,449,boneka-asli,0.7540,459,332,744,758
3598,120.13,446,boneka-dummy,0.8120,394,534,656,1006
3598,120.13,448,boneka-dummy,0.8416,172,284,365,711
3598,120.13,449,boneka-asli,0.7540,496,338,783,765
3599,120.16,446,boneka-dummy,0.8120,436,541,708,1019
3599,120.16,448,boneka-dummy,0.8416,206,290,408,715
3599,120.16,449,boneka-asli,0.7540,532,345,822,774
3599,120.16,450,boneka-asli,0.6927,658,611,1091,1080
3600,120.20,446,boneka-dummy,0.8120,474,551,756,1034
3600,120.20,448,boneka-dummy,0.8416,239,300,451,724
3600,120.20,449,boneka-asli,0.7540,569,352,863,786
3600,120.20,450,boneka-asli,0.6927,692,615,1121,1080
3601,120.23,446,boneka-dummy,0.8120,513,563,802,1051
3601,120.23,448,boneka-dummy,0.8416,270,304,495,736
3601,120.23,449,boneka-asli,0.7540,610,360,906,799
3601,120.23,450,boneka-asli,0.6927,730,626,1149,1080
3602,120.26,446,boneka-dummy,0.8120,556,574,855,1064
3602,120.26,448,boneka-dummy,0.8416,300,311,536,746
3602,120.26,449,boneka-asli,0.7540,644,367,945,810
3603,120.30,448,boneka-dummy,0.8416,330,317,577,756
3603,120.30,449,boneka-asli,0.7540,647,375,1001,902
3604,120.33,448,boneka-dummy,0.8416,362,322,620,764
3604,120.33,449,boneka-asli,0.7540,652,383,1048,979
3605,120.36,448,boneka-dummy,0.8416,392,328,659,772
3605,120.36,449,boneka-asli,0.7540,668,387,1091,1029
3605,120.36,454,boneka-asli,0.6224,12,386,174,1080
3606,120.40,448,boneka-dummy,0.8416,423,333,700,780
3606,120.40,449,boneka-asli,0.7540,697,392,1134,1054
3606,120.40,454,boneka-asli,0.6224,20,392,180,1078
3607,120.43,448,boneka-dummy,0.8416,453,337,739,787
3607,120.43,449,boneka-asli,0.7540,733,396,1174,1067
3607,120.43,454,boneka-asli,0.6224,32,393,194,1078
3608,120.46,448,boneka-dummy,0.8416,485,339,780,791
3608,120.46,449,boneka-asli,0.7540,772,399,1214,1073
3608,120.46,454,boneka-asli,0.6224,48,390,215,1077
3609,120.50,448,boneka-dummy,0.8416,516,338,818,792
3609,120.50,449,boneka-asli,0.7540,819,416,1252,1076
3609,120.50,454,boneka-asli,0.6224,65,383,238,1073
3610,120.53,446,boneka-dummy,0.8120,766,593,1075,1072
3610,120.53,448,boneka-dummy,0.8416,544,334,856,791
3610,120.53,449,boneka-asli,0.7540,875,411,1267,1006
3611,120.56,446,boneka-dummy,0.8120,885,600,1209,1076
3611,120.56,448,boneka-dummy,0.8416,568,325,891,790
3611,120.56,449,boneka-asli,0.7540,925,401,1286,940
3611,120.56,454,boneka-asli,0.6224,84,365,270,1068
3612,120.60,446,boneka-dummy,0.8120,953,601,1292,1078
3612,120.60,448,boneka-dummy,0.8416,591,318,922,785
3612,120.60,449,boneka-asli,0.7540,959,389,1317,913
3613,120.63,446,boneka-dummy,0.8120,1003,595,1360,1079
3613,120.63,448,boneka-dummy,0.8416,610,310,948,780
3613,120.63,449,boneka-asli,0.7540,992,378,1341,878
3613,120.63,454,boneka-asli,0.6224,100,336,307,1069
3614,120.66,446,boneka-dummy,0.8120,1039,581,1418,1079
3614,120.66,448,boneka-dummy,0.8416,626,300,971,773
3614,120.66,449,boneka-asli,0.7540,1021,364,1367,846
3614,120.66,454,boneka-asli,0.6224,104,309,335,1067
3615,120.70,446,boneka-dummy,0.8120,1067,566,1465,1079
3615,120.70,448,boneka-dummy,0.8416,640,285,993,765
3615,120.70,449,boneka-asli,0.7540,1047,349,1396,823
3615,120.70,454,boneka-asli,0.6224,108,282,363,1064
3616,120.73,446,boneka-dummy,0.8120,1095,550,1512,1079
3616,120.73,448,boneka-dummy,0.8416,656,268,1020,755
3616,120.73,449,boneka-asli,0.7540,1069,335,1423,804
3616,120.73,454,boneka-asli,0.6224,111,254,387,1045
3617,120.76,446,boneka-dummy,0.8120,1118,533,1555,1079
3617,120.76,448,boneka-dummy,0.8416,669,251,1045,748
3617,120.76,449,boneka-asli,0.7540,1086,321,1451,794
3617,120.76,454,boneka-asli,0.6224,109,223,411,1030
3618,120.80,446,boneka-dummy,0.8120,1138,519,1590,1079
3618,120.80,448,boneka-dummy,0.8416,677,235,1062,741
3618,120.80,449,boneka-asli,0.7540,1098,307,1474,785
3618,120.80,454,boneka-asli,0.6224,104,192,429,1014
3619,120.83,446,boneka-dummy,0.8120,1152,507,1618,1079
3619,120.83,448,boneka-dummy,0.8416,679,222,1073,735
3619,120.83,449,boneka-asli,0.7540,1102,294,1490,780
3619,120.83,454,boneka-asli,0.6224,94,166,444,1008
3620,120.86,446,boneka-dummy,0.8120,1161,493,1641,1079
3620,120.86,448,boneka-dummy,0.8416,676,209,1079,731
3620,120.86,449,boneka-asli,0.7540,1103,284,1501,776
3620,120.86,454,boneka-asli,0.6224,81,142,456,1011
3621,120.90,446,boneka-dummy,0.8120,1164,478,1660,1079
3621,120.90,448,boneka-dummy,0.8416,670,195,1081,725
3621,120.90,449,boneka-asli,0.7540,1099,273,1508,774
3621,120.90,454,boneka-asli,0.6224,65,119,459,1005
3622,120.93,446,boneka-dummy,0.8120,1159,457,1673,1079
3622,120.93,448,boneka-dummy,0.8416,661,178,1079,715
3622,120.93,449,boneka-asli,0.7540,1090,257,1509,768
3622,120.93,450,boneka-asli,0.6927,1126,681,1507,1080
3622,120.93,454,boneka-asli,0.6224,47,85,466,1014
3622,120.93,458,boneka-asli,0.6948,591,694,1139,1080
3623,120.96,446,boneka-dummy,0.8120,1149,439,1679,1079
3623,120.96,448,boneka-dummy,0.8416,647,159,1073,703
3623,120.96,449,boneka-asli,0.7540,1079,241,1506,759
3623,120.96,454,boneka-asli,0.6224,28,48,458,995
3623,120.96,458,boneka-asli,0.6948,609,697,1152,1080
3624,121.00,446,boneka-dummy,0.8120,1137,426,1680,1079
3624,121.00,448,boneka-dummy,0.8416,628,139,1063,691
3624,121.00,449,boneka-asli,0.7540,1067,223,1503,750
3624,121.00,458,boneka-asli,0.6948,602,698,1143,1080
3625,121.03,446,boneka-dummy,0.8120,1121,414,1677,1079
3625,121.03,448,boneka-dummy,0.8416,606,117,1052,681
3625,121.03,449,boneka-asli,0.7540,1052,205,1499,740
3625,121.03,450,boneka-asli,0.6927,1316,696,1699,1080
3625,121.03,458,boneka-asli,0.6948,587,699,1124,1080
3626,121.06,446,boneka-dummy,0.8120,1100,400,1669,1079
3626,121.06,448,boneka-dummy,0.8416,579,93,1035,669
3626,121.06,449,boneka-asli,0.7540,1031,187,1488,732
3626,121.06,450,boneka-asli,0.6927,1402,697,1799,1080
3626,121.06,454,boneka-asli,0.6224,14,24,419,969
3627,121.10,446,boneka-dummy,0.8120,1075,380,1662,1079
3627,121.10,448,boneka-dummy,0.8416,549,72,1015,656
3627,121.10,449,boneka-asli,0.7540,1010,170,1473,719
3627,121.10,450,boneka-asli,0.6927,1434,687,1852,1080
3627,121.10,454,boneka-asli,0.6224,7,12,382,952
3628,121.13,446,boneka-dummy,0.8120,1045,346,1659,1079
3628,121.13,448,boneka-dummy,0.8416,519,54,989,641
3628,121.13,449,boneka-asli,0.7540,989,153,1459,710
3628,121.13,450,boneka-asli,0.6927,1446,680,1881,1080
3628,121.13,454,boneka-asli,0.6224,25,100,389,953
3629,121.16,446,boneka-dummy,0.8120,1019,317,1655,1079
3629,121.16,448,boneka-dummy,0.8416,490,35,967,629
3629,121.16,449,boneka-asli,0.7540,967,134,1444,699
3629,121.16,450,boneka-asli,0.6927,1441,670,1895,1080
3629,121.16,454,boneka-asli,0.6224,48,190,401,965
3629,121.16,458,boneka-asli,0.6948,539,685,1075,1068
3630,121.20,446,boneka-dummy,0.8120,994,282,1655,1079
3630,121.20,448,boneka-dummy,0.8416,463,18,948,620
3630,121.20,449,boneka-asli,0.7540,947,120,1426,687
3630,121.20,450,boneka-asli,0.6927,1441,667,1903,1080
3630,121.20,454,boneka-asli,0.6224,58,249,404,968
3631,121.23,446,boneka-dummy,0.8120,970,249,1654,1079
3631,121.23,448,boneka-dummy,0.8416,438,9,931,617
3631,121.23,449,boneka-asli,0.7540,924,107,1413,685
3631,121.23,450,boneka-asli,0.6927,1441,669,1907,1080
3631,121.23,454,boneka-asli,0.6224,52,275,413,994
3631,121.23,458,boneka-asli,0.6948,478,662,1042,1071
3632,121.26,446,boneka-dummy,0.8120,959,252,1639,1079
3632,121.26,448,boneka-dummy,0.8416,411,4,912,617
3632,121.26,449,boneka-asli,0.7540,903,98,1403,689
3632,121.26,450,boneka-asli,0.6927,1439,673,1905,1080
3632,121.26,454,boneka-asli,0.6224,44,289,411,1001
3632,121.26,458,boneka-asli,0.6948,443,651,1017,1074
3633,121.30,446,boneka-dummy,0.8120,950,254,1628,1079
3633,121.30,448,boneka-dummy,0.8416,387,2,893,618
3633,121.30,449,boneka-asli,0.7540,881,91,1396,698
3633,121.30,450,boneka-asli,0.6927,1435,681,1900,1080
3633,121.30,454,boneka-asli,0.6224,31,297,404,1008
3633,121.30,458,boneka-asli,0.6948,420,653,988,1076
3634,121.33,446,boneka-dummy,0.8120,929,225,1629,1079
3634,121.33,448,boneka-dummy,0.8416,363,1,876,621
3634,121.33,449,boneka-asli,0.7540,863,85,1387,703
3634,121.33,450,boneka-asli,0.6927,1426,689,1891,1080
3634,121.33,454,boneka-asli,0.6224,15,300,398,1028
3634,121.33,458,boneka-asli,0.6948,394,653,958,1078
3635,121.36,446,boneka-dummy,0.8120,910,190,1635,1079
3635,121.36,448,boneka-dummy,0.8416,338,0,856,624
3635,121.36,449,boneka-asli,0.7540,850,79,1382,706
3635,121.36,450,boneka-asli,0.6927,1412,689,1886,1080
3635,121.36,454,boneka-asli,0.6224,7,298,388,1049
3635,121.36,458,boneka-asli,0.6948,370,650,934,1079
3636,121.40,446,boneka-dummy,0.8120,883,143,1642,1079
3636,121.40,448,boneka-dummy,0.8416,313,0,836,624
3636,121.40,458,boneka-asli,0.6948,348,645,914,1079
3637,121.43,446,boneka-dummy,0.8120,849,84,1647,1079
3637,121.43,448,boneka-dummy,0.8416,287,0,812,621
3637,121.43,449,boneka-asli,0.7540,819,68,1362,707
3637,121.43,450,boneka-asli,0.6927,1401,692,1883,1080
3637,121.43,458,boneka-asli,0.6948,326,640,893,1079
3638,121.46,446,boneka-dummy,0.8120,816,42,1639,1079
3638,121.46,448,boneka-dummy,0.8416,258,0,787,619
3638,121.46,449,boneka-asli,0.7540,791,59,1342,707
3638,121.46,450,boneka-asli,0.6927,1389,692,1881,1079
3638,121.46,458,boneka-asli,0.6948,294,634,862,1079
3639,121.50,446,boneka-dummy,0.8120,791,33,1615,1079
3639,121.50,448,boneka-dummy,0.8416,227,0,760,618
3639,121.50,449,boneka-asli,0.7540,764,53,1319,706
3639,121.50,450,boneka-asli,0.6927,1365,689,1873,1079
3639,121.50,458,boneka-asli,0.6948,258,634,823,1079
3640,121.53,446,boneka-dummy,0.8120,760,17,1589,1079
3640,121.53,448,boneka-dummy,0.8416,191,0,730,618
3640,121.53,450,boneka-asli,0.6927,1343,683,1871,1079
3640,121.53,458,boneka-asli,0.6948,224,633,787,1079
3641,121.56,446,boneka-dummy,0.8120,731,8,1562,1079
3641,121.56,448,boneka-dummy,0.8416,159,0,703,617
3641,121.56,449,boneka-asli,0.7540,722,43,1280,701
3641,121.56,450,boneka-asli,0.6927,1328,678,1873,1079
3641,121.56,458,boneka-asli,0.6948,178,625,749,1079
3642,121.60,446,boneka-dummy,0.8120,711,8,1535,1079
3642,121.60,448,boneka-dummy,0.8416,131,0,679,613
3642,121.60,449,boneka-asli,0.7540,693,33,1252,696
3642,121.60,450,boneka-asli,0.6927,1304,666,1876,1079
3642,121.60,458,boneka-asli,0.6948,147,618,724,1079
3643,121.63,446,boneka-dummy,0.8120,694,4,1516,1079
3643,121.63,448,boneka-dummy,0.8416,108,0,654,603
3643,121.63,449,boneka-asli,0.7540,674,20,1231,680
3643,121.63,450,boneka-asli,0.6927,1290,656,1883,1079
3643,121.63,458,boneka-asli,0.6948,136,605,721,1079
3644,121.66,446,boneka-dummy,0.8120,686,2,1505,1079
3644,121.66,448,boneka-dummy,0.8416,92,0,638,594
3644,121.66,449,boneka-asli,0.7540,662,10,1214,666
3644,121.66,450,boneka-asli,0.6927,1279,643,1894,1079
3644,121.66,458,boneka-asli,0.6948,123,591,717,1079
3644,121.66,459,boneka-asli,0.6807,912,0,1194,260
3645,121.70,446,boneka-dummy,0.8120,683,1,1497,1079
3645,121.70,448,boneka-dummy,0.8416,79,0,626,585
3645,121.70,450,boneka-asli,0.6927,1269,631,1903,1079
3645,121.70,458,boneka-asli,0.6948,107,574,714,1079
3645,121.70,459,boneka-asli,0.6807,911,0,1190,256
3646,121.73,446,boneka-dummy,0.8120,684,0,1495,1079
3646,121.73,448,boneka-dummy,0.8416,71,0,619,576
3646,121.73,450,boneka-asli,0.6927,1260,622,1908,1079
3646,121.73,458,boneka-asli,0.6948,92,555,712,1079
3646,121.73,459,boneka-asli,0.6807,914,0,1186,249
3647,121.76,446,boneka-dummy,0.8120,689,0,1497,1079
3647,121.76,448,boneka-dummy,0.8416,67,0,616,568
3647,121.76,450,boneka-asli,0.6927,1256,616,1914,1079
3647,121.76,458,boneka-asli,0.6948,68,542,699,1079
3647,121.76,459,boneka-asli,0.6807,918,0,1184,244
3648,121.80,446,boneka-dummy,0.8120,695,0,1500,1079
3648,121.80,448,boneka-dummy,0.8416,65,0,618,561
3648,121.80,450,boneka-asli,0.6927,1254,614,1915,1079
3648,121.80,458,boneka-asli,0.6948,61,532,699,1079
3648,121.80,459,boneka-asli,0.6807,927,0,1185,236
3649,121.83,446,boneka-dummy,0.8120,704,0,1508,1079
3649,121.83,448,boneka-dummy,0.8416,66,0,621,553
3649,121.83,449,boneka-asli,0.7540,670,5,1218,649
3649,121.83,450,boneka-asli,0.6927,1252,608,1917,1079
3649,121.83,458,boneka-asli,0.6948,61,528,701,1079
3650,121.86,446,boneka-dummy,0.8120,719,2,1520,1079
3650,121.86,448,boneka-dummy,0.8416,67,0,626,549
3650,121.86,450,boneka-asli,0.6927,1256,606,1918,1079
3650,121.86,458,boneka-asli,0.6948,62,523,707,1079
3650,121.86,459,boneka-asli,0.6807,952,0,1209,231
3651,121.90,446,boneka-dummy,0.8120,736,1,1539,1079
3651,121.90,448,boneka-dummy,0.8416,75,0,639,548
3651,121.90,449,boneka-asli,0.7540,680,2,1228,641
3651,121.90,450,boneka-asli,0.6927,1264,602,1919,1079
3651,121.90,454,boneka-asli,0.6224,33,354,409,1056
3651,121.90,458,boneka-asli,0.6948,91,525,729,1079
3651,121.90,459,boneka-asli,0.6807,971,0,1228,228
3652,121.93,446,boneka-dummy,0.8120,755,0,1562,1079
3652,121.93,448,boneka-dummy,0.8416,85,0,658,550
3652,121.93,450,boneka-asli,0.6927,1277,602,1919,1079
3652,121.93,454,boneka-asli,0.6224,57,391,444,1057
3652,121.93,458,boneka-asli,0.6948,126,529,754,1079
3652,121.93,459,boneka-asli,0.6807,977,0,1237,228
3653,121.96,446,boneka-dummy,0.8120,779,0,1589,1079
3653,121.96,448,boneka-dummy,0.8416,97,0,677,551
3653,121.96,450,boneka-asli,0.6927,1293,604,1919,1079
3653,121.96,458,boneka-asli,0.6948,167,545,774,1079
3653,121.96,459,boneka-asli,0.6807,989,0,1254,230
3654,122.00,446,boneka-dummy,0.8120,807,0,1620,1079
3654,122.00,448,boneka-dummy,0.8416,112,0,696,551
3654,122.00,449,boneka-asli,0.7540,710,1,1263,640
3654,122.00,450,boneka-asli,0.6927,1305,604,1919,1079
3654,122.00,458,boneka-asli,0.6948,209,561,797,1079
3654,122.00,459,boneka-asli,0.6807,999,0,1262,228
3655,122.03,446,boneka-dummy,0.8120,834,0,1650,1079
3655,122.03,448,boneka-dummy,0.8416,132,0,721,552
3655,122.03,450,boneka-asli,0.6927,1322,605,1919,1079
3655,122.03,454,boneka-asli,0.6224,88,424,495,1052
3655,122.03,458,boneka-asli,0.6948,254,576,826,1079
3656,122.06,446,boneka-dummy,0.8120,865,0,1686,1080
3656,122.06,448,boneka-dummy,0.8416,152,0,747,556
3656,122.06,449,boneka-asli,0.7540,737,0,1304,651
3656,122.06,450,boneka-asli,0.6927,1339,612,1919,1079
3656,122.06,458,boneka-asli,0.6948,278,585,845,1079
3657,122.10,446,boneka-dummy,0.8120,895,0,1723,1080
3657,122.10,448,boneka-dummy,0.8416,168,0,774,564
3657,122.10,449,boneka-asli,0.7540,762,0,1347,664
3657,122.10,450,boneka-asli,0.6927,1359,618,1919,1079
3657,122.10,458,boneka-asli,0.6948,307,584,879,1079
3658,122.13,446,boneka-dummy,0.8120,920,0,1752,1080
3658,122.13,448,boneka-dummy,0.8416,177,0,798,577
3658,122.13,449,boneka-asli,0.7540,780,0,1389,685
3658,122.13,450,boneka-asli,0.6927,1381,627,1919,1079
3658,122.13,458,boneka-asli,0.6948,334,591,903,1079
3659,122.16,446,boneka-dummy,0.8120,950,21,1771,1080
3659,122.16,448,boneka-dummy,0.8416,177,3,816,597
3659,122.16,449,boneka-asli,0.7540,791,5,1424,712
3659,122.16,454,boneka-asli,0.6224,121,467,561,1065
3660,122.20,446,boneka-dummy,0.8120,1000,99,1776,1080
3660,122.20,448,boneka-dummy,0.8416,168,3,840,631
3660,122.20,449,boneka-asli,0.7540,801,20,1451,742
3661,122.23,446,boneka-dummy,0.8120,1050,191,1777,1080
3661,122.23,448,boneka-dummy,0.8416,156,2,864,670
3661,122.23,449,boneka-asli,0.7540,809,38,1478,779
3662,122.27,446,boneka-dummy,0.8120,1096,272,1783,1080
3662,122.27,448,boneka-dummy,0.8416,143,1,884,709
3662,122.27,449,boneka-asli,0.7540,819,65,1501,818
3663,122.30,446,boneka-dummy,0.8120,1145,354,1789,1080
3663,122.30,448,boneka-dummy,0.8416,128,0,905,755
3663,122.30,449,boneka-asli,0.7540,825,98,1520,865
3664,122.33,446,boneka-dummy,0.8120,1196,439,1792,1080
3664,122.33,448,boneka-dummy,0.8416,118,9,920,802
3664,122.33,449,boneka-asli,0.7540,832,134,1539,913
3665,122.37,446,boneka-dummy,0.8120,1255,514,1805,1080
3665,122.37,448,boneka-dummy,0.8416,113,29,931,853
3665,122.37,449,boneka-asli,0.7540,838,172,1559,967
3666,122.40,446,boneka-dummy,0.8120,1332,592,1824,1080
3666,122.40,448,boneka-dummy,0.8416,113,59,940,905
3666,122.40,449,boneka-asli,0.7540,845,209,1580,1017
3667,122.43,446,boneka-dummy,0.8120,1407,672,1835,1080
3667,122.43,448,boneka-dummy,0.8416,110,92,951,967
3667,122.43,449,boneka-asli,0.7540,857,248,1591,1048
3668,122.47,448,boneka-dummy,0.8416,107,123,956,1019
3668,122.47,449,boneka-asli,0.7540,872,281,1600,1064
3669,122.50,448,boneka-dummy,0.8416,112,153,952,1049
3669,122.50,449,boneka-asli,0.7540,891,311,1610,1072
3670,122.53,448,boneka-dummy,0.8416,125,178,951,1064
3670,122.53,449,boneka-asli,0.7540,917,335,1630,1076
3671,122.57,448,boneka-dummy,0.8416,141,195,955,1072
3671,122.57,449,boneka-asli,0.7540,941,352,1653,1078
3672,122.60,448,boneka-dummy,0.8416,154,203,962,1076
3672,122.60,449,boneka-asli,0.7540,967,366,1680,1079
3673,122.63,448,boneka-dummy,0.8416,168,208,971,1078
3673,122.63,449,boneka-asli,0.7540,981,378,1696,1079
3674,122.67,448,boneka-dummy,0.8416,175,212,975,1079
3674,122.67,449,boneka-asli,0.7540,988,385,1703,1079
3675,122.70,448,boneka-dummy,0.8416,179,214,978,1079
3675,122.70,449,boneka-asli,0.7540,993,392,1707,1079
3676,122.73,448,boneka-dummy,0.8416,183,214,984,1079
3676,122.73,449,boneka-asli,0.7540,1004,396,1719,1079
3677,122.77,448,boneka-dummy,0.8416,187,212,991,1079
3677,122.77,449,boneka-asli,0.7540,1028,397,1752,1079
3678,122.80,448,boneka-dummy,0.8416,191,208,1000,1079
3678,122.80,449,boneka-asli,0.7540,1042,389,1782,1079
3679,122.83,448,boneka-dummy,0.8416,207,231,1000,1079
3679,122.83,449,boneka-asli,0.7540,1049,372,1814,1079
3680,122.87,448,boneka-dummy,0.8416,212,223,1016,1079
3680,122.87,449,boneka-asli,0.7540,1054,356,1843,1079
3680,122.87,460,boneka-asli,0.5768,3,51,102,858
3681,122.90,448,boneka-dummy,0.8416,209,195,1040,1079
3681,122.90,449,boneka-asli,0.7540,1055,339,1868,1079
3682,122.93,448,boneka-dummy,0.8416,209,170,1061,1079
3682,122.93,449,boneka-asli,0.7540,1071,324,1894,1079
3683,122.97,448,boneka-dummy,0.8416,205,138,1084,1079
3683,122.97,449,boneka-asli,0.7540,1057,282,1907,1079
3684,123.00,448,boneka-dummy,0.8416,201,111,1101,1079
3684,123.00,449,boneka-asli,0.7540,1060,271,1913,1079
3685,123.03,448,boneka-dummy,0.8416,200,97,1109,1079
3685,123.03,449,boneka-asli,0.7540,1056,253,1916,1079
3686,123.07,448,boneka-dummy,0.8416,197,94,1106,1079
3686,123.07,449,boneka-asli,0.7540,1051,238,1918,1079
3686,123.07,460,boneka-asli,0.5768,5,79,101,860
3687,123.10,448,boneka-dummy,0.8416,193,87,1106,1079
3687,123.10,449,boneka-asli,0.7540,1045,226,1919,1079
3687,123.10,460,boneka-asli,0.5768,5,87,100,860
3688,123.13,448,boneka-dummy,0.8416,189,76,1106,1079
3688,123.13,449,boneka-asli,0.7540,1039,217,1919,1079
3689,123.17,448,boneka-dummy,0.8416,185,61,1109,1079
3689,123.17,449,boneka-asli,0.7540,1030,199,1919,1079
3690,123.20,448,boneka-dummy,0.8416,190,55,1113,1079
3690,123.20,449,boneka-asli,0.7540,1016,160,1919,1079
3690,123.20,460,boneka-asli,0.5768,5,84,100,847
3691,123.23,448,boneka-dummy,0.8416,196,48,1118,1079
3691,123.23,449,boneka-asli,0.7540,1007,129,1919,1079
3691,123.23,460,boneka-asli,0.5768,4,74,101,841
3692,123.27,448,boneka-dummy,0.8416,204,52,1118,1079
3692,123.27,449,boneka-asli,0.7540,1007,114,1919,1079
3692,123.27,460,boneka-asli,0.5768,5,82,101,846
3693,123.30,448,boneka-dummy,0.8416,218,58,1122,1079
3693,123.30,449,boneka-asli,0.7540,1011,104,1919,1079
3694,123.33,448,boneka-dummy,0.8416,233,64,1127,1079
3694,123.33,449,boneka-asli,0.7540,1017,96,1919,1079
3695,123.37,448,boneka-dummy,0.8416,242,64,1134,1079
3695,123.37,449,boneka-asli,0.7540,1030,99,1919,1079
3696,123.40,448,boneka-dummy,0.8416,255,71,1140,1079
3696,123.40,449,boneka-asli,0.7540,1051,117,1919,1079
3697,123.43,448,boneka-dummy,0.8416,272,73,1152,1079
3697,123.43,449,boneka-asli,0.7540,1072,145,1919,1079
3698,123.47,448,boneka-dummy,0.8416,293,88,1159,1079
3698,123.47,449,boneka-asli,0.7540,1100,184,1919,1079
3699,123.50,448,boneka-dummy,0.8416,317,111,1164,1079
3699,123.50,449,boneka-asli,0.7540,1124,215,1919,1079
3700,123.53,448,boneka-dummy,0.8416,344,128,1177,1079
3700,123.53,449,boneka-asli,0.7540,1145,241,1919,1079
3701,123.57,448,boneka-dummy,0.8416,377,167,1181,1079
3701,123.57,449,boneka-asli,0.7540,1164,263,1919,1079
3702,123.60,448,boneka-dummy,0.8416,409,191,1196,1079
3702,123.60,449,boneka-asli,0.7540,1184,285,1919,1079
3703,123.63,448,boneka-dummy,0.8416,446,230,1206,1079
3704,123.67,448,boneka-dummy,0.8416,478,243,1231,1079
3704,123.67,449,boneka-asli,0.7540,1213,318,1919,1079
3705,123.70,448,boneka-dummy,0.8416,509,258,1254,1079
3705,123.70,449,boneka-asli,0.7540,1238,341,1919,1079
3706,123.73,448,boneka-dummy,0.8416,539,278,1269,1079
3706,123.73,449,boneka-asli,0.7540,1264,367,1919,1079
3707,123.77,448,boneka-dummy,0.8416,574,301,1288,1079
3707,123.77,449,boneka-asli,0.7540,1288,390,1919,1079
3708,123.80,448,boneka-dummy,0.8416,611,323,1308,1079
3708,123.80,449,boneka-asli,0.7540,1310,415,1919,1079
3709,123.83,448,boneka-dummy,0.8416,643,345,1323,1079
3709,123.83,449,boneka-asli,0.7540,1328,434,1919,1079
3710,123.87,448,boneka-dummy,0.8416,673,361,1342,1079
3710,123.87,449,boneka-asli,0.7540,1344,449,1919,1079
3711,123.90,448,boneka-dummy,0.8416,707,372,1368,1079
3711,123.90,449,boneka-asli,0.7540,1361,463,1919,1079
3712,123.93,448,boneka-dummy,0.8416,737,381,1393,1079
3712,123.93,449,boneka-asli,0.7540,1379,473,1919,1079
3713,123.97,448,boneka-dummy,0.8416,766,385,1422,1079
3713,123.97,449,boneka-asli,0.7540,1394,478,1919,1079
3714,124.00,448,boneka-dummy,0.8416,796,387,1451,1079
3714,124.00,449,boneka-asli,0.7540,1409,477,1919,1079
3715,124.03,448,boneka-dummy,0.8416,826,388,1480,1079
3715,124.03,449,boneka-asli,0.7540,1423,476,1919,1079
3716,124.07,448,boneka-dummy,0.8416,853,386,1507,1079
3716,124.07,449,boneka-asli,0.7540,1438,474,1919,1080
3717,124.10,448,boneka-dummy,0.8416,879,384,1533,1080
3717,124.10,449,boneka-asli,0.7540,1453,473,1919,1080
3717,124.10,463,boneka-dummy,0.8403,0,541,917,1080
3718,124.13,448,boneka-dummy,0.8416,900,378,1556,1080
3718,124.13,449,boneka-asli,0.7540,1467,471,1919,1080
3718,124.13,463,boneka-dummy,0.8403,0,521,947,1080
3719,124.17,448,boneka-dummy,0.8416,923,372,1579,1080
3719,124.17,449,boneka-asli,0.7540,1483,473,1919,1080
3719,124.17,463,boneka-dummy,0.8403,0,500,984,1080
3720,124.20,448,boneka-dummy,0.8416,948,368,1603,1080
3720,124.20,449,boneka-asli,0.7540,1498,476,1919,1080
3720,124.20,463,boneka-dummy,0.8403,0,482,1014,1080
3721,124.23,448,boneka-dummy,0.8416,973,364,1624,1079
3721,124.23,449,boneka-asli,0.7540,1511,474,1919,1080
3722,124.27,448,boneka-dummy,0.8416,997,361,1640,1075
3722,124.27,449,boneka-asli,0.7540,1524,473,1919,1080
3722,124.27,463,boneka-dummy,0.8403,18,456,1076,1079
3723,124.30,448,boneka-dummy,0.8416,1022,359,1653,1064
3723,124.30,449,boneka-asli,0.7540,1537,475,1919,1080
3724,124.34,448,boneka-dummy,0.8416,1048,357,1662,1047
3724,124.34,449,boneka-asli,0.7540,1549,473,1919,1080
3725,124.37,448,boneka-dummy,0.8416,1072,355,1674,1033
3725,124.37,449,boneka-asli,0.7540,1562,472,1919,1078
3725,124.37,463,boneka-dummy,0.8403,91,427,1189,1077
3726,124.40,448,boneka-dummy,0.8416,1098,357,1687,1022
3726,124.40,449,boneka-asli,0.7540,1577,473,1919,1075
3727,124.44,448,boneka-dummy,0.8416,1120,363,1697,1016
3727,124.44,449,boneka-asli,0.7540,1596,483,1919,1074
3728,124.47,448,boneka-dummy,0.8416,1146,374,1707,1007
3728,124.47,449,boneka-asli,0.7540,1614,495,1919,1073
3729,124.50,448,boneka-dummy,0.8416,1174,385,1720,1000
3729,124.50,449,boneka-asli,0.7540,1630,504,1919,1069
3730,124.54,448,boneka-dummy,0.8416,1197,395,1731,994
3730,124.54,449,boneka-asli,0.7540,1644,512,1919,1060
3731,124.57,448,boneka-dummy,0.8416,1215,402,1742,992
3731,124.57,449,boneka-asli,0.7540,1660,516,1920,1052
3732,124.60,448,boneka-dummy,0.8416,1237,407,1757,987
3732,124.60,449,boneka-asli,0.7540,1677,518,1920,1040
3732,124.60,463,boneka-dummy,0.8403,274,437,1338,1077
3732,124.60,464,boneka-asli,0.7060,27,295,239,1070
3733,124.64,448,boneka-dummy,0.8416,1265,410,1774,978
3733,124.64,449,boneka-asli,0.7540,1697,541,1920,1029
3733,124.64,463,boneka-dummy,0.8403,382,442,1422,1077
3733,124.64,464,boneka-asli,0.7060,39,272,254,1055
3734,124.67,448,boneka-dummy,0.8416,1286,413,1791,973
3734,124.67,463,boneka-dummy,0.8403,455,445,1474,1078
3734,124.67,464,boneka-asli,0.7060,58,256,282,1057
3734,124.67,465,boneka-asli,0.6626,235,595,1019,1080
3735,124.70,448,boneka-dummy,0.8416,1310,416,1809,966
3735,124.70,463,boneka-dummy,0.8403,528,448,1523,1078
3735,124.70,464,boneka-asli,0.7060,87,252,311,1032
3735,124.70,465,boneka-asli,0.6626,287,597,1065,1080
3735,124.70,466,boneka-asli,0.6330,218,598,657,1074
3736,124.74,448,boneka-dummy,0.8416,1336,419,1831,965
3736,124.74,463,boneka-dummy,0.8403,601,452,1569,1078
3736,124.74,464,boneka-asli,0.7060,113,254,343,1021
3736,124.74,465,boneka-asli,0.6626,359,594,1136,1080
3737,124.77,448,boneka-dummy,0.8416,1362,422,1855,964
3737,124.77,463,boneka-dummy,0.8403,675,455,1614,1078
3737,124.77,464,boneka-asli,0.7060,140,259,375,999
3737,124.77,465,boneka-asli,0.6626,419,590,1192,1080
3738,124.80,448,boneka-dummy,0.8416,1381,424,1879,974
3738,124.80,463,boneka-dummy,0.8403,741,455,1654,1078
3738,124.80,464,boneka-asli,0.7060,171,264,415,981
3738,124.80,466,boneka-asli,0.6330,284,594,727,1077
3739,124.84,448,boneka-dummy,0.8416,1404,424,1893,963
3739,124.84,463,boneka-dummy,0.8403,795,452,1686,1079
3739,124.84,464,boneka-asli,0.7060,214,267,465,959
3740,124.87,448,boneka-dummy,0.8416,1431,423,1906,946
3740,124.87,463,boneka-dummy,0.8403,830,447,1706,1079
3740,124.87,464,boneka-asli,0.7060,257,267,512,925
3741,124.90,448,boneka-dummy,0.8416,1453,422,1913,931
3741,124.90,463,boneka-dummy,0.8403,854,439,1722,1079
3741,124.90,464,boneka-asli,0.7060,301,266,563,900
3741,124.90,466,boneka-asli,0.6330,447,587,897,1078
3742,124.94,448,boneka-dummy,0.8416,1473,419,1916,916
3742,124.94,463,boneka-dummy,0.8403,876,430,1738,1079
3742,124.94,464,boneka-asli,0.7060,342,262,613,883
3742,124.94,466,boneka-asli,0.6330,552,582,1006,1074
3743,124.97,448,boneka-dummy,0.8416,1491,416,1918,902
3743,124.97,463,boneka-dummy,0.8403,897,420,1754,1079
3743,124.97,464,boneka-asli,0.7060,376,258,658,867
3743,124.97,466,boneka-asli,0.6330,620,580,1075,1068
3744,125.00,448,boneka-dummy,0.8416,1499,410,1919,903
3744,125.00,463,boneka-dummy,0.8403,915,404,1776,1079
3744,125.00,464,boneka-asli,0.7060,406,252,701,859
3744,125.00,466,boneka-asli,0.6330,704,574,1146,1052
3745,125.04,448,boneka-dummy,0.8416,1515,403,1919,886
3745,125.04,463,boneka-dummy,0.8403,930,394,1788,1079
3745,125.04,464,boneka-asli,0.7060,430,243,735,845
3745,125.04,466,boneka-asli,0.6330,769,565,1195,1032
3746,125.07,448,boneka-dummy,0.8416,1528,394,1919,871
3746,125.07,463,boneka-dummy,0.8403,940,381,1799,1079
3746,125.07,464,boneka-asli,0.7060,451,232,764,825
3746,125.07,466,boneka-asli,0.6330,803,550,1225,1015
3747,125.10,448,boneka-dummy,0.8416,1539,383,1919,866
3747,125.10,463,boneka-dummy,0.8403,940,369,1802,1079
3747,125.10,464,boneka-asli,0.7060,466,221,788,813
3747,125.10,466,boneka-asli,0.6330,835,533,1255,1000
3748,125.14,448,boneka-dummy,0.8416,1532,374,1919,886
3748,125.14,463,boneka-dummy,0.8403,925,336,1813,1079
3748,125.14,466,boneka-asli,0.6330,865,526,1268,979
3749,125.17,448,boneka-dummy,0.8416,1549,363,1919,874
3749,125.17,463,boneka-dummy,0.8403,916,320,1811,1079
3749,125.17,464,boneka-asli,0.7060,488,207,814,787
3749,125.17,465,boneka-asli,0.6626,924,668,1556,1079
3749,125.17,466,boneka-asli,0.6330,893,514,1279,954
3750,125.20,448,boneka-dummy,0.8416,1571,352,1919,854
3750,125.20,463,boneka-dummy,0.8403,915,307,1813,1079
3750,125.20,466,boneka-asli,0.6330,905,504,1276,931
3751,125.24,448,boneka-dummy,0.8416,1586,337,1919,841
3751,125.24,463,boneka-dummy,0.8403,915,296,1813,1079
3751,125.24,464,boneka-asli,0.7060,505,185,838,761
3751,125.24,466,boneka-asli,0.6330,920,491,1277,907
3752,125.27,448,boneka-dummy,0.8416,1597,332,1919,837
3752,125.27,463,boneka-dummy,0.8403,914,281,1815,1079
3752,125.27,464,boneka-asli,0.7060,510,166,854,748
3752,125.27,468,boneka-asli,0.5954,256,616,661,1080
3753,125.30,448,boneka-dummy,0.8416,1607,318,1919,807
3753,125.30,463,boneka-dummy,0.8403,911,266,1815,1079
3753,125.30,464,boneka-asli,0.7060,511,148,862,729
3753,125.30,468,boneka-asli,0.5954,285,604,701,1080
3754,125.34,448,boneka-dummy,0.8416,1613,302,1919,792
3754,125.34,463,boneka-dummy,0.8403,908,251,1813,1079
3754,125.34,468,boneka-asli,0.5954,305,587,739,1080
3755,125.37,448,boneka-dummy,0.8416,1619,288,1919,769
3755,125.37,463,boneka-dummy,0.8403,904,234,1812,1079
3755,125.37,468,boneka-asli,0.5954,335,576,784,1080
3756,125.40,448,boneka-dummy,0.8416,1624,276,1919,746
3756,125.40,463,boneka-dummy,0.8403,906,220,1803,1067
3756,125.40,464,boneka-asli,0.7060,518,122,863,681
3757,125.44,448,boneka-dummy,0.8416,1625,261,1919,729
3757,125.44,463,boneka-dummy,0.8403,887,175,1813,1068
3757,125.44,464,boneka-asli,0.7060,517,102,864,652
3757,125.44,468,boneka-asli,0.5954,321,570,779,1079
3758,125.47,448,boneka-dummy,0.8416,1614,246,1919,741
3758,125.47,463,boneka-dummy,0.8403,877,151,1808,1068
3758,125.47,464,boneka-asli,0.7060,514,85,866,634
3759,125.50,448,boneka-dummy,0.8416,1620,241,1919,720
3759,125.50,463,boneka-dummy,0.8403,884,144,1791,1050
3759,125.50,464,boneka-asli,0.7060,513,71,865,612
3759,125.50,468,boneka-asli,0.5954,292,545,775,1078
3760,125.54,448,boneka-dummy,0.8416,1628,237,1919,689
3760,125.54,463,boneka-dummy,0.8403,895,141,1777,1034
3760,125.54,468,boneka-asli,0.5954,281,547,766,1078
3761,125.57,448,boneka-dummy,0.8416,1632,222,1919,664
3761,125.57,463,boneka-dummy,0.8403,879,112,1775,1034
3761,125.57,464,boneka-asli,0.7060,507,51,860,587
3761,125.57,468,boneka-asli,0.5954,257,539,751,1078
3761,125.57,471,boneka-asli,0.5779,1244,542,1920,1080
3762,125.60,448,boneka-dummy,0.8416,1633,206,1919,650
3762,125.60,463,boneka-dummy,0.8403,867,95,1763,1031
3762,125.60,464,boneka-asli,0.7060,501,37,857,572
3762,125.60,471,boneka-asli,0.5779,1288,606,1920,1080
3763,125.64,448,boneka-dummy,0.8416,1617,194,1919,679
3763,125.64,463,boneka-dummy,0.8403,861,89,1744,1021
3763,125.64,464,boneka-asli,0.7060,494,27,854,562
3763,125.64,471,boneka-asli,0.5779,1255,568,1920,1079
3764,125.67,448,boneka-dummy,0.8416,1607,185,1919,694
3764,125.67,463,boneka-dummy,0.8403,842,91,1697,1005
3764,125.67,464,boneka-asli,0.7060,490,20,850,549
3765,125.70,448,boneka-dummy,0.8416,1609,180,1919,681
3765,125.70,463,boneka-dummy,0.8403,824,93,1652,992
3765,125.70,464,boneka-asli,0.7060,484,17,843,539
3765,125.70,471,boneka-asli,0.5779,1224,526,1920,1072
3766,125.74,448,boneka-dummy,0.8416,1617,180,1916,653
3766,125.74,463,boneka-dummy,0.8403,807,94,1615,984
3766,125.74,464,boneka-asli,0.7060,477,14,839,534
3766,125.74,471,boneka-asli,0.5779,1254,582,1920,1072
3767,125.77,448,boneka-dummy,0.8416,1621,172,1914,629
3767,125.77,463,boneka-dummy,0.8403,797,91,1588,976
3767,125.77,464,boneka-asli,0.7060,471,11,836,532
3767,125.77,468,boneka-asli,0.5954,170,531,676,1078
3767,125.77,471,boneka-asli,0.5779,1229,550,1920,1072
3768,125.80,448,boneka-dummy,0.8416,1623,164,1912,609
3768,125.80,463,boneka-dummy,0.8403,809,87,1584,959
3768,125.80,464,boneka-asli,0.7060,464,8,835,536
3768,125.80,468,boneka-asli,0.5954,110,517,635,1078
3768,125.80,471,boneka-asli,0.5779,1207,516,1920,1073
3769,125.84,448,boneka-dummy,0.8416,1622,155,1912,599
3769,125.84,463,boneka-dummy,0.8403,822,82,1587,944
3769,125.84,464,boneka-asli,0.7060,459,5,832,534
3769,125.84,468,boneka-asli,0.5954,79,528,604,1078
3769,125.84,471,boneka-asli,0.5779,1195,491,1920,1074
3770,125.87,448,boneka-dummy,0.8416,1620,146,1912,592
3770,125.87,463,boneka-dummy,0.8403,826,75,1593,935
3770,125.87,464,boneka-asli,0.7060,454,4,827,533
3770,125.87,468,boneka-asli,0.5954,70,554,585,1078
3770,125.87,471,boneka-asli,0.5779,1215,536,1920,1075
3771,125.90,448,boneka-dummy,0.8416,1619,149,1909,587
3771,125.90,463,boneka-dummy,0.8403,799,71,1560,928
3771,125.90,464,boneka-asli,0.7060,448,4,822,530
3771,125.90,468,boneka-asli,0.5954,70,575,581,1079
3772,125.94,448,boneka-dummy,0.8416,1614,142,1908,584
3772,125.94,463,boneka-dummy,0.8403,765,70,1517,926
3772,125.94,464,boneka-asli,0.7060,441,3,816,529
3772,125.94,468,boneka-asli,0.5954,40,579,555,1079
3772,125.94,471,boneka-asli,0.5779,1232,565,1920,1077
3773,125.97,448,boneka-dummy,0.8416,1608,135,1909,584
3773,125.97,463,boneka-dummy,0.8403,745,68,1493,929
3773,125.97,464,boneka-asli,0.7060,433,3,810,529
3773,125.97,468,boneka-asli,0.5954,20,561,553,1079
3774,126.00,448,boneka-dummy,0.8416,1603,131,1910,586
3774,126.00,463,boneka-dummy,0.8403,717,71,1461,935
3774,126.00,464,boneka-asli,0.7060,425,4,803,529
3774,126.00,468,boneka-asli,0.5954,10,560,549,1079
3775,126.04,448,boneka-dummy,0.8416,1598,129,1910,588
3775,126.04,463,boneka-dummy,0.8403,690,76,1426,942
3775,126.04,464,boneka-asli,0.7060,418,6,794,525
3775,126.04,468,boneka-asli,0.5954,5,536,567,1079
3775,126.04,471,boneka-asli,0.5779,1273,646,1877,1078
3776,126.07,448,boneka-dummy,0.8416,1591,130,1907,592
3776,126.07,463,boneka-dummy,0.8403,667,86,1393,951
3776,126.07,464,boneka-asli,0.7060,408,10,785,528
3776,126.07,468,boneka-asli,0.5954,2,524,572,1079
3776,126.07,471,boneka-asli,0.5779,1259,687,1828,1079
3777,126.10,448,boneka-dummy,0.8416,1586,134,1906,598
3777,126.10,463,boneka-dummy,0.8403,648,94,1368,963
3777,126.10,464,boneka-asli,0.7060,395,15,777,539
3777,126.10,468,boneka-asli,0.5954,1,500,578,1079
3777,126.10,471,boneka-asli,0.5779,1223,678,1815,1079
3778,126.14,448,boneka-dummy,0.8416,1578,138,1902,603
3778,126.14,463,boneka-dummy,0.8403,625,102,1339,975
3778,126.14,464,boneka-asli,0.7060,382,20,768,548
3778,126.14,468,boneka-asli,0.5954,0,482,561,1079
3778,126.14,471,boneka-asli,0.5779,1184,657,1809,1079
3778,126.14,478,boneka-asli,0.6111,222,473,581,736
3778,126.14,479,boneka-asli,0.6974,1130,88,1520,704
3779,126.17,448,boneka-dummy,0.8416,1571,147,1897,608
3779,126.17,463,boneka-dummy,0.8403,603,108,1311,984
3779,126.17,464,boneka-asli,0.7060,368,24,759,559
3779,126.17,468,boneka-asli,0.5954,0,480,539,1079
3779,126.17,478,boneka-asli,0.6111,212,473,572,735
3779,126.17,479,boneka-asli,0.6974,1121,88,1511,703
3780,126.20,448,boneka-dummy,0.8416,1566,164,1890,612
3780,126.20,463,boneka-dummy,0.8403,585,113,1287,991
3780,126.20,464,boneka-asli,0.7060,355,28,748,563
3780,126.20,468,boneka-asli,0.5954,0,476,524,1079
3780,126.20,471,boneka-asli,0.5779,1166,683,1754,1079
3780,126.20,478,boneka-asli,0.6111,201,474,564,740
3780,126.20,479,boneka-asli,0.6974,1104,92,1494,709
3781,126.24,448,boneka-dummy,0.8416,1559,170,1888,617
3781,126.24,463,boneka-dummy,0.8403,566,115,1268,999
3781,126.24,464,boneka-asli,0.7060,343,33,737,568
3781,126.24,468,boneka-asli,0.5954,0,475,522,1079
3781,126.24,479,boneka-asli,0.6974,1084,98,1478,721
3782,126.27,448,boneka-dummy,0.8416,1551,165,1891,620
3782,126.27,463,boneka-dummy,0.8403,551,117,1253,1008
3782,126.27,464,boneka-asli,0.7060,333,38,726,570
3782,126.27,468,boneka-asli,0.5954,0,474,524,1079
3782,126.27,479,boneka-asli,0.6974,1065,104,1465,736
3783,126.30,448,boneka-dummy,0.8416,1544,160,1894,623
3783,126.30,463,boneka-dummy,0.8403,540,127,1235,1016
3783,126.30,464,boneka-asli,0.7060,327,43,717,570
3783,126.30,468,boneka-asli,0.5954,0,474,525,1079
3783,126.30,479,boneka-asli,0.6974,1048,109,1455,752
3784,126.34,448,boneka-dummy,0.8416,1541,168,1892,627
3784,126.34,463,boneka-dummy,0.8403,532,138,1219,1022
3784,126.34,464,boneka-asli,0.7060,322,48,708,568
3784,126.34,468,boneka-asli,0.5954,0,480,523,1079
3784,126.34,471,boneka-asli,0.5779,1103,677,1693,1079
3784,126.34,479,boneka-asli,0.6974,1038,111,1446,757
3785,126.37,448,boneka-dummy,0.8416,1527,165,1897,644
3785,126.37,463,boneka-dummy,0.8403,519,145,1205,1033
3785,126.37,464,boneka-asli,0.7060,316,52,700,567
3785,126.37,468,boneka-asli,0.5954,0,487,523,1079
3786,126.41,448,boneka-dummy,0.8416,1519,167,1894,647
3786,126.41,463,boneka-dummy,0.8403,503,149,1191,1046
3786,126.41,464,boneka-asli,0.7060,305,56,690,573
3786,126.41,471,boneka-asli,0.5779,1067,678,1655,1079
3786,126.41,479,boneka-asli,0.6974,1025,117,1434,760
3787,126.44,448,boneka-dummy,0.8416,1511,169,1891,651
3787,126.44,463,boneka-dummy,0.8403,486,159,1169,1055
3787,126.44,464,boneka-asli,0.7060,294,63,677,577
3787,126.44,478,boneka-asli,0.6111,143,491,522,768
3787,126.44,479,boneka-asli,0.6974,1012,123,1420,761
3788,126.47,448,boneka-dummy,0.8416,1504,174,1889,658
3788,126.47,463,boneka-dummy,0.8403,470,171,1148,1066
3788,126.47,464,boneka-asli,0.7060,277,69,668,595
3788,126.47,471,boneka-asli,0.5779,1050,690,1625,1079
3788,126.47,479,boneka-asli,0.6974,995,132,1407,771
3789,126.51,448,boneka-dummy,0.8416,1494,182,1885,671
3789,126.51,463,boneka-dummy,0.8403,450,196,1114,1073
3789,126.51,464,boneka-asli,0.7060,257,80,650,609
3789,126.51,468,boneka-asli,0.5954,0,497,491,1053
3789,126.51,471,boneka-asli,0.5779,1039,701,1605,1079
3789,126.51,479,boneka-asli,0.6974,974,144,1388,783
3790,126.54,448,boneka-dummy,0.8416,1484,191,1881,686
3790,126.54,463,boneka-dummy,0.8403,433,221,1083,1076
3790,126.54,464,boneka-asli,0.7060,237,91,634,627
3790,126.54,468,boneka-asli,0.5954,5,509,476,1032
3790,126.54,479,boneka-asli,0.6974,951,159,1373,804
3791,126.57,448,boneka-dummy,0.8416,1479,202,1879,698
3791,126.57,463,boneka-dummy,0.8403,420,239,1061,1078
3791,126.57,464,boneka-asli,0.7060,221,101,622,645
3791,126.57,468,boneka-asli,0.5954,25,524,485,1020
3791,126.57,479,boneka-asli,0.6974,927,174,1368,846
3792,126.61,448,boneka-dummy,0.8416,1479,210,1882,710
3792,126.61,463,boneka-dummy,0.8403,411,253,1046,1079
3792,126.61,464,boneka-asli,0.7060,211,109,612,655
3792,126.61,468,boneka-asli,0.5954,38,519,496,998
3792,126.61,479,boneka-asli,0.6974,913,185,1362,867
3792,126.61,484,boneka-asli,0.5708,1365,632,1834,1080
3793,126.64,448,boneka-dummy,0.8416,1478,217,1886,722
3793,126.64,463,boneka-dummy,0.8403,406,265,1036,1079
3793,126.64,464,boneka-asli,0.7060,203,115,605,664
3793,126.64,468,boneka-asli,0.5954,40,514,503,988
3793,126.64,479,boneka-asli,0.6974,904,195,1355,877
3793,126.64,484,boneka-asli,0.5708,1369,647,1822,1080
3794,126.67,448,boneka-dummy,0.8416,1476,222,1889,730
3794,126.67,463,boneka-dummy,0.8403,402,273,1031,1079
3794,126.67,464,boneka-asli,0.7060,197,120,600,673
3794,126.67,468,boneka-asli,0.5954,38,501,513,977
3794,126.67,471,boneka-asli,0.5779,983,756,1467,1079
3794,126.67,479,boneka-asli,0.6974,897,202,1350,882
3794,126.67,484,boneka-asli,0.5708,1388,666,1825,1080
3795,126.71,448,boneka-dummy,0.8416,1474,225,1893,742
3795,126.71,463,boneka-dummy,0.8403,399,279,1028,1079
3795,126.71,464,boneka-asli,0.7060,193,123,598,682
3795,126.71,468,boneka-asli,0.5954,19,498,527,1008
3795,126.71,471,boneka-asli,0.5779,949,785,1392,1079
3795,126.71,479,boneka-asli,0.6974,893,207,1347,886
3796,126.74,448,boneka-dummy,0.8416,1473,229,1897,750
3796,126.74,463,boneka-dummy,0.8403,398,286,1026,1079
3796,126.74,464,boneka-asli,0.7060,189,126,595,687
3796,126.74,468,boneka-asli,0.5954,9,505,528,1034
3796,126.74,471,boneka-asli,0.5779,926,793,1353,1079
3796,126.74,479,boneka-asli,0.6974,887,210,1347,894
3797,126.77,448,boneka-dummy,0.8416,1473,233,1900,756
3797,126.77,463,boneka-dummy,0.8403,396,293,1023,1079
3797,126.77,464,boneka-asli,0.7060,189,128,592,688
3797,126.77,471,boneka-asli,0.5779,914,801,1329,1079
3797,126.77,478,boneka-asli,0.6111,80,532,454,802
3797,126.77,479,boneka-asli,0.6974,883,213,1348,901
3797,126.77,484,boneka-asli,0.5708,1373,667,1815,1080
3798,126.81,448,boneka-dummy,0.8416,1472,236,1902,761
3798,126.81,463,boneka-dummy,0.8403,394,297,1022,1079
3798,126.81,464,boneka-asli,0.7060,189,129,589,687
3798,126.81,468,boneka-asli,0.5954,4,497,540,1055
3798,126.81,471,boneka-asli,0.5779,911,808,1315,1079
3798,126.81,479,boneka-asli,0.6974,881,215,1349,903
3799,126.84,448,boneka-dummy,0.8416,1472,237,1904,763
3799,126.84,463,boneka-dummy,0.8403,390,297,1021,1079
3799,126.84,464,boneka-asli,0.7060,187,130,585,686
3799,126.84,468,boneka-asli,0.5954,2,493,541,1067
3799,126.84,471,boneka-asli,0.5779,914,816,1307,1079
3800,126.87,448,boneka-dummy,0.8416,1472,234,1907,764
3800,126.87,463,boneka-dummy,0.8403,383,289,1023,1079
3800,126.87,464,boneka-asli,0.7060,188,127,582,679
3800,126.87,468,boneka-asli,0.5954,1,509,527,1073
3800,126.87,471,boneka-asli,0.5779,922,813,1332,1079
3800,126.87,479,boneka-asli,0.6974,882,211,1346,889
3801,126.91,448,boneka-dummy,0.8416,1472,231,1908,762
3801,126.91,463,boneka-dummy,0.8403,377,278,1027,1079
3801,126.91,464,boneka-asli,0.7060,189,125,580,673
3801,126.91,468,boneka-asli,0.5954,0,523,519,1076
3801,126.91,479,boneka-asli,0.6974,882,208,1344,878
3801,126.91,484,boneka-asli,0.5708,1378,679,1819,1080
3802,126.94,448,boneka-dummy,0.8416,1473,229,1909,759
3802,126.94,463,boneka-dummy,0.8403,372,269,1030,1079
3802,126.94,464,boneka-asli,0.7060,190,123,579,669
3802,126.94,468,boneka-asli,0.5954,0,527,521,1078
3803,126.97,448,boneka-dummy,0.8416,1474,229,1909,758
3803,126.97,463,boneka-dummy,0.8403,368,266,1028,1079
3803,126.97,464,boneka-asli,0.7060,190,123,576,667
3803,126.97,468,boneka-asli,0.5954,0,527,522,1079
3803,126.97,479,boneka-asli,0.6974,880,207,1342,870
3804,127.01,448,boneka-dummy,0.8416,1475,232,1909,759
3804,127.01,463,boneka-dummy,0.8403,364,273,1019,1079
3804,127.01,464,boneka-asli,0.7060,190,125,574,668
3804,127.01,468,boneka-asli,0.5954,0,515,525,1079
3804,127.01,479,boneka-asli,0.6974,874,208,1346,880
3805,127.04,448,boneka-dummy,0.8416,1477,239,1910,763
3805,127.04,463,boneka-dummy,0.8403,361,280,1011,1079
3805,127.04,464,boneka-asli,0.7060,189,131,573,674
3805,127.04,468,boneka-asli,0.5954,0,488,529,1077
3805,127.04,479,boneka-asli,0.6974,864,212,1352,905
3806,127.07,448,boneka-dummy,0.8416,1480,248,1911,769
3806,127.07,463,boneka-dummy,0.8403,359,290,1004,1079
3806,127.07,464,boneka-asli,0.7060,190,138,572,680
3806,127.07,468,boneka-asli,0.5954,0,511,514,1078
3806,127.07,479,boneka-asli,0.6974,859,219,1354,921
3807,127.11,448,boneka-dummy,0.8416,1485,256,1913,773
3807,127.11,463,boneka-dummy,0.8403,365,315,995,1079
3807,127.11,464,boneka-asli,0.7060,195,145,574,685
3807,127.11,468,boneka-asli,0.5954,0,539,493,1079
3807,127.11,471,boneka-asli,0.5779,924,831,1316,1079
3807,127.11,479,boneka-asli,0.6974,856,228,1360,942
3807,127.11,484,boneka-asli,0.5708,1360,686,1803,1080
3808,127.14,448,boneka-dummy,0.8416,1487,263,1916,780
3808,127.14,463,boneka-dummy,0.8403,365,323,994,1079
3808,127.14,464,boneka-asli,0.7060,199,151,577,690
3808,127.14,468,boneka-asli,0.5954,2,562,481,1079
3808,127.14,479,boneka-asli,0.6974,851,237,1370,975
3808,127.14,484,boneka-asli,0.5708,1367,689,1819,1080
3809,127.17,448,boneka-dummy,0.8416,1489,271,1918,791
3809,127.17,463,boneka-dummy,0.8403,371,333,997,1079
3809,127.17,464,boneka-asli,0.7060,205,156,583,697
3809,127.17,468,boneka-asli,0.5954,3,576,472,1079
3809,127.17,479,boneka-asli,0.6974,847,245,1382,1011
3809,127.17,484,boneka-asli,0.5708,1367,690,1829,1080
3810,127.21,448,boneka-dummy,0.8416,1492,277,1919,797
3810,127.21,463,boneka-dummy,0.8403,378,341,1002,1079
3810,127.21,464,boneka-asli,0.7060,214,162,592,704
3810,127.21,468,boneka-asli,0.5954,3,586,465,1079
3810,127.21,484,boneka-asli,0.5708,1353,686,1830,1080
3811,127.24,448,boneka-dummy,0.8416,1494,280,1919,808
3811,127.24,463,boneka-dummy,0.8403,387,345,1013,1079
3811,127.24,464,boneka-asli,0.7060,225,164,601,706
3811,127.24,468,boneka-asli,0.5954,9,590,471,1079
3812,127.27,448,boneka-dummy,0.8416,1494,280,1919,822
3812,127.27,463,boneka-dummy,0.8403,393,340,1028,1079
3812,127.27,464,boneka-asli,0.7060,241,163,614,702
3812,127.27,468,boneka-asli,0.5954,12,590,477,1079
3812,127.27,479,boneka-asli,0.6974,871,249,1405,1017
3813,127.31,448,boneka-dummy,0.8416,1483,277,1919,870
3813,127.31,463,boneka-dummy,0.8403,401,331,1045,1079
3813,127.31,464,boneka-asli,0.7060,256,160,629,699
3813,127.31,479,boneka-asli,0.6974,891,247,1421,1012
3814,127.34,448,boneka-dummy,0.8416,1484,274,1919,890
3814,127.34,463,boneka-dummy,0.8403,412,318,1068,1079
3814,127.34,464,boneka-asli,0.7060,268,157,644,702
3814,127.34,468,boneka-asli,0.5954,12,581,489,1079
3814,127.34,479,boneka-asli,0.6974,910,243,1434,1000
3815,127.37,448,boneka-dummy,0.8416,1488,270,1919,912
3815,127.37,463,boneka-dummy,0.8403,428,310,1091,1079
3815,127.37,464,boneka-asli,0.7060,279,154,655,701
3815,127.37,468,boneka-asli,0.5954,20,577,508,1079
3815,127.37,479,boneka-asli,0.6974,929,236,1441,975
3815,127.37,484,boneka-asli,0.5708,1339,683,1830,1080
3816,127.41,448,boneka-dummy,0.8416,1510,264,1919,877
3816,127.41,463,boneka-dummy,0.8403,439,299,1109,1079
3816,127.41,464,boneka-asli,0.7060,292,149,665,693
3816,127.41,468,boneka-asli,0.5954,29,570,530,1079
3816,127.41,471,boneka-asli,0.5779,955,830,1354,1079
3816,127.41,479,boneka-asli,0.6974,951,230,1445,939
3817,127.44,448,boneka-dummy,0.8416,1529,259,1919,841
3817,127.44,463,boneka-dummy,0.8403,447,288,1123,1079
3817,127.44,464,boneka-asli,0.7060,304,144,674,686
3817,127.44,468,boneka-asli,0.5954,30,561,548,1079
3817,127.44,471,boneka-asli,0.5779,968,817,1387,1078
3817,127.44,484,boneka-asli,0.5708,1402,679,1867,1052
3818,127.47,448,boneka-dummy,0.8416,1526,255,1919,870
3818,127.47,463,boneka-dummy,0.8403,455,281,1134,1079
3818,127.47,464,boneka-asli,0.7060,315,142,683,682
3818,127.47,468,boneka-asli,0.5954,51,596,550,1079
3818,127.47,471,boneka-asli,0.5779,978,809,1406,1078
3818,127.47,479,boneka-asli,0.6974,961,222,1453,926
3818,127.47,484,boneka-asli,0.5708,1452,677,1893,1034
3819,127.51,448,boneka-dummy,0.8416,1522,253,1919,906
3819,127.51,463,boneka-dummy,0.8403,462,277,1143,1079
3819,127.51,464,boneka-asli,0.7060,328,142,691,677
3819,127.51,468,boneka-asli,0.5954,70,635,547,1079
3819,127.51,471,boneka-asli,0.5779,977,802,1413,1077
3819,127.51,479,boneka-asli,0.6974,971,218,1459,915
3820,127.54,448,boneka-dummy,0.8416,1524,251,1919,921
3820,127.54,463,boneka-dummy,0.8403,467,274,1148,1079
3820,127.54,464,boneka-asli,0.7060,339,141,698,673
3820,127.54,468,boneka-asli,0.5954,57,615,568,1079
3821,127.57,448,boneka-dummy,0.8416,1527,247,1919,936
3821,127.57,463,boneka-dummy,0.8403,467,267,1152,1079
3821,127.57,464,boneka-asli,0.7060,345,137,707,676
3821,127.57,468,boneka-asli,0.5954,37,592,582,1079
3821,127.57,479,boneka-asli,0.6974,982,212,1465,900
3822,127.61,448,boneka-dummy,0.8416,1537,245,1919,930
3822,127.61,463,boneka-dummy,0.8403,468,261,1155,1079
3822,127.61,464,boneka-asli,0.7060,352,135,714,676
3822,127.61,468,boneka-asli,0.5954,25,572,596,1079
3822,127.61,479,boneka-asli,0.6974,991,209,1468,886
3823,127.64,448,boneka-dummy,0.8416,1549,246,1919,911
3823,127.64,463,boneka-dummy,0.8403,475,263,1160,1079
3823,127.64,479,boneka-asli,0.6974,1000,208,1471,870
3824,127.67,448,boneka-dummy,0.8416,1563,248,1919,888
3824,127.67,463,boneka-dummy,0.8403,480,267,1163,1079
3824,127.67,479,boneka-asli,0.6974,1009,209,1474,858
3825,127.71,448,boneka-dummy,0.8416,1567,246,1919,891
3825,127.71,463,boneka-dummy,0.8403,490,268,1170,1079
3825,127.71,464,boneka-asli,0.7060,366,140,725,677
3825,127.71,468,boneka-asli,0.5954,31,557,626,1079
3825,127.71,479,boneka-asli,0.6974,1013,210,1480,854
3826,127.74,448,boneka-dummy,0.8416,1568,243,1919,904
3826,127.74,463,boneka-dummy,0.8403,499,268,1177,1079
3826,127.74,464,boneka-asli,0.7060,378,142,733,677
3826,127.74,468,boneka-asli,0.5954,26,552,631,1079
3826,127.74,479,boneka-asli,0.6974,1014,210,1488,860
3827,127.77,448,boneka-dummy,0.8416,1568,240,1919,923
3827,127.77,463,boneka-dummy,0.8403,507,266,1184,1079
3827,127.77,464,boneka-asli,0.7060,386,144,742,684
3827,127.77,468,boneka-asli,0.5954,25,547,642,1079
3827,127.77,479,boneka-asli,0.6974,1015,208,1497,869
3828,127.81,448,boneka-dummy,0.8416,1571,237,1919,941
3828,127.81,463,boneka-dummy,0.8403,520,266,1195,1079
3828,127.81,464,boneka-asli,0.7060,396,145,750,684
3828,127.81,468,boneka-asli,0.5954,28,541,659,1079
3828,127.81,479,boneka-asli,0.6974,1014,207,1511,887
3829,127.84,448,boneka-dummy,0.8416,1578,236,1919,960
3829,127.84,463,boneka-dummy,0.8403,532,266,1204,1079
3829,127.84,464,boneka-asli,0.7060,408,147,758,684
3829,127.84,468,boneka-asli,0.5954,34,545,668,1079
3830,127.87,448,boneka-dummy,0.8416,1612,280,1919,910
3830,127.87,463,boneka-dummy,0.8403,545,268,1213,1079
3830,127.87,464,boneka-asli,0.7060,421,149,768,683
3830,127.87,468,boneka-asli,0.5954,40,549,680,1079
3830,127.87,479,boneka-asli,0.6974,1030,207,1523,881
3831,127.91,448,boneka-dummy,0.8416,1644,293,1919,837
3831,127.91,463,boneka-dummy,0.8403,552,266,1220,1079
3831,127.91,464,boneka-asli,0.7060,435,149,778,681
3831,127.91,479,boneka-asli,0.6974,1045,206,1529,866
3831,127.91,484,boneka-asli,0.5708,1467,664,1906,1056
3832,127.94,448,boneka-dummy,0.8416,1658,287,1919,811
3832,127.94,463,boneka-dummy,0.8403,560,262,1229,1079
3832,127.94,464,boneka-asli,0.7060,445,149,788,681
3832,127.94,468,boneka-asli,0.5954,39,552,684,1079
3832,127.94,479,boneka-asli,0.6974,1044,205,1553,902
3832,127.94,484,boneka-asli,0.5708,1475,652,1913,1068
3833,127.97,448,boneka-dummy,0.8416,1675,307,1919,801
3833,127.97,463,boneka-dummy,0.8403,569,259,1240,1079
3833,127.97,464,boneka-asli,0.7060,455,148,797,682
3833,127.97,468,boneka-asli,0.5954,34,550,689,1079
3833,127.97,479,boneka-asli,0.6974,1051,203,1574,926
3833,127.97,484,boneka-asli,0.5708,1464,638,1916,1074
3834,128.01,448,boneka-dummy,0.8416,1694,329,1919,782
3834,128.01,463,boneka-dummy,0.8403,587,261,1254,1079
3834,128.01,464,boneka-asli,0.7060,466,150,807,682
3834,128.01,468,boneka-asli,0.5954,37,550,701,1079
3834,128.01,479,boneka-asli,0.6974,1069,204,1582,917
3834,128.01,484,boneka-asli,0.5708,1469,636,1918,1077
3835,128.04,448,boneka-dummy,0.8416,1714,347,1919,759
3835,128.04,463,boneka-dummy,0.8403,609,269,1268,1080
3835,128.04,464,boneka-asli,0.7060,481,152,819,681
3835,128.04,468,boneka-asli,0.5954,42,549,718,1079
3835,128.04,479,boneka-asli,0.6974,1084,207,1598,922
3836,128.07,463,boneka-dummy,0.8403,627,277,1278,1080
3836,128.07,464,boneka-asli,0.7060,497,155,833,680
3836,128.07,468,boneka-asli,0.5954,48,545,739,1079
3836,128.07,479,boneka-asli,0.6974,1110,209,1609,903
3837,128.11,463,boneka-dummy,0.8403,648,287,1289,1080
3837,128.11,464,boneka-asli,0.7060,518,159,850,679
3837,128.11,479,boneka-asli,0.6974,1132,212,1621,888
3838,128.14,463,boneka-dummy,0.8403,665,292,1303,1080
3838,128.14,464,boneka-asli,0.7060,537,164,867,679
3838,128.14,479,boneka-asli,0.6974,1148,214,1632,881
3839,128.17,463,boneka-dummy,0.8403,682,296,1317,1080
3839,128.17,464,boneka-asli,0.7060,552,166,880,680
3839,128.17,479,boneka-asli,0.6974,1168,214,1647,871
3840,128.21,463,boneka-dummy,0.8403,701,296,1336,1080
3840,128.21,464,boneka-asli,0.7060,570,165,896,674
3840,128.21,468,boneka-asli,0.5954,67,553,763,1079
3840,128.21,479,boneka-asli,0.6974,1185,214,1660,861
3841,128.24,463,boneka-dummy,0.8403,720,293,1356,1080
3841,128.24,464,boneka-asli,0.7060,589,163,916,670
3841,128.24,468,boneka-asli,0.5954,75,553,788,1079
3841,128.24,479,boneka-asli,0.6974,1200,211,1683,866
3842,128.27,463,boneka-dummy,0.8403,739,293,1375,1080
3842,128.27,464,boneka-asli,0.7060,607,162,931,664
3842,128.27,468,boneka-asli,0.5954,92,552,819,1079
3842,128.27,479,boneka-asli,0.6974,1211,209,1709,883
3843,128.31,463,boneka-dummy,0.8403,754,295,1390,1080
3843,128.31,464,boneka-asli,0.7060,624,162,947,660
3843,128.31,468,boneka-asli,0.5954,106,557,830,1072
3843,128.31,479,boneka-asli,0.6974,1221,206,1727,892
3844,128.34,463,boneka-dummy,0.8403,768,291,1408,1080
3844,128.34,464,boneka-asli,0.7060,639,161,966,663
3844,128.34,479,boneka-asli,0.6974,1227,205,1754,922
3845,128.37,463,boneka-dummy,0.8403,787,288,1430,1080
3845,128.37,464,boneka-asli,0.7060,652,160,981,666
3845,128.37,479,boneka-asli,0.6974,1246,202,1773,922
3846,128.41,463,boneka-dummy,0.8403,805,284,1450,1080
3846,128.41,464,boneka-asli,0.7060,664,158,997,668
3846,128.41,468,boneka-asli,0.5954,118,557,856,1074
3846,128.41,479,boneka-asli,0.6974,1257,199,1800,943
3847,128.44,463,boneka-dummy,0.8403,821,279,1470,1080
3847,128.44,464,boneka-asli,0.7060,677,156,1012,669
3847,128.44,468,boneka-asli,0.5954,70,558,810,1077
3847,128.44,479,boneka-asli,0.6974,1282,196,1813,923
3848,128.48,463,boneka-dummy,0.8403,833,271,1486,1080
3848,128.48,464,boneka-asli,0.7060,690,153,1027,670
3848,128.48,479,boneka-asli,0.6974,1308,190,1823,893
3849,128.51,463,boneka-dummy,0.8403,843,264,1501,1080
3849,128.51,464,boneka-asli,0.7060,703,149,1042,670
3849,128.51,468,boneka-asli,0.5954,80,635,731,1078
3849,128.51,479,boneka-asli,0.6974,1325,184,1836,877
3850,128.54,463,boneka-dummy,0.8403,854,258,1514,1080
3850,128.54,464,boneka-asli,0.7060,718,146,1058,669
3850,128.54,468,boneka-asli,0.5954,89,691,681,1079
3850,128.54,479,boneka-asli,0.6974,1340,179,1851,871
3851,128.58,463,boneka-dummy,0.8403,866,254,1529,1080
3851,128.58,464,boneka-asli,0.7060,731,143,1073,670
3851,128.58,468,boneka-asli,0.5954,99,723,665,1079
3851,128.58,479,boneka-asli,0.6974,1354,173,1872,872
3852,128.61,463,boneka-dummy,0.8403,878,250,1542,1080
3852,128.61,464,boneka-asli,0.7060,743,140,1083,665
3852,128.61,468,boneka-asli,0.5954,124,742,677,1079
3852,128.61,479,boneka-asli,0.6974,1366,166,1893,877
3852,128.61,484,boneka-asli,0.5708,1461,687,1889,1078
3853,128.64,463,boneka-dummy,0.8403,890,246,1555,1080
3853,128.64,464,boneka-asli,0.7060,755,138,1093,660
3853,128.64,468,boneka-asli,0.5954,163,750,710,1079
3853,128.64,479,boneka-asli,0.6974,1372,161,1906,890
3854,128.68,463,boneka-dummy,0.8403,904,248,1566,1080
3854,128.68,464,boneka-asli,0.7060,765,136,1101,652
3854,128.68,468,boneka-asli,0.5954,192,753,738,1079
3854,128.68,479,boneka-asli,0.6974,1386,157,1913,876
3855,128.71,463,boneka-dummy,0.8403,914,246,1576,1080
3855,128.71,464,boneka-asli,0.7060,776,134,1110,647
3855,128.71,468,boneka-asli,0.5954,219,760,759,1079
3855,128.71,479,boneka-asli,0.6974,1400,154,1915,851
3856,128.74,463,boneka-dummy,0.8403,925,241,1590,1080
3856,128.74,479,boneka-asli,0.6974,1409,153,1912,827
3857,128.78,463,boneka-dummy,0.8403,932,233,1602,1080
3857,128.78,468,boneka-asli,0.5954,184,751,753,1079
3857,128.78,479,boneka-asli,0.6974,1410,147,1906,806
