frame,timestamp_sec,class,confidence,x1,y1,x2,y2
9,0.30,boneka-dummy,0.6674,0,0,537,1079
40,1.34,boneka-dummy,0.6314,0,0,536,578
68,2.27,boneka-dummy,0.5330,0,0,424,867
69,2.30,boneka-dummy,0.5426,0,0,465,857
70,2.34,boneka-asli,0.6053,1739,330,1919,1035
71,2.37,boneka-dummy,0.6754,1,0,550,833
90,3.00,boneka-asli,0.6338,13,75,213,251
90,3.00,boneka-dummy,0.5531,1509,0,1920,183
91,3.04,boneka-asli,0.6591,55,69,262,243
91,3.04,boneka-dummy,0.5464,1550,0,1919,183
92,3.07,boneka-asli,0.6699,98,62,306,243
93,3.11,boneka-asli,0.6685,147,60,342,229
94,3.14,boneka-dummy,0.5491,17,208,386,482
95,3.17,boneka-asli,0.6745,238,44,434,213
96,3.21,boneka-asli,0.5795,297,40,484,198
97,3.24,boneka-asli,0.6176,345,22,529,192
97,3.24,boneka-asli,0.5164,914,0,1622,638
98,3.27,boneka-asli,0.6604,401,13,580,166
99,3.31,boneka-asli,0.6763,461,5,627,165
101,3.37,boneka-dummy,0.6162,1419,803,1919,1080
101,3.37,boneka-asli,0.5378,138,391,364,564
102,3.41,boneka-dummy,0.5835,1481,816,1918,1080
102,3.41,boneka-dummy,0.5357,1114,964,1498,1080
103,3.44,boneka-dummy,0.5929,1507,805,1918,1077
103,3.44,boneka-asli,0.5192,261,356,452,529
104,3.47,boneka-dummy,0.6212,1573,794,1916,1071
105,3.51,boneka-dummy,0.6071,1617,793,1920,1070
105,3.51,boneka-dummy,0.6062,1242,923,1627,1074
113,3.77,boneka-asli,0.6584,1609,0,1918,520
114,3.81,boneka-asli,0.7229,1661,0,1919,506
115,3.84,boneka-asli,0.6750,1710,0,1919,503
115,3.84,boneka-dummy,0.5091,0,12,321,199
116,3.87,boneka-dummy,0.7377,0,6,375,195
116,3.87,boneka-asli,0.6385,1756,0,1919,513
116,3.87,boneka-asli,0.5153,920,194,1107,362
117,3.91,boneka-dummy,0.8383,2,2,411,184
117,3.91,boneka-dummy,0.6353,1235,0,1501,157
117,3.91,boneka-asli,0.6093,978,183,1165,349
117,3.91,boneka-asli,0.5615,0,640,648,1080
117,3.91,boneka-dummy,0.5113,343,795,1072,1080
118,3.94,boneka-dummy,0.8235,2,0,461,180
119,3.97,boneka-dummy,0.7908,39,0,519,168
120,4.01,boneka-dummy,0.7958,80,0,564,162
120,4.01,boneka-asli,0.6427,1,604,718,1080
120,4.01,boneka-asli,0.6144,1150,156,1342,318
121,4.04,boneka-dummy,0.7734,144,0,614,156
121,4.04,boneka-asli,0.5662,0,596,693,1080
122,4.07,boneka-dummy,0.7476,211,0,659,153
122,4.07,boneka-asli,0.6924,1268,147,1453,308
122,4.07,boneka-asli,0.5864,0,597,717,1074
123,4.11,boneka-dummy,0.7590,257,0,699,150
124,4.14,boneka-dummy,0.7627,309,0,740,142
125,4.17,boneka-dummy,0.7443,360,0,783,139
125,4.17,boneka-asli,0.5277,100,603,822,1080
126,4.21,boneka-dummy,0.7400,410,0,823,136
126,4.21,boneka-asli,0.6350,1498,129,1709,297
127,4.24,boneka-dummy,0.7551,459,0,866,135
127,4.24,boneka-asli,0.6530,244,578,863,1080
127,4.24,boneka-asli,0.5470,1560,120,1769,297
128,4.27,boneka-asli,0.7902,0,249,162,821
128,4.27,boneka-dummy,0.7515,503,0,916,134
128,4.27,boneka-asli,0.7009,1610,118,1852,296
129,4.31,boneka-dummy,0.7404,549,0,957,133
129,4.31,boneka-asli,0.6657,0,245,180,803
129,4.31,boneka-asli,0.6218,406,583,985,1080
129,4.31,boneka-asli,0.6177,1679,118,1911,297
129,4.31,boneka-asli,0.5158,792,690,1341,1080
130,4.34,boneka-dummy,0.7381,592,0,1007,129
130,4.34,boneka-dummy,0.6535,0,229,235,820
131,4.37,boneka-dummy,0.6957,636,1,1051,123
131,4.37,boneka-dummy,0.6043,0,222,293,783
132,4.41,boneka-asli,0.8678,1,213,337,749
132,4.41,boneka-dummy,0.6573,682,2,1096,118
133,4.44,boneka-asli,0.8764,1,203,383,734
133,4.44,boneka-dummy,0.5623,721,1,1142,112
134,4.47,boneka-asli,0.8045,34,198,438,722
135,4.51,boneka-asli,0.8185,94,190,482,712
135,4.51,boneka-asli,0.5042,1299,693,1641,989
136,4.54,boneka-asli,0.6429,126,181,535,696
136,4.54,boneka-asli,0.5538,0,450,357,1080
137,4.57,boneka-asli,0.8124,189,172,575,688
138,4.61,boneka-asli,0.7144,225,156,627,676
138,4.61,boneka-asli,0.5487,847,582,1466,1080
138,4.61,boneka-asli,0.5486,0,370,409,870
139,4.64,boneka-asli,0.7261,273,152,665,670
139,4.64,boneka-asli,0.6886,0,351,516,1080
140,4.67,boneka-asli,0.8303,332,148,716,663
140,4.67,boneka-asli,0.6056,0,341,524,1080
140,4.67,boneka-dummy,0.5376,745,599,1143,1052
140,4.67,boneka-asli,0.5128,951,649,1569,1080
141,4.71,boneka-asli,0.7967,368,144,750,661
141,4.71,boneka-asli,0.5242,0,360,569,1080
142,4.74,boneka-asli,0.8038,413,146,784,661
142,4.74,boneka-asli,0.6378,1,343,591,1046
143,4.77,boneka-asli,0.7423,458,148,821,661
144,4.81,boneka-asli,0.6539,489,149,854,660
144,4.81,boneka-asli,0.5506,1,343,663,996
144,4.81,boneka-asli,0.5178,999,552,1616,1080
145,4.84,boneka-asli,0.7231,517,142,885,655
145,4.84,boneka-asli,0.6464,0,328,710,1072
145,4.84,boneka-asli,0.5073,559,849,995,1068
146,4.87,boneka-asli,0.7252,553,141,916,653
147,4.91,boneka-asli,0.6121,620,853,1049,1068
147,4.91,boneka-asli,0.5065,574,139,945,650
148,4.94,boneka-asli,0.5571,585,135,958,651
149,4.97,boneka-asli,0.6558,0,254,808,1080
149,4.97,boneka-asli,0.6541,605,135,978,649
149,4.97,boneka-asli,0.5875,1290,570,1736,794
149,4.97,boneka-asli,0.5338,1339,565,1920,1080
149,4.97,boneka-asli,0.5146,660,859,1081,1068
150,5.01,boneka-asli,0.6828,0,281,812,1080
150,5.01,boneka-asli,0.6193,633,135,1008,648
150,5.01,boneka-asli,0.5786,679,860,1088,1071
150,5.01,boneka-dummy,0.5501,636,135,1009,646
151,5.04,boneka-asli,0.6870,0,219,801,1080
151,5.04,boneka-asli,0.6320,645,135,1011,651
151,5.04,boneka-asli,0.6135,1358,611,1920,1080
151,5.04,boneka-asli,0.5328,685,865,1097,1073
151,5.04,boneka-asli,0.5187,1261,566,1787,821
152,5.07,boneka-asli,0.7338,654,134,1019,653
152,5.07,boneka-asli,0.6817,0,237,840,1080
152,5.07,boneka-asli,0.6004,1366,583,1920,1080
153,5.11,boneka-asli,0.6978,0,152,855,1080
153,5.11,boneka-asli,0.5686,715,864,1125,1080
153,5.11,boneka-asli,0.5141,666,137,1048,654
154,5.14,boneka-asli,0.6961,0,150,858,1080
154,5.14,boneka-dummy,0.6293,685,133,1052,649
154,5.14,boneka-asli,0.6194,1383,591,1919,1080
154,5.14,boneka-asli,0.6132,728,866,1140,1080
154,5.14,boneka-asli,0.5772,682,133,1061,661
155,5.18,boneka-asli,0.6176,685,123,1067,652
155,5.18,boneka-dummy,0.6100,688,123,1066,647
155,5.18,boneka-asli,0.5940,0,247,859,1080
155,5.18,boneka-asli,0.5601,737,863,1154,1080
156,5.21,boneka-asli,0.6493,708,120,1088,649
156,5.21,boneka-asli,0.5750,757,867,1168,1080
156,5.21,boneka-asli,0.5208,1322,585,1908,1080
157,5.24,boneka-dummy,0.6847,731,121,1107,639
157,5.24,boneka-asli,0.6491,1,87,880,1080
157,5.24,boneka-asli,0.6252,771,870,1188,1080
157,5.24,boneka-asli,0.6026,1409,577,1919,1080
158,5.28,boneka-asli,0.7659,1385,575,1920,1080
158,5.28,boneka-dummy,0.6707,749,112,1129,640
158,5.28,boneka-asli,0.5270,779,874,1211,1080
159,5.31,boneka-asli,0.5909,1512,605,1919,1080
159,5.31,boneka-asli,0.5759,2,191,908,1080
159,5.31,boneka-asli,0.5614,825,872,1230,1080
160,5.34,boneka-asli,0.6645,780,98,1157,636
160,5.34,boneka-asli,0.6287,836,868,1254,1080
160,5.34,boneka-dummy,0.5485,1449,569,1919,968
160,5.34,boneka-asli,0.5274,1342,630,1920,1080
160,5.34,boneka-asli,0.5010,1479,581,1918,920
161,5.38,boneka-asli,0.7592,789,87,1184,622
161,5.38,boneka-asli,0.6030,847,860,1278,1080
161,5.38,boneka-asli,0.5785,1333,591,1920,1080
162,5.41,boneka-asli,0.7753,808,79,1208,614
162,5.41,boneka-asli,0.6792,1373,605,1920,1080
162,5.41,boneka-asli,0.6187,861,864,1298,1080
162,5.41,boneka-asli,0.5482,2,164,1012,1080
163,5.44,boneka-asli,0.7395,829,63,1220,607
163,5.44,boneka-asli,0.5048,907,829,1327,1078
164,5.48,boneka-asli,0.6449,854,53,1236,600
164,5.48,boneka-dummy,0.6367,1342,563,1919,1080
164,5.48,boneka-asli,0.6069,1460,573,1919,1080
164,5.48,boneka-asli,0.5573,915,829,1354,1078
165,5.51,boneka-dummy,0.5269,1357,554,1919,1080
166,5.54,boneka-asli,0.7497,879,46,1268,599
166,5.54,boneka-asli,0.6165,941,831,1391,1079
167,5.58,boneka-asli,0.7095,880,40,1283,596
167,5.58,boneka-asli,0.5104,955,836,1409,1080
168,5.61,boneka-asli,0.7477,887,34,1300,594
168,5.61,boneka-asli,0.5960,951,833,1430,1080
168,5.61,boneka-asli,0.5091,1454,593,1919,1080
169,5.64,boneka-asli,0.5854,994,831,1452,1080
169,5.64,boneka-asli,0.5787,915,28,1305,592
171,5.71,boneka-asli,0.5797,991,823,1479,1079
172,5.74,boneka-dummy,0.6632,1701,528,1919,1080
172,5.74,boneka-asli,0.6017,1029,828,1495,1080
173,5.78,boneka-asli,0.5834,1030,826,1502,1080
174,5.81,boneka-asli,0.5777,1729,532,1919,1080
174,5.81,boneka-asli,0.5303,1044,834,1516,1080
175,5.84,boneka-asli,0.6598,1719,617,1919,1080
175,5.84,boneka-asli,0.5728,1036,845,1547,1080
176,5.88,boneka-asli,0.5788,1053,863,1539,1080
176,5.88,boneka-asli,0.5459,1702,624,1919,1080
176,5.88,boneka-dummy,0.5242,972,18,1371,596
177,5.91,boneka-asli,0.5643,974,19,1370,603
177,5.91,boneka-asli,0.5332,1008,874,1546,1080
178,5.94,boneka-asli,0.6397,975,25,1377,617
178,5.94,boneka-asli,0.5392,1089,887,1556,1080
179,5.98,boneka-asli,0.6470,977,26,1376,624
179,5.98,boneka-asli,0.5701,1095,899,1574,1078
180,6.01,boneka-asli,0.5871,978,29,1381,630
180,6.01,boneka-asli,0.5500,1077,896,1600,1078
181,6.04,boneka-dummy,0.5344,980,33,1386,632
182,6.08,boneka-asli,0.5147,979,27,1381,637
183,6.11,boneka-asli,0.6840,974,28,1385,641
184,6.14,boneka-asli,0.6150,964,38,1382,645
184,6.14,boneka-asli,0.5412,1536,693,1918,913
185,6.18,boneka-asli,0.6809,958,42,1378,653
186,6.21,boneka-asli,0.6211,944,54,1375,662
187,6.24,boneka-asli,0.5968,1583,699,1919,1080
187,6.24,boneka-asli,0.5505,938,62,1361,668
188,6.28,boneka-asli,0.7243,1580,704,1919,1080
188,6.28,boneka-asli,0.5820,922,60,1353,675
189,6.31,boneka-asli,0.5173,1558,709,1918,1080
190,6.34,boneka-asli,0.5511,891,65,1335,684
191,6.38,boneka-asli,0.6413,880,72,1330,686
191,6.38,boneka-asli,0.5993,1535,602,1920,1080
192,6.41,boneka-asli,0.6409,1480,718,1920,1080
193,6.44,boneka-asli,0.6951,1479,702,1920,1080
193,6.44,boneka-asli,0.5033,1419,737,1798,954
194,6.48,boneka-asli,0.6471,1437,692,1920,1080
194,6.48,boneka-asli,0.5818,841,91,1274,692
195,6.51,boneka-asli,0.5267,1381,754,1770,962
196,6.54,boneka-asli,0.5244,1364,768,1714,969
196,6.54,boneka-asli,0.5124,787,107,1228,704
197,6.58,boneka-asli,0.6220,1491,690,1919,1077
197,6.58,boneka-asli,0.5247,767,114,1206,713
198,6.61,boneka-asli,0.6531,1490,706,1920,1080
199,6.64,boneka-asli,0.6532,1497,692,1917,1080
200,6.68,boneka-asli,0.6170,1511,673,1919,1080
200,6.68,boneka-asli,0.5041,1270,789,1703,1001
201,6.71,boneka-asli,0.7333,1509,712,1919,1080
201,6.71,boneka-asli,0.6310,679,134,1119,732
202,6.74,boneka-asli,0.6687,1469,690,1919,1080
202,6.74,boneka-asli,0.5633,1225,787,1676,1010
203,6.78,boneka-asli,0.6943,1346,713,1919,1080
203,6.78,boneka-asli,0.6381,640,153,1081,754
204,6.81,boneka-asli,0.6970,1383,708,1919,1080
204,6.81,boneka-asli,0.6317,615,153,1054,762
204,6.81,boneka-asli,0.5046,1186,794,1628,1035
205,6.84,boneka-asli,0.7157,1349,711,1919,1080
205,6.84,boneka-asli,0.5877,587,164,1035,770
206,6.88,boneka-asli,0.6642,1291,738,1919,1080
206,6.88,boneka-asli,0.6440,0,325,723,1080
206,6.88,boneka-asli,0.5247,1147,832,1585,1063
207,6.91,boneka-asli,0.7341,1,332,703,1080
207,6.91,boneka-asli,0.6384,1195,741,1911,1080
207,6.91,boneka-asli,0.5090,543,179,1000,794
207,6.91,boneka-dummy,0.5044,1336,2,1802,124
208,6.94,boneka-asli,0.6972,1334,739,1887,1080
208,6.94,boneka-asli,0.5661,1110,836,1530,1074
208,6.94,boneka-dummy,0.5237,1304,2,1787,127
209,6.98,boneka-asli,0.6957,0,357,679,1080
209,6.98,boneka-asli,0.6662,1315,743,1883,1080
209,6.98,boneka-asli,0.6345,1083,846,1529,1080
209,6.98,boneka-dummy,0.5982,488,198,944,802
209,6.98,boneka-dummy,0.5563,1300,3,1778,134
210,7.01,boneka-asli,0.7149,0,398,627,1080
210,7.01,boneka-asli,0.6665,1259,756,1871,1080
210,7.01,boneka-dummy,0.5856,1269,1,1730,134
211,7.04,boneka-asli,0.8337,0,409,597,1080
211,7.04,boneka-asli,0.6367,1094,762,1847,1080
211,7.04,boneka-dummy,0.5986,1247,1,1706,135
211,7.04,boneka-asli,0.5600,439,204,892,821
212,7.08,boneka-dummy,0.6296,1214,1,1676,135
212,7.08,boneka-asli,0.5775,1180,752,1818,1080
212,7.08,boneka-dummy,0.5381,391,209,850,829
212,7.08,boneka-asli,0.5220,1001,858,1445,1080
213,7.11,boneka-asli,0.6185,1157,740,1802,1080
213,7.11,boneka-dummy,0.6142,1181,1,1621,135
214,7.14,boneka-dummy,0.6567,1149,2,1593,132
214,7.14,boneka-asli,0.5856,946,753,1755,1080
215,7.18,boneka-asli,0.6665,275,206,749,836
215,7.18,boneka-asli,0.5725,981,742,1703,1080
215,7.18,boneka-dummy,0.5625,1113,1,1563,129
215,7.18,boneka-asli,0.5154,888,853,1345,1080
216,7.21,boneka-asli,0.6790,235,200,705,843
216,7.21,boneka-asli,0.6031,900,722,1680,1080
216,7.21,boneka-dummy,0.5288,1067,0,1528,131
217,7.25,boneka-asli,0.6897,802,713,1632,1080
217,7.25,boneka-dummy,0.5738,175,205,671,852
217,7.25,boneka-dummy,0.5057,1021,1,1488,130
218,7.28,boneka-asli,0.5575,130,208,622,857
218,7.28,boneka-asli,0.5533,764,722,1615,1080
219,7.31,boneka-dummy,0.8273,92,209,578,866
219,7.31,boneka-asli,0.5867,738,741,1557,1080
220,7.35,boneka-asli,0.5943,834,722,1541,1080
220,7.35,boneka-asli,0.5223,59,206,547,872
221,7.38,boneka-dummy,0.7136,9,206,511,875
221,7.38,boneka-asli,0.6158,764,710,1510,1080
222,7.41,boneka-asli,0.6363,842,710,1477,1080
222,7.41,boneka-dummy,0.5552,0,200,482,880
222,7.41,boneka-dummy,0.5287,853,2,1299,133
223,7.45,boneka-asli,0.6994,706,711,1434,1080
223,7.45,boneka-dummy,0.6736,822,2,1251,133
223,7.45,boneka-asli,0.5631,0,200,462,891
223,7.45,boneka-dummy,0.5350,0,203,463,887
224,7.48,boneka-dummy,0.6400,790,0,1243,135
224,7.48,boneka-dummy,0.5747,0,209,429,897
224,7.48,boneka-asli,0.5514,800,702,1408,1080
225,7.51,boneka-dummy,0.7031,762,0,1219,140
225,7.51,boneka-asli,0.6547,800,707,1366,1080
225,7.51,boneka-dummy,0.6042,0,220,397,915
225,7.51,boneka-asli,0.5617,0,216,390,919
226,7.55,boneka-dummy,0.7457,0,221,367,956
226,7.55,boneka-dummy,0.6875,731,0,1181,142
226,7.55,boneka-asli,0.5184,0,218,368,947
227,7.58,boneka-dummy,0.7911,703,0,1147,153
227,7.58,boneka-dummy,0.6556,0,231,351,956
227,7.58,boneka-asli,0.6275,425,0,556,103
227,7.58,boneka-asli,0.5958,614,710,1344,1080
228,7.61,boneka-dummy,0.8098,673,0,1146,156
228,7.61,boneka-asli,0.6712,395,0,527,116
228,7.61,boneka-asli,0.6616,0,251,322,996
228,7.61,boneka-asli,0.6273,699,742,1271,1080
229,7.65,boneka-dummy,0.8565,646,0,1127,171
229,7.65,boneka-asli,0.7137,0,269,295,1034
229,7.65,boneka-asli,0.6261,744,756,1304,1080
229,7.65,boneka-asli,0.5678,367,0,503,132
230,7.68,boneka-asli,0.8175,0,302,282,1055
230,7.68,boneka-dummy,0.6548,631,10,1099,196
230,7.68,boneka-asli,0.5981,752,789,1292,1080
231,7.71,boneka-asli,0.7422,0,331,280,1080
231,7.71,boneka-dummy,0.5827,618,28,1080,210
231,7.71,boneka-asli,0.5153,685,816,1290,1080
232,7.75,boneka-dummy,0.8046,625,55,1082,245
232,7.75,boneka-asli,0.6216,753,827,1281,1080
232,7.75,boneka-dummy,0.6104,0,371,289,1080
232,7.75,boneka-asli,0.5825,0,376,285,1080
233,7.78,boneka-dummy,0.7813,0,409,323,1080
233,7.78,boneka-dummy,0.7141,641,89,1058,282
233,7.78,boneka-asli,0.6763,827,876,1309,1079
233,7.78,boneka-asli,0.6390,337,0,494,260
233,7.78,boneka-dummy,0.6371,1589,0,1754,53
234,7.81,boneka-dummy,0.8754,0,456,359,1080
235,7.85,boneka-dummy,0.7154,0,513,404,1080
235,7.85,boneka-asli,0.6376,0,509,402,1080
236,7.88,boneka-asli,0.8966,0,580,431,1080
236,7.88,boneka-dummy,0.6030,0,12,540,407
237,7.91,boneka-asli,0.8925,0,653,466,1080
237,7.91,boneka-asli,0.7202,1581,0,1738,223
238,7.95,boneka-asli,0.8103,8,715,528,1080
238,7.95,boneka-dummy,0.6352,771,310,1247,538
238,7.95,boneka-asli,0.5115,1620,47,1783,267
239,7.98,boneka-asli,0.7250,29,792,566,1079
239,7.98,boneka-asli,0.6069,1654,89,1800,319
239,7.98,boneka-asli,0.5819,1215,0,1326,187
240,8.01,boneka-asli,0.7111,1688,148,1836,364
240,8.01,boneka-asli,0.5935,157,870,607,1080
240,8.01,boneka-dummy,0.5412,857,431,1345,652
241,8.05,boneka-asli,0.5998,1717,191,1863,409
241,8.05,boneka-dummy,0.5481,909,479,1372,695
241,8.05,boneka-asli,0.5230,167,924,640,1080
242,8.08,boneka-dummy,0.7026,939,546,1403,731
242,8.08,boneka-asli,0.5041,233,1003,660,1080
243,8.11,boneka-dummy,0.6720,972,566,1450,737
244,8.15,boneka-dummy,0.6549,1015,554,1467,735
248,8.28,boneka-asli,0.7754,436,815,818,1078
249,8.31,boneka-asli,0.7995,451,761,852,1080
250,8.35,boneka-asli,0.7026,455,716,909,1080
250,8.35,boneka-dummy,0.6650,1168,324,1666,539
250,8.35,boneka-dummy,0.5832,1604,431,1918,767
251,8.38,boneka-asli,0.7851,450,675,908,1080
251,8.38,boneka-dummy,0.6183,1210,286,1716,500
251,8.38,boneka-dummy,0.5467,1110,0,1601,164
252,8.41,boneka-asli,0.8259,420,625,930,1080
252,8.41,boneka-dummy,0.6971,1359,247,1772,470
253,8.45,boneka-asli,0.8118,461,589,933,1080
253,8.45,boneka-dummy,0.6016,1266,211,1796,434
254,8.48,boneka-dummy,0.7261,1402,173,1817,397
254,8.48,boneka-asli,0.6238,470,555,969,1080
255,8.51,boneka-asli,0.7919,481,505,989,1080
255,8.51,boneka-dummy,0.6327,1427,129,1869,375
256,8.55,boneka-asli,0.7717,503,461,1012,1080
256,8.55,boneka-dummy,0.7648,1370,52,1919,358
257,8.58,boneka-dummy,0.7551,1426,0,1919,316
257,8.58,boneka-asli,0.6935,522,409,1036,1075
258,8.61,boneka-asli,0.8195,539,366,1069,1014
258,8.61,boneka-dummy,0.8144,1459,0,1919,310
259,8.65,boneka-dummy,0.7454,1506,0,1920,254
260,8.68,boneka-dummy,0.6961,1576,0,1919,193
260,8.68,boneka-dummy,0.6222,590,294,1135,905
261,8.71,boneka-dummy,0.7605,607,278,1174,894
261,8.71,boneka-dummy,0.5627,1590,0,1920,185
262,8.75,boneka-dummy,0.8571,632,267,1185,891
263,8.78,boneka-dummy,0.6794,638,251,1221,883
264,8.81,boneka-dummy,0.5768,647,235,1250,873
267,8.91,boneka-dummy,0.5684,675,225,1316,883
269,8.98,boneka-asli,0.6033,697,213,1400,889
272,9.08,boneka-asli,0.6701,743,167,1446,880
274,9.15,boneka-asli,0.5354,770,120,1429,864
275,9.18,boneka-asli,0.7420,772,91,1435,851
276,9.21,boneka-dummy,0.7378,783,74,1492,847
276,9.21,boneka-asli,0.5824,779,73,1471,835
277,9.25,boneka-asli,0.5606,781,48,1498,827
278,9.28,boneka-asli,0.6736,787,18,1450,808
278,9.28,boneka-dummy,0.5870,796,11,1469,810
279,9.32,boneka-dummy,0.8300,813,0,1491,776
279,9.32,boneka-asli,0.5871,803,0,1454,780
280,9.35,boneka-dummy,0.6859,819,0,1554,759
280,9.35,boneka-asli,0.5784,807,0,1489,749
281,9.38,boneka-dummy,0.6386,829,0,1559,729
282,9.42,boneka-dummy,0.6250,824,0,1587,716
282,9.42,boneka-asli,0.6182,0,0,906,1080
283,9.45,boneka-dummy,0.6827,829,0,1587,706
283,9.45,boneka-asli,0.6623,0,0,983,1080
284,9.48,boneka-dummy,0.7069,830,0,1625,715
284,9.48,boneka-asli,0.5491,0,0,992,1080
285,9.52,boneka-dummy,0.7889,836,0,1630,722
288,9.62,boneka-asli,0.7123,853,0,1642,783
288,9.62,boneka-dummy,0.5202,859,0,1632,783
289,9.65,boneka-asli,0.7956,854,0,1659,813
290,9.68,boneka-asli,0.8103,851,0,1652,833
291,9.72,boneka-asli,0.8327,860,0,1531,870
292,9.75,boneka-asli,0.7828,857,0,1526,911
293,9.78,boneka-asli,0.8153,858,22,1632,914
294,9.82,boneka-asli,0.7490,866,37,1628,923
295,9.85,boneka-asli,0.7614,860,57,1612,939
296,9.88,boneka-asli,0.7609,852,68,1574,952
297,9.92,boneka-asli,0.7328,825,87,1477,963
298,9.95,boneka-asli,0.6558,800,89,1556,947
299,9.98,boneka-asli,0.6974,779,104,1542,939
300,10.02,boneka-asli,0.7581,776,106,1404,927
301,10.05,boneka-asli,0.7740,755,92,1481,919
302,10.08,boneka-asli,0.7880,724,95,1461,914
303,10.12,boneka-asli,0.6622,689,98,1437,910
304,10.15,boneka-asli,0.7662,670,106,1400,910
305,10.18,boneka-asli,0.7775,650,113,1369,904
306,10.22,boneka-asli,0.8066,618,109,1347,908
307,10.25,boneka-asli,0.7153,598,110,1325,910
309,10.32,boneka-asli,0.7314,574,112,1297,914
309,10.32,boneka-asli,0.5514,0,98,692,1080
310,10.35,boneka-asli,0.5846,559,114,1276,919
313,10.45,boneka-asli,0.5377,498,110,1250,939
314,10.48,boneka-asli,0.7104,483,117,1250,945
314,10.48,boneka-asli,0.6094,0,185,585,1080
315,10.52,boneka-asli,0.8626,0,192,559,1080
315,10.52,boneka-asli,0.5892,475,124,1246,966
316,10.55,boneka-asli,0.8563,0,209,539,1080
316,10.55,boneka-dummy,0.5268,463,118,1226,965
317,10.58,boneka-asli,0.8581,0,218,545,1080
317,10.58,boneka-dummy,0.5670,450,122,1223,973
318,10.62,boneka-asli,0.8155,0,208,533,1080
318,10.62,boneka-asli,0.5357,436,140,1212,984
319,10.65,boneka-asli,0.8549,0,220,526,1080
319,10.65,boneka-dummy,0.6072,433,124,1205,982
320,10.68,boneka-asli,0.8473,0,208,523,1080
320,10.68,boneka-asli,0.6243,427,133,1205,971
321,10.72,boneka-asli,0.8861,0,187,542,1080
321,10.72,boneka-asli,0.6423,432,126,1203,962
322,10.75,boneka-asli,0.7739,441,116,1202,954
322,10.75,boneka-asli,0.7668,0,169,552,1080
323,10.78,boneka-asli,0.8243,0,158,552,1080
323,10.78,boneka-asli,0.6260,451,110,1209,943
324,10.82,boneka-asli,0.8464,0,156,567,1080
324,10.82,boneka-asli,0.5862,466,103,1238,931
325,10.85,boneka-asli,0.6067,0,112,578,1080
325,10.85,boneka-asli,0.5489,476,91,1245,922
326,10.88,boneka-asli,0.8477,0,145,597,1080
326,10.88,boneka-asli,0.7621,490,93,1264,919
327,10.92,boneka-asli,0.7842,0,53,633,1080
327,10.92,boneka-dummy,0.6610,518,72,1296,898
327,10.92,boneka-asli,0.6348,508,80,1273,900
328,10.95,boneka-asli,0.8608,0,63,666,1080
328,10.95,boneka-dummy,0.5644,548,53,1319,877
329,10.98,boneka-asli,0.7713,0,0,706,1080
329,10.98,boneka-asli,0.5952,577,52,1361,855
329,10.98,boneka-dummy,0.5459,576,30,1359,862
330,11.02,boneka-asli,0.8169,1,0,774,1080
330,11.02,boneka-asli,0.6422,625,15,1428,847
331,11.05,boneka-asli,0.8317,0,0,799,1080
331,11.05,boneka-asli,0.7602,668,0,1498,828
332,11.08,boneka-asli,0.8488,0,0,853,1080
332,11.08,boneka-asli,0.7648,733,0,1550,811
333,11.12,boneka-asli,0.7417,779,0,1627,803
333,11.12,boneka-asli,0.7057,2,0,916,1080
334,11.15,boneka-asli,0.6978,842,0,1720,801
334,11.15,boneka-asli,0.6920,0,0,983,1080
335,11.18,boneka-asli,0.7394,0,0,1027,1080
335,11.18,boneka-asli,0.6712,904,0,1776,794
335,11.18,boneka-dummy,0.6046,905,0,1776,791
336,11.22,boneka-dummy,0.6538,960,11,1845,776
336,11.22,boneka-asli,0.6351,976,0,1839,791
336,11.22,boneka-asli,0.5266,0,0,1119,1080
337,11.25,boneka-asli,0.6747,1023,0,1917,784
337,11.25,boneka-dummy,0.6636,1018,0,1909,774
337,11.25,boneka-asli,0.6534,1682,285,1920,1054
337,11.25,boneka-asli,0.5251,69,0,1172,1080
338,11.28,boneka-dummy,0.6691,1054,0,1917,775
338,11.28,boneka-asli,0.6603,1083,0,1919,783
339,11.32,boneka-dummy,0.7475,1118,0,1920,774
340,11.35,boneka-dummy,0.6286,1158,0,1919,777
340,11.35,boneka-asli,0.5105,1169,0,1920,782
341,11.39,boneka-dummy,0.6221,1213,0,1920,782
342,11.42,boneka-dummy,0.8203,1244,0,1919,798
343,11.45,boneka-dummy,0.8617,1287,0,1920,815
344,11.49,boneka-dummy,0.7667,1319,0,1920,834
345,11.52,boneka-dummy,0.8160,1341,0,1920,835
346,11.55,boneka-dummy,0.8526,1354,8,1920,847
347,11.59,boneka-dummy,0.8739,1365,83,1920,868
348,11.62,boneka-dummy,0.8571,1361,34,1920,896
349,11.65,boneka-dummy,0.8791,1349,35,1920,924
350,11.69,boneka-dummy,0.8599,1346,37,1920,939
351,11.72,boneka-dummy,0.8910,1355,61,1920,961
352,11.75,boneka-dummy,0.8680,1357,85,1920,974
353,11.79,boneka-dummy,0.8905,1382,91,1920,981
354,11.82,boneka-dummy,0.8728,1387,177,1920,985
355,11.85,boneka-dummy,0.8128,1440,251,1920,988
356,11.89,boneka-dummy,0.8313,1466,237,1920,979
357,11.92,boneka-dummy,0.8344,1512,201,1919,967
358,11.95,boneka-dummy,0.7615,1550,198,1920,965
359,11.99,boneka-dummy,0.6767,1590,74,1920,1004
360,12.02,boneka-asli,0.6727,722,0,1878,910
360,12.02,boneka-dummy,0.5929,1655,30,1919,1080
361,12.05,boneka-asli,0.5936,765,0,1909,873
379,12.65,boneka-asli,0.5932,1369,319,1920,1080
380,12.69,boneka-asli,0.6001,1451,312,1920,1080
421,14.06,boneka-asli,0.5537,1239,0,1920,1080
422,14.09,boneka-asli,0.8122,1076,0,1920,1080
423,14.12,boneka-asli,0.6025,998,0,1920,1080
437,14.59,boneka-dummy,0.5482,1532,0,1919,1080
438,14.62,boneka-dummy,0.5890,1486,0,1920,1080
440,14.69,boneka-dummy,0.6684,1375,0,1920,1080
441,14.72,boneka-dummy,0.6588,1341,0,1920,1080
442,14.76,boneka-dummy,0.5442,1263,0,1920,1080
444,14.82,boneka-dummy,0.5177,1172,0,1920,1080
445,14.86,boneka-dummy,0.5660,1090,0,1920,1080
455,15.19,boneka-asli,0.7071,1654,0,1919,772
457,15.26,boneka-dummy,0.7160,1432,0,1919,814
458,15.29,boneka-dummy,0.7611,1398,0,1919,834
459,15.32,boneka-dummy,0.7948,1388,0,1920,856
460,15.36,boneka-dummy,0.7973,1353,0,1920,863
461,15.39,boneka-dummy,0.8060,1333,0,1919,884
462,15.43,boneka-asli,0.8255,1271,0,1920,947
462,15.43,boneka-dummy,0.7733,1278,0,1920,919
463,15.46,boneka-asli,0.7679,1222,0,1919,995
463,15.46,boneka-dummy,0.5237,1224,0,1920,991
464,15.49,boneka-asli,0.8231,1170,0,1919,1054
465,15.53,boneka-dummy,0.7117,1154,34,1909,1080
465,15.53,boneka-asli,0.6515,1164,27,1902,1080
466,15.56,boneka-dummy,0.8214,1148,60,1864,1080
467,15.59,boneka-asli,0.8313,1130,100,1844,1080
467,15.59,boneka-dummy,0.7397,1135,118,1853,1080
468,15.63,boneka-asli,0.7230,1116,131,1843,1080
469,15.66,boneka-dummy,0.7255,1110,165,1848,1080
469,15.66,boneka-asli,0.6839,1105,180,1845,1080
470,15.69,boneka-asli,0.7391,1094,177,1840,1080
470,15.69,boneka-dummy,0.6741,1102,182,1837,1080
471,15.73,boneka-asli,0.8666,1086,209,1837,1080
472,15.76,boneka-asli,0.8512,1075,230,1811,1080
473,15.79,boneka-asli,0.8377,1070,248,1802,1080
474,15.83,boneka-asli,0.8664,1068,263,1806,1080
475,15.86,boneka-asli,0.8470,1076,282,1811,1080
476,15.89,boneka-asli,0.8288,1056,296,1752,1080
477,15.93,boneka-asli,0.8323,1061,306,1734,1080
478,15.96,boneka-asli,0.8571,1054,325,1729,1080
479,15.99,boneka-asli,0.8011,1042,375,1720,1080
480,16.03,boneka-asli,0.7890,1031,358,1699,1080
481,16.06,boneka-asli,0.8748,1014,363,1665,1080
482,16.09,boneka-asli,0.8454,976,363,1648,1080
483,16.13,boneka-asli,0.7568,953,361,1584,1080
484,16.16,boneka-asli,0.8399,921,362,1579,1080
485,16.19,boneka-asli,0.7436,865,353,1505,1080
486,16.23,boneka-asli,0.7621,847,351,1492,1080
487,16.26,boneka-asli,0.7961,805,355,1459,1080
488,16.29,boneka-asli,0.7361,763,347,1399,1080
489,16.33,boneka-asli,0.8210,725,349,1361,1080
490,16.36,boneka-asli,0.7365,678,351,1317,1080
491,16.39,boneka-asli,0.7731,634,354,1286,1080
492,16.43,boneka-asli,0.7461,575,361,1233,1080
493,16.46,boneka-asli,0.7182,556,343,1205,1080
494,16.49,boneka-asli,0.8388,516,334,1158,1080
495,16.53,boneka-asli,0.7348,444,332,1128,1080
495,16.53,boneka-asli,0.5343,253,0,369,115
496,16.56,boneka-asli,0.7595,435,321,1072,1080
497,16.59,boneka-asli,0.7318,403,306,1051,1080
498,16.63,boneka-asli,0.7445,362,310,1015,1080
499,16.66,boneka-asli,0.7893,269,331,957,1080
500,16.69,boneka-asli,0.7752,253,315,923,1080
501,16.73,boneka-asli,0.7588,166,320,862,1080
502,16.76,boneka-asli,0.7961,139,306,824,1080
503,16.79,boneka-asli,0.8177,89,308,756,1080
504,16.83,boneka-asli,0.8684,7,305,696,1080
505,16.86,boneka-asli,0.8618,4,326,619,1080
506,16.89,boneka-asli,0.8773,0,328,541,1080
507,16.93,boneka-asli,0.8560,0,333,454,1080
508,16.96,boneka-asli,0.7580,0,352,362,1080
509,16.99,boneka-dummy,0.7982,0,388,273,1080
510,17.03,boneka-asli,0.6779,0,380,167,1076
523,17.46,boneka-asli,0.5843,1384,31,1681,217
523,17.46,boneka-dummy,0.5789,1125,880,1920,1080
524,17.50,boneka-dummy,0.5391,1121,886,1920,1080
526,17.56,boneka-asli,0.5420,110,0,226,217
527,17.60,boneka-asli,0.5820,63,0,192,220
534,17.83,boneka-asli,0.5450,1493,808,1920,1080
535,17.86,boneka-asli,0.7113,1454,814,1919,1080
536,17.90,boneka-asli,0.7575,1375,810,1918,1080
537,17.93,boneka-asli,0.6883,1446,808,1911,1080
538,17.96,boneka-asli,0.6196,1377,805,1920,1080
539,18.00,boneka-asli,0.7042,1278,815,1848,1080
540,18.03,boneka-asli,0.6279,1227,815,1801,1080
541,18.06,boneka-asli,0.6516,1240,806,1800,1080
542,18.10,boneka-asli,0.6122,707,138,960,313
542,18.10,boneka-asli,0.5693,1220,793,1813,1080
543,18.13,boneka-asli,0.5876,1328,792,1834,1080
544,18.16,boneka-asli,0.5889,1231,791,1784,1080
544,18.16,boneka-asli,0.5250,653,149,906,310
545,18.20,boneka-asli,0.5352,1325,803,1768,1080
546,18.23,boneka-asli,0.6265,1159,790,1710,1080
548,18.30,boneka-asli,0.5776,1129,795,1590,1080
548,18.30,boneka-asli,0.5593,1602,325,1919,726
549,18.33,boneka-asli,0.7853,1587,320,1918,710
550,18.36,boneka-asli,0.6210,1561,306,1919,710
550,18.36,boneka-asli,0.5689,1077,774,1588,1078
552,18.43,boneka-asli,0.7673,1485,298,1920,718
553,18.46,boneka-asli,0.7434,1468,286,1920,712
554,18.50,boneka-asli,0.6443,1427,289,1920,724
555,18.53,boneka-asli,0.7489,1386,279,1916,712
556,18.56,boneka-asli,0.6233,1353,281,1916,709
563,18.80,boneka-asli,0.6127,705,774,1218,1071
563,18.80,boneka-dummy,0.5238,1041,534,1288,638
565,18.86,boneka-asli,0.5076,730,771,1202,1068
566,18.90,boneka-asli,0.5163,1601,582,1917,764
567,18.93,boneka-asli,0.5606,598,774,1138,1075
568,18.96,boneka-asli,0.5370,728,780,1120,1068
571,19.06,boneka-asli,0.5126,1462,577,1740,746
573,19.13,boneka-asli,0.5946,1595,331,1919,887
573,19.13,boneka-dummy,0.5074,1429,957,1896,1080
574,19.16,boneka-asli,0.5130,1558,352,1919,900
577,19.26,boneka-asli,0.6224,1253,537,1587,731
577,19.26,boneka-asli,0.5363,1450,367,1919,866
579,19.33,boneka-asli,0.5181,1216,570,1526,723
580,19.36,boneka-asli,0.5707,373,778,794,1077
580,19.36,boneka-asli,0.5362,1513,232,1920,706
581,19.40,boneka-asli,0.5692,1167,551,1478,719
584,19.50,boneka-asli,0.5627,1276,237,1920,796
585,19.53,boneka-asli,0.5912,1271,234,1920,764
585,19.53,boneka-asli,0.5615,231,775,712,1065
586,19.57,boneka-asli,0.6732,1253,228,1919,712
588,19.63,boneka-asli,0.5358,265,784,616,1067
595,19.87,boneka-asli,0.5587,14,812,422,1077
596,19.90,boneka-asli,0.5660,0,797,381,1080
600,20.03,boneka-asli,0.5432,587,537,898,706
602,20.10,boneka-asli,0.5096,1024,882,1629,1077
603,20.13,boneka-asli,0.5051,1008,884,1585,1079
608,20.30,boneka-asli,0.5341,992,873,1481,1080
609,20.33,boneka-asli,0.5378,638,271,1412,748
610,20.37,boneka-asli,0.5431,613,272,1390,760
611,20.40,boneka-dummy,0.5812,1386,406,1636,744
612,20.43,boneka-dummy,0.5379,1392,405,1626,741
614,20.50,boneka-asli,0.5056,934,840,1420,1080
615,20.53,boneka-dummy,0.5795,1386,408,1595,724
616,20.57,boneka-dummy,0.5855,1361,388,1589,722
616,20.57,boneka-asli,0.5451,903,832,1360,1077
617,20.60,boneka-dummy,0.5071,1355,397,1582,721
618,20.63,boneka-asli,0.5554,810,844,1080,1043
618,20.63,boneka-dummy,0.5441,1194,548,1354,685
618,20.63,boneka-asli,0.5431,947,826,1405,1072
618,20.63,boneka-dummy,0.5132,1355,399,1577,715
619,20.67,boneka-dummy,0.6186,1349,396,1572,705
621,20.73,boneka-asli,0.6099,770,806,1355,1073
621,20.73,boneka-dummy,0.5335,1348,390,1562,706
623,20.80,boneka-asli,0.5324,58,813,456,1058
623,20.80,boneka-asli,0.5309,740,802,1342,1074
624,20.83,boneka-dummy,0.6257,1163,533,1323,674
625,20.87,boneka-dummy,0.5728,1328,393,1517,694
625,20.87,boneka-asli,0.5596,394,514,670,682
625,20.87,boneka-asli,0.5184,879,802,1335,1062
626,20.90,boneka-asli,0.6464,397,519,661,681
626,20.90,boneka-asli,0.5724,30,806,412,1045
626,20.90,boneka-asli,0.5484,880,801,1351,1061
626,20.90,boneka-dummy,0.5126,1138,531,1287,668
626,20.90,boneka-dummy,0.5088,1128,510,1423,674
627,20.93,boneka-asli,0.5634,671,799,1305,1073
627,20.93,boneka-asli,0.5205,15,798,488,1040
628,20.97,boneka-asli,0.6465,532,251,1240,719
628,20.97,boneka-asli,0.5944,10,797,483,1030
628,20.97,boneka-dummy,0.5408,1806,662,1919,1080
628,20.97,boneka-asli,0.5262,651,784,1340,1080
629,21.00,boneka-dummy,0.6944,1784,647,1919,1080
629,21.00,boneka-asli,0.5846,766,779,1303,1080
629,21.00,boneka-asli,0.5198,518,255,1237,704
630,21.03,boneka-dummy,0.8123,1758,636,1919,1080
630,21.03,boneka-asli,0.5645,502,245,1221,697
630,21.03,boneka-asli,0.5636,353,527,566,655
631,21.07,boneka-dummy,0.8371,1731,631,1919,1080
631,21.07,boneka-asli,0.6225,489,227,1201,694
631,21.07,boneka-asli,0.5870,327,492,612,649
631,21.07,boneka-asli,0.5477,629,770,1206,1080
631,21.07,boneka-asli,0.5162,28,775,843,1080
632,21.10,boneka-dummy,0.8537,1697,623,1917,1080
632,21.10,boneka-asli,0.6066,464,227,1186,690
632,21.10,boneka-asli,0.5386,322,496,596,644
633,21.13,boneka-dummy,0.9024,1666,612,1919,1080
633,21.13,boneka-asli,0.5177,613,753,1163,1080
634,21.17,boneka-dummy,0.8973,1638,604,1920,1076
634,21.17,boneka-asli,0.6757,608,751,1196,1080
634,21.17,boneka-asli,0.5712,432,221,1150,673
635,21.20,boneka-dummy,0.8899,1608,594,1917,1066
635,21.20,boneka-asli,0.6318,600,744,1171,1080
636,21.23,boneka-dummy,0.8300,1589,590,1916,1050
636,21.23,boneka-asli,0.6744,623,740,1134,1080
637,21.27,boneka-dummy,0.8657,1562,583,1879,1033
637,21.27,boneka-asli,0.7687,649,735,1119,1080
637,21.27,boneka-asli,0.5440,413,227,1088,647
638,21.30,boneka-dummy,0.8642,1542,577,1871,1020
638,21.30,boneka-asli,0.6625,637,728,1169,1080
638,21.30,boneka-dummy,0.6220,945,443,1223,606
638,21.30,boneka-asli,0.5876,398,223,1074,645
639,21.33,boneka-dummy,0.8937,1522,569,1825,1015
639,21.33,boneka-asli,0.7058,615,729,1105,1078
639,21.33,boneka-asli,0.6939,387,223,1085,644
640,21.37,boneka-dummy,0.8836,1509,569,1828,1009
640,21.37,boneka-asli,0.5848,370,227,1063,635
640,21.37,boneka-asli,0.5489,603,710,1089,1074
641,21.40,boneka-dummy,0.8808,1497,564,1818,1005
641,21.40,boneka-asli,0.6746,586,729,1086,1073
641,21.40,boneka-asli,0.5575,364,233,1064,637
642,21.43,boneka-dummy,0.8759,1487,567,1788,1008
642,21.43,boneka-asli,0.6345,584,728,1094,1074
642,21.43,boneka-asli,0.5593,354,234,1065,631
643,21.47,boneka-dummy,0.8733,1482,573,1781,1009
643,21.47,boneka-asli,0.7479,587,734,1110,1077
643,21.47,boneka-asli,0.5323,364,225,1049,640
644,21.50,boneka-dummy,0.8721,1471,573,1776,1010
644,21.50,boneka-asli,0.6932,560,728,1078,1079
644,21.50,boneka-asli,0.6114,313,225,1054,639
645,21.53,boneka-dummy,0.8870,1461,575,1779,1012
645,21.53,boneka-asli,0.7493,555,733,1060,1080
646,21.57,boneka-dummy,0.8711,1456,578,1775,1015
646,21.57,boneka-asli,0.7068,544,734,1061,1080
646,21.57,boneka-asli,0.5182,321,234,1036,644
647,21.60,boneka-dummy,0.8494,1455,579,1772,1013
647,21.60,boneka-asli,0.7314,513,736,1063,1080
647,21.60,boneka-asli,0.5287,318,233,1048,643
648,21.64,boneka-dummy,0.8711,1451,576,1759,1011
648,21.64,boneka-asli,0.7220,538,734,1048,1080
648,21.64,boneka-asli,0.5174,306,218,1046,641
649,21.67,boneka-dummy,0.8686,1444,570,1758,1001
649,21.67,boneka-asli,0.7319,526,734,1059,1077
649,21.67,boneka-asli,0.6872,307,216,1037,633
649,21.67,boneka-dummy,0.5608,1063,761,1302,950
650,21.70,boneka-dummy,0.8814,1438,571,1731,997
650,21.70,boneka-asli,0.6739,537,721,1040,1073
650,21.70,boneka-asli,0.6604,301,215,1030,634
651,21.74,boneka-dummy,0.8940,1426,566,1732,996
651,21.74,boneka-asli,0.7241,538,730,1060,1072
651,21.74,boneka-asli,0.7167,309,214,1019,628
652,21.77,boneka-dummy,0.8914,1415,562,1729,989
652,21.77,boneka-asli,0.7431,525,723,1051,1066
652,21.77,boneka-asli,0.7204,300,207,998,624
653,21.80,boneka-dummy,0.8731,1410,554,1724,978
653,21.80,boneka-asli,0.7001,292,212,1003,611
653,21.80,boneka-asli,0.6136,425,725,774,1056
653,21.80,boneka-asli,0.5743,558,706,1004,1054
654,21.84,boneka-dummy,0.8558,1400,550,1718,966
654,21.84,boneka-asli,0.7284,302,208,995,620
654,21.84,boneka-asli,0.6387,459,720,765,1047
654,21.84,boneka-asli,0.5171,543,695,989,1040
655,21.87,boneka-dummy,0.8581,1389,539,1695,953
655,21.87,boneka-asli,0.6599,289,199,983,618
655,21.87,boneka-asli,0.5602,443,713,764,1034
655,21.87,boneka-asli,0.5382,540,686,1020,1030
656,21.90,boneka-dummy,0.8792,1372,528,1685,947
656,21.90,boneka-asli,0.5459,288,197,964,610
657,21.94,boneka-dummy,0.9058,1361,523,1673,936
657,21.94,boneka-asli,0.6550,262,208,969,599
657,21.94,boneka-asli,0.6256,0,709,514,1080
657,21.94,boneka-asli,0.5388,495,675,990,1015
658,21.97,boneka-dummy,0.8639,1343,517,1666,925
658,21.97,boneka-asli,0.5759,386,686,729,1003
658,21.97,boneka-asli,0.5432,246,191,948,596
658,21.97,boneka-asli,0.5365,576,674,978,986
659,22.00,boneka-dummy,0.8680,1324,504,1635,917
659,22.00,boneka-asli,0.5764,224,180,955,597
659,22.00,boneka-dummy,0.5248,802,403,1103,552
659,22.00,boneka-asli,0.5194,540,668,951,982
659,22.00,boneka-asli,0.5115,369,683,704,1000
660,22.04,boneka-dummy,0.8793,1308,520,1627,911
660,22.04,boneka-asli,0.6695,219,196,949,588
660,22.04,boneka-asli,0.5654,373,677,688,990
660,22.04,boneka-asli,0.5470,0,666,444,1080
661,22.07,boneka-dummy,0.8525,1297,499,1615,900
661,22.07,boneka-asli,0.7159,215,173,931,577
661,22.07,boneka-asli,0.6344,410,674,684,984
661,22.07,boneka-asli,0.5717,715,692,1245,1080
661,22.07,boneka-asli,0.5243,0,668,434,1080
662,22.10,boneka-dummy,0.8741,1284,497,1590,902
662,22.10,boneka-asli,0.6781,199,153,909,576
662,22.10,boneka-asli,0.6378,454,656,896,976
662,22.10,boneka-asli,0.6013,396,671,661,978
662,22.10,boneka-asli,0.5489,0,708,381,1080
662,22.10,boneka-dummy,0.5152,1350,497,1527,593
663,22.14,boneka-dummy,0.8694,1267,489,1575,897
663,22.14,boneka-asli,0.7276,210,154,898,571
663,22.14,boneka-asli,0.6609,351,670,651,975
663,22.14,boneka-asli,0.5613,0,692,406,1080
663,22.14,boneka-asli,0.5001,0,121,553,448
664,22.17,boneka-dummy,0.8984,1253,484,1560,891
664,22.17,boneka-asli,0.6904,0,102,537,444
664,22.17,boneka-asli,0.6659,192,161,884,568
664,22.17,boneka-asli,0.5932,346,665,645,975
664,22.17,boneka-asli,0.5652,0,710,387,1080
665,22.20,boneka-dummy,0.8842,1241,481,1544,885
665,22.20,boneka-asli,0.6546,380,662,632,969
665,22.20,boneka-asli,0.6324,0,100,548,474
665,22.20,boneka-asli,0.5659,157,169,872,568
666,22.24,boneka-dummy,0.8976,1229,477,1531,882
666,22.24,boneka-asli,0.6279,148,162,858,570
666,22.24,boneka-asli,0.6112,0,709,393,1080
666,22.24,boneka-asli,0.5539,322,658,607,969
667,22.27,boneka-dummy,0.8837,1217,475,1525,878
667,22.27,boneka-dummy,0.6649,1828,371,1919,827
667,22.27,boneka-asli,0.5947,137,160,854,564
667,22.27,boneka-asli,0.5267,353,656,603,964
668,22.30,boneka-dummy,0.8709,1206,471,1499,877
668,22.30,boneka-dummy,0.7402,1817,408,1919,809
668,22.30,boneka-asli,0.6843,117,157,855,554
668,22.30,boneka-asli,0.6228,287,656,587,966
668,22.30,boneka-asli,0.5324,0,106,493,435
669,22.34,boneka-dummy,0.8877,1185,482,1482,878
669,22.34,boneka-dummy,0.8091,1806,416,1919,806
669,22.34,boneka-asli,0.6244,111,151,839,550
669,22.34,boneka-asli,0.6202,335,633,832,956
669,22.34,boneka-asli,0.6095,327,657,564,966
670,22.37,boneka-dummy,0.8875,1174,479,1471,876
670,22.37,boneka-dummy,0.8384,1793,383,1919,806
670,22.37,boneka-asli,0.6631,104,151,828,552
670,22.37,boneka-asli,0.5382,301,654,559,967
671,22.40,boneka-dummy,0.8739,1173,474,1447,875
671,22.40,boneka-dummy,0.7797,1780,368,1919,806
671,22.40,boneka-asli,0.6997,299,656,535,964
671,22.40,boneka-asli,0.6528,97,141,819,550
671,22.40,boneka-asli,0.5003,0,96,475,412
672,22.44,boneka-dummy,0.8861,1156,478,1438,873
672,22.44,boneka-asli,0.7354,279,655,525,966
672,22.44,boneka-dummy,0.6874,1768,366,1919,803
672,22.44,boneka-asli,0.6562,100,141,798,544
672,22.44,boneka-asli,0.5491,406,630,759,956
673,22.47,boneka-dummy,0.8992,1148,481,1432,876
673,22.47,boneka-asli,0.6437,75,153,783,551
673,22.47,boneka-asli,0.6048,0,637,367,985
673,22.47,boneka-dummy,0.5988,1757,342,1919,807
673,22.47,boneka-asli,0.5787,261,654,513,965
674,22.50,boneka-dummy,0.8754,1135,472,1413,874
674,22.50,boneka-asli,0.6742,249,659,491,967
674,22.50,boneka-asli,0.6478,108,148,775,545
674,22.50,boneka-dummy,0.6163,1739,309,1919,829
675,22.54,boneka-dummy,0.8636,1120,473,1393,877
675,22.54,boneka-dummy,0.7039,1723,332,1919,834
675,22.54,boneka-asli,0.6967,228,658,484,972
675,22.54,boneka-asli,0.6853,27,141,776,562
675,22.54,boneka-asli,0.5269,346,632,725,960
676,22.57,boneka-dummy,0.8950,1106,477,1381,878
676,22.57,boneka-dummy,0.7213,1710,409,1919,833
676,22.57,boneka-asli,0.6579,21,150,769,559
676,22.57,boneka-asli,0.5808,208,636,718,963
677,22.60,boneka-dummy,0.8855,1090,474,1366,874
677,22.60,boneka-dummy,0.7100,1692,352,1919,824
677,22.60,boneka-asli,0.6714,16,142,762,549
677,22.60,boneka-asli,0.5230,200,656,450,970
677,22.60,boneka-asli,0.5152,506,651,859,929
678,22.64,boneka-dummy,0.8875,1076,473,1352,872
678,22.64,boneka-asli,0.6902,11,143,742,542
678,22.64,boneka-asli,0.6538,154,655,447,971
678,22.64,boneka-asli,0.6476,457,640,894,1074
678,22.64,boneka-dummy,0.5593,1686,447,1919,822
679,22.67,boneka-dummy,0.8823,1058,478,1336,868
679,22.67,boneka-asli,0.5820,1670,333,1919,820
679,22.67,boneka-asli,0.5783,6,148,698,554
679,22.67,boneka-asli,0.5715,129,649,438,966
679,22.67,boneka-asli,0.5559,477,640,833,919
680,22.70,boneka-dummy,0.8961,1046,470,1335,865
680,22.70,boneka-asli,0.6454,158,638,642,954
680,22.70,boneka-asli,0.6352,7,144,718,547
680,22.70,boneka-dummy,0.5863,1662,499,1918,815
681,22.74,boneka-dummy,0.8869,1037,461,1308,864
681,22.74,boneka-asli,0.6742,128,650,399,961
681,22.74,boneka-asli,0.6728,4,128,735,531
681,22.74,boneka-dummy,0.6062,1655,496,1916,816
682,22.77,boneka-dummy,0.8880,1019,463,1323,865
682,22.77,boneka-asli,0.7572,17,136,700,520
682,22.77,boneka-asli,0.6721,83,649,405,959
682,22.77,boneka-dummy,0.6368,1642,506,1911,815
682,22.77,boneka-asli,0.5500,403,639,814,917
682,22.77,boneka-asli,0.5017,1638,489,1917,815
683,22.80,boneka-dummy,0.8635,1015,468,1294,863
683,22.80,boneka-asli,0.6653,86,646,398,966
683,22.80,boneka-asli,0.5774,1630,485,1915,816
683,22.80,boneka-asli,0.5637,12,133,688,522
683,22.80,boneka-dummy,0.5307,1262,0,1766,292
684,22.84,boneka-dummy,0.8606,1003,475,1289,861
684,22.84,boneka-asli,0.7202,111,643,396,961
684,22.84,boneka-asli,0.6058,230,626,578,950
684,22.84,boneka-asli,0.6044,1630,472,1916,812
684,22.84,boneka-dummy,0.5725,531,357,813,515
685,22.87,boneka-dummy,0.8863,995,466,1288,858
685,22.87,boneka-asli,0.7353,111,643,391,960
685,22.87,boneka-asli,0.6472,1625,480,1913,811
685,22.87,boneka-asli,0.5200,2,143,676,535
686,22.90,boneka-dummy,0.8941,999,455,1292,853
686,22.90,boneka-asli,0.6001,90,638,397,961
686,22.90,boneka-asli,0.5635,2,139,676,533
686,22.90,boneka-asli,0.5424,1623,473,1914,807
687,22.94,boneka-dummy,0.8796,993,487,1282,850
687,22.94,boneka-asli,0.6647,68,636,383,956
687,22.94,boneka-asli,0.6499,2,132,675,525
687,22.94,boneka-asli,0.6154,1618,462,1915,804
687,22.94,boneka-asli,0.5435,424,631,767,913
688,22.97,boneka-dummy,0.8734,984,492,1282,850
688,22.97,boneka-asli,0.7477,1,638,349,954
688,22.97,boneka-asli,0.5944,2,130,681,523
688,22.97,boneka-asli,0.5772,1614,476,1884,801
688,22.97,boneka-asli,0.5313,372,630,765,911
689,23.00,boneka-dummy,0.9009,980,451,1263,853
689,23.00,boneka-asli,0.7651,61,636,354,953
689,23.00,boneka-dummy,0.7444,1811,382,1919,692
689,23.00,boneka-asli,0.6082,3,129,702,523
689,23.00,boneka-asli,0.6006,416,633,759,913
689,23.00,boneka-asli,0.5413,1610,479,1878,797
690,23.04,boneka-dummy,0.8908,970,468,1268,849
690,23.04,boneka-asli,0.7523,50,636,370,955
690,23.04,boneka-dummy,0.7326,1807,381,1919,691
690,23.04,boneka-asli,0.6192,407,631,758,915
690,23.04,boneka-dummy,0.5797,1608,481,1878,800
690,23.04,boneka-asli,0.5279,1606,483,1894,797
690,23.04,boneka-asli,0.5157,2,118,652,518
690,23.04,boneka-asli,0.5044,538,787,822,1057
691,23.07,boneka-dummy,0.9018,957,447,1248,854
691,23.07,boneka-asli,0.6986,39,637,380,957
691,23.07,boneka-dummy,0.6659,1602,474,1870,799
691,23.07,boneka-dummy,0.6136,1794,377,1919,691
691,23.07,boneka-asli,0.5682,371,636,746,912
692,23.10,boneka-dummy,0.8946,950,441,1251,853
692,23.10,boneka-asli,0.6706,367,628,730,908
692,23.10,boneka-asli,0.6416,14,636,368,956
692,23.10,boneka-dummy,0.6036,1786,376,1919,692
692,23.10,boneka-dummy,0.5816,1593,462,1869,798
693,23.14,boneka-dummy,0.8928,948,441,1243,853
693,23.14,boneka-dummy,0.6540,1593,454,1868,794
693,23.14,boneka-asli,0.5616,3,618,546,950
693,23.14,boneka-asli,0.5433,376,635,725,911
693,23.14,boneka-asli,0.5419,2,118,679,518
694,23.17,boneka-dummy,0.8959,947,442,1246,850
694,23.17,boneka-asli,0.5934,13,634,357,960
694,23.17,boneka-asli,0.5832,387,628,726,913
694,23.17,boneka-dummy,0.5630,1591,457,1865,795
695,23.20,boneka-dummy,0.8941,945,448,1242,849
695,23.20,boneka-dummy,0.7123,1590,461,1860,795
695,23.20,boneka-asli,0.5788,382,629,726,914
695,23.20,boneka-asli,0.5613,11,633,360,961
696,23.24,boneka-dummy,0.8926,945,451,1240,849
696,23.24,boneka-dummy,0.6376,1591,472,1854,790
696,23.24,boneka-asli,0.6062,372,626,720,911
696,23.24,boneka-asli,0.5911,15,633,362,961
697,23.27,boneka-dummy,0.8903,941,452,1241,847
697,23.27,boneka-asli,0.6519,18,635,347,961
697,23.27,boneka-dummy,0.6461,1589,467,1854,788
697,23.27,boneka-asli,0.5867,370,628,719,911
697,23.27,boneka-asli,0.5132,1,110,598,530
698,23.30,boneka-dummy,0.8963,943,441,1240,847
698,23.30,boneka-asli,0.6867,17,636,343,960
698,23.30,boneka-asli,0.5535,364,628,721,914
698,23.30,boneka-dummy,0.5492,1588,463,1861,786
698,23.30,boneka-asli,0.5032,0,112,597,527
699,23.34,boneka-dummy,0.8929,947,468,1240,849
699,23.34,boneka-asli,0.6697,6,638,310,964
699,23.34,boneka-asli,0.5169,360,628,726,919
699,23.34,boneka-asli,0.5011,0,112,610,529
700,23.37,boneka-dummy,0.8952,945,458,1243,852
700,23.37,boneka-dummy,0.6109,1585,470,1853,788
700,23.37,boneka-asli,0.6043,18,639,361,968
700,23.37,boneka-asli,0.5802,522,790,805,1062
700,23.37,boneka-asli,0.5687,1581,468,1880,788
700,23.37,boneka-asli,0.5374,0,111,613,528
700,23.37,boneka-asli,0.5062,340,630,726,921
701,23.40,boneka-dummy,0.8959,948,464,1246,852
701,23.40,boneka-asli,0.7093,3,640,307,971
701,23.40,boneka-asli,0.6911,312,628,724,1080
701,23.40,boneka-asli,0.5992,1580,466,1885,788
701,23.40,boneka-asli,0.5545,2,116,714,521
702,23.44,boneka-dummy,0.8938,943,489,1245,854
702,23.44,boneka-asli,0.6527,2,642,301,972
702,23.44,boneka-asli,0.6115,309,630,745,1080
702,23.44,boneka-asli,0.5753,1578,463,1891,787
702,23.44,boneka-asli,0.5666,2,115,704,521
702,23.44,boneka-asli,0.5366,125,626,517,958
703,23.47,boneka-dummy,0.8846,938,478,1243,854
703,23.47,boneka-asli,0.6892,3,642,303,976
703,23.47,boneka-asli,0.6115,308,636,745,1080
704,23.50,boneka-dummy,0.8931,936,486,1234,858
704,23.50,boneka-asli,0.6641,6,646,319,980
704,23.50,boneka-asli,0.6058,310,635,727,1080
704,23.50,boneka-asli,0.5831,1575,473,1882,795
704,23.50,boneka-asli,0.5139,525,761,806,1068
704,23.50,boneka-asli,0.5129,0,110,612,531
705,23.54,boneka-dummy,0.8977,934,465,1230,866
705,23.54,boneka-asli,0.6640,12,652,344,985
705,23.54,boneka-asli,0.5651,1565,478,1871,798
705,23.54,boneka-asli,0.5617,374,638,716,940
705,23.54,boneka-dummy,0.5171,1570,475,1841,801
706,23.57,boneka-dummy,0.8881,933,464,1226,882
706,23.57,boneka-asli,0.7206,10,663,320,1008
706,23.57,boneka-asli,0.7081,1,108,616,561
706,23.57,boneka-dummy,0.6532,1567,491,1843,812
706,23.57,boneka-asli,0.6433,386,647,717,953
707,23.60,boneka-dummy,0.8992,939,475,1224,894
707,23.60,boneka-asli,0.7037,8,669,321,1015
707,23.60,boneka-asli,0.6886,1,109,663,587
707,23.60,boneka-dummy,0.6162,1559,503,1858,818
707,23.60,boneka-asli,0.5514,366,658,717,969
708,23.64,boneka-dummy,0.9038,944,480,1229,903
708,23.64,boneka-asli,0.7469,2,112,590,564
708,23.64,boneka-dummy,0.7354,1563,523,1850,820
708,23.64,boneka-asli,0.6791,6,676,326,1023
708,23.64,boneka-asli,0.5440,322,664,718,981
709,23.67,boneka-dummy,0.8918,947,484,1234,903
709,23.67,boneka-asli,0.7308,2,115,584,579
709,23.67,boneka-dummy,0.7252,1565,541,1854,825
709,23.67,boneka-asli,0.5168,8,689,351,1028
710,23.71,boneka-dummy,0.8949,949,492,1238,905
710,23.71,boneka-dummy,0.7336,1564,535,1858,829
710,23.71,boneka-asli,0.6689,2,115,588,587
710,23.71,boneka-asli,0.5858,290,677,827,1080
710,23.71,boneka-asli,0.5113,3,680,349,1041
711,23.74,boneka-dummy,0.8874,945,498,1241,912
711,23.74,boneka-asli,0.7115,2,116,586,605
711,23.74,boneka-asli,0.6657,40,667,518,1027
711,23.74,boneka-dummy,0.5660,1561,529,1867,830
712,23.77,boneka-dummy,0.8907,944,510,1238,918
712,23.77,boneka-asli,0.7220,3,123,584,600
712,23.77,boneka-asli,0.6845,10,693,331,1054
712,23.77,boneka-dummy,0.5509,1558,540,1871,839
712,23.77,boneka-asli,0.5068,374,729,723,1000
713,23.81,boneka-dummy,0.8852,948,503,1236,930
713,23.81,boneka-asli,0.7404,2,129,588,599
713,23.81,boneka-dummy,0.7336,1552,568,1854,842
713,23.81,boneka-asli,0.6109,3,696,339,1066
713,23.81,boneka-asli,0.6102,367,687,722,1014
714,23.84,boneka-dummy,0.9021,942,510,1234,938
714,23.84,boneka-asli,0.7696,2,131,586,596
714,23.84,boneka-asli,0.6893,2,704,324,1070
714,23.84,boneka-dummy,0.6064,1550,572,1865,849
714,23.84,boneka-dummy,0.5306,434,384,760,560
714,23.84,boneka-asli,0.5201,337,691,715,1020
715,23.87,boneka-dummy,0.8983,938,515,1233,942
715,23.87,boneka-asli,0.7158,3,679,574,1066
715,23.87,boneka-asli,0.6525,2,116,588,598
715,23.87,boneka-asli,0.5837,338,689,719,1023
716,23.91,boneka-dummy,0.8956,934,519,1236,943
716,23.91,boneka-asli,0.7789,26,676,554,1065
716,23.91,boneka-asli,0.7121,2,131,583,608
716,23.91,boneka-asli,0.6474,1,714,301,1073
716,23.91,boneka-dummy,0.5912,1542,573,1858,856
716,23.91,boneka-asli,0.5162,387,791,719,1025
717,23.94,boneka-dummy,0.8845,936,520,1234,944
717,23.94,boneka-asli,0.7977,0,120,573,606
717,23.94,boneka-asli,0.7541,7,682,545,1066
717,23.94,boneka-dummy,0.5360,1535,583,1831,856
718,23.97,boneka-dummy,0.8809,926,519,1215,943
718,23.97,boneka-asli,0.7622,0,125,561,604
718,23.97,boneka-asli,0.7576,3,678,538,1074
718,23.97,boneka-dummy,0.6348,1525,586,1818,855
719,24.01,boneka-dummy,0.8821,908,519,1199,945
719,24.01,boneka-asli,0.7751,0,123,549,604
719,24.01,boneka-asli,0.6785,0,684,503,1079
719,24.01,boneka-dummy,0.6302,1511,585,1835,854
720,24.04,boneka-dummy,0.9030,897,520,1191,946
720,24.04,boneka-asli,0.8720,0,128,529,602
720,24.04,boneka-asli,0.7180,0,683,523,1077
720,24.04,boneka-dummy,0.5260,1497,582,1819,853
721,24.07,boneka-dummy,0.8902,883,521,1168,947
721,24.07,boneka-asli,0.8760,0,127,508,605
721,24.07,boneka-asli,0.7239,4,689,499,1072
721,24.07,boneka-dummy,0.6816,1478,585,1765,855
722,24.11,boneka-dummy,0.8960,853,523,1155,950
722,24.11,boneka-asli,0.7253,1,688,465,1073
722,24.11,boneka-dummy,0.5891,1459,582,1782,854
722,24.11,boneka-asli,0.5225,0,124,493,604
723,24.14,boneka-dummy,0.8929,846,516,1139,947
723,24.14,boneka-asli,0.7934,0,120,474,602
723,24.14,boneka-asli,0.7546,0,682,481,1077
724,24.17,boneka-dummy,0.8658,819,519,1113,945
724,24.17,boneka-asli,0.8276,0,82,456,599
724,24.17,boneka-asli,0.6398,0,677,433,1079
724,24.17,boneka-dummy,0.5135,1419,589,1737,845
724,24.17,boneka-asli,0.5023,208,766,597,1037
725,24.21,boneka-dummy,0.8903,799,510,1093,938
725,24.21,boneka-asli,0.8307,0,94,448,595
725,24.21,boneka-asli,0.5870,0,675,441,1075
726,24.24,boneka-dummy,0.8801,775,504,1060,930
726,24.24,boneka-asli,0.7224,0,86,420,589
727,24.27,boneka-dummy,0.8929,746,520,1051,929
727,24.27,boneka-asli,0.6217,0,669,351,1079
728,24.31,boneka-dummy,0.8716,742,530,1031,925
729,24.34,boneka-dummy,0.8678,713,541,1010,922
729,24.34,boneka-asli,0.5251,86,686,474,1023
730,24.37,boneka-dummy,0.8777,694,521,992,921
730,24.37,boneka-asli,0.5021,81,692,457,1024
731,24.41,boneka-dummy,0.8589,673,497,967,918
732,24.44,boneka-dummy,0.8858,646,482,942,914
732,24.44,boneka-asli,0.5785,0,139,399,578
733,24.47,boneka-dummy,0.8909,619,477,913,908
733,24.47,boneka-dummy,0.5600,1248,550,1505,808
733,24.47,boneka-asli,0.5582,1,677,384,1017
734,24.51,boneka-dummy,0.8957,600,474,898,908
734,24.51,boneka-asli,0.6140,1,673,355,1015
735,24.54,boneka-dummy,0.8937,560,478,865,907
735,24.54,boneka-asli,0.6357,0,677,351,1056
736,24.57,boneka-dummy,0.8980,541,471,850,910
736,24.57,boneka-dummy,0.5732,1180,488,1461,806
737,24.61,boneka-dummy,0.8976,514,469,819,906
737,24.61,boneka-dummy,0.5637,1157,485,1431,796
738,24.64,boneka-dummy,0.8994,487,465,796,899
738,24.64,boneka-dummy,0.5962,1136,479,1402,797
738,24.64,boneka-asli,0.5165,1133,481,1399,798
739,24.67,boneka-dummy,0.8850,454,470,770,898
739,24.67,boneka-dummy,0.6173,1124,487,1376,791
740,24.71,boneka-dummy,0.8813,429,458,747,893
740,24.71,boneka-dummy,0.6652,1095,479,1352,789
740,24.71,boneka-asli,0.5745,1092,476,1348,786
741,24.74,boneka-dummy,0.8787,388,476,718,889
741,24.74,boneka-dummy,0.6088,1074,467,1320,784
741,24.74,boneka-asli,0.5493,1072,469,1322,781
742,24.77,boneka-dummy,0.8667,371,460,692,882
742,24.77,boneka-asli,0.6866,1050,468,1295,777
743,24.81,boneka-dummy,0.8955,341,463,665,882
743,24.81,boneka-asli,0.7274,1027,455,1267,774
744,24.84,boneka-dummy,0.8629,305,447,640,876
745,24.87,boneka-dummy,0.8956,290,435,618,877
745,24.87,boneka-asli,0.5157,985,441,1228,767
746,24.91,boneka-dummy,0.8849,249,436,586,874
746,24.91,boneka-asli,0.5595,962,443,1196,766
747,24.94,boneka-dummy,0.8931,234,435,561,876
747,24.94,boneka-asli,0.5665,937,440,1174,765
748,24.97,boneka-dummy,0.9018,195,427,530,875
748,24.97,boneka-dummy,0.6826,913,431,1149,762
749,25.01,boneka-dummy,0.9056,148,425,498,869
749,25.01,boneka-asli,0.5567,887,430,1118,762
750,25.04,boneka-dummy,0.8971,142,418,472,865
750,25.04,boneka-asli,0.6424,855,416,1107,758
751,25.07,boneka-dummy,0.9054,90,413,443,861
751,25.07,boneka-asli,0.7316,830,415,1059,758
752,25.11,boneka-dummy,0.9004,61,409,406,853
752,25.11,boneka-asli,0.7177,803,412,1042,751
753,25.14,boneka-dummy,0.8900,18,404,371,849
753,25.14,boneka-asli,0.7303,774,406,1004,742
754,25.17,boneka-dummy,0.8815,1,398,333,846
754,25.17,boneka-asli,0.5229,744,390,982,741
755,25.21,boneka-dummy,0.9007,0,398,294,841
755,25.21,boneka-asli,0.6721,717,380,945,742
756,25.24,boneka-dummy,0.9094,0,390,257,837
756,25.24,boneka-asli,0.7443,687,376,910,737
757,25.27,boneka-dummy,0.8787,0,391,213,826
757,25.27,boneka-asli,0.6212,651,375,886,731
758,25.31,boneka-dummy,0.8363,0,354,172,825
758,25.31,boneka-asli,0.7289,616,368,849,732
759,25.34,boneka-dummy,0.8221,0,443,127,822
759,25.34,boneka-asli,0.6706,588,350,834,728
760,25.37,boneka-dummy,0.6390,0,379,87,821
760,25.37,boneka-asli,0.5668,545,348,786,728
762,25.44,boneka-asli,0.5792,469,352,713,730
763,25.47,boneka-asli,0.6744,439,330,669,729
766,25.57,boneka-asli,0.5005,309,322,566,735
768,25.64,boneka-asli,0.5387,233,329,486,743
770,25.71,boneka-dummy,0.5049,96,0,610,248
771,25.74,boneka-asli,0.6294,113,283,384,750
771,25.74,boneka-dummy,0.5478,91,0,585,249
772,25.78,boneka-asli,0.5475,87,284,348,752
773,25.81,boneka-asli,0.7165,45,277,319,761
774,25.84,boneka-asli,0.7133,3,283,281,767
775,25.88,boneka-dummy,0.6398,0,287,238,771
776,25.91,boneka-asli,0.7370,0,284,202,778
777,25.94,boneka-dummy,0.6774,0,313,162,791
777,25.94,boneka-asli,0.5148,0,284,163,788
778,25.98,boneka-asli,0.7259,0,291,117,797
866,28.91,boneka-dummy,0.5207,0,408,128,1002
866,28.91,boneka-asli,0.5143,0,428,124,1013
867,28.95,boneka-dummy,0.6746,0,430,163,977
868,28.98,boneka-dummy,0.7951,0,425,196,1002
869,29.01,boneka-dummy,0.7302,0,439,238,1041
869,29.01,boneka-asli,0.5114,88,246,212,375
871,29.08,boneka-asli,0.5850,0,461,309,1004
872,29.11,boneka-asli,0.8368,1,469,346,1023
873,29.15,boneka-asli,0.5328,9,479,386,1027
874,29.18,boneka-asli,0.7375,78,481,417,1036
875,29.21,boneka-asli,0.7799,110,487,452,1053
877,29.28,boneka-asli,0.5170,166,505,519,1059
878,29.31,boneka-asli,0.6504,182,508,549,1070
879,29.35,boneka-asli,0.6620,238,520,577,1077
880,29.38,boneka-asli,0.6234,263,528,605,1080
881,29.41,boneka-asli,0.7839,298,546,642,1080
882,29.45,boneka-asli,0.8451,332,559,675,1080
883,29.48,boneka-asli,0.7668,367,558,704,1080
884,29.51,boneka-asli,0.8158,415,558,745,1080
885,29.55,boneka-asli,0.6371,457,565,771,1080
886,29.58,boneka-asli,0.8072,480,571,800,1079
887,29.61,boneka-asli,0.8482,512,575,829,1080
888,29.65,boneka-asli,0.7889,538,577,860,1080
889,29.68,boneka-asli,0.7227,577,577,876,1080
890,29.71,boneka-asli,0.8539,603,580,912,1080
891,29.75,boneka-asli,0.8048,611,581,942,1080
892,29.78,boneka-asli,0.6077,679,568,965,1080
893,29.82,boneka-asli,0.8117,704,574,1005,1080
894,29.85,boneka-asli,0.7039,742,564,1044,1080
895,29.88,boneka-dummy,0.7399,0,762,143,1079
896,29.92,boneka-asli,0.7921,805,557,1105,1080
896,29.92,boneka-dummy,0.7598,0,720,199,1079
897,29.95,boneka-dummy,0.7127,0,687,257,1080
897,29.95,boneka-asli,0.6432,830,555,1136,1080
898,29.98,boneka-dummy,0.6671,0,677,280,1080
899,30.02,boneka-dummy,0.8101,0,680,325,1080
899,30.02,boneka-asli,0.7153,884,545,1191,1080
900,30.05,boneka-dummy,0.8322,0,675,335,1080
900,30.05,boneka-asli,0.8093,896,539,1216,1080
901,30.08,boneka-dummy,0.8774,0,669,358,1080
901,30.08,boneka-dummy,0.6160,938,538,1249,1080
902,30.12,boneka-dummy,0.8986,3,666,391,1080
902,30.12,boneka-dummy,0.5699,975,532,1277,1080
903,30.15,boneka-dummy,0.8603,13,660,420,1080
903,30.15,boneka-asli,0.6251,979,535,1313,1080
904,30.18,boneka-dummy,0.8709,19,655,451,1080
904,30.18,boneka-dummy,0.6487,1024,532,1338,1080
905,30.22,boneka-dummy,0.8525,72,650,481,1080
905,30.22,boneka-dummy,0.5919,1039,529,1363,1080
906,30.25,boneka-dummy,0.8598,103,649,507,1080
907,30.28,boneka-dummy,0.8583,127,644,530,1080
907,30.28,boneka-dummy,0.6255,1113,531,1430,1080
908,30.32,boneka-dummy,0.8273,170,642,563,1080
908,30.32,boneka-dummy,0.5324,1130,528,1454,1080
909,30.35,boneka-dummy,0.8868,196,637,592,1080
909,30.35,boneka-asli,0.6743,1169,526,1491,1080
910,30.38,boneka-dummy,0.8161,225,629,616,1080
911,30.42,boneka-dummy,0.8779,235,627,631,1080
911,30.42,boneka-dummy,0.6009,1209,516,1533,1080
912,30.45,boneka-dummy,0.8252,266,628,658,1080
912,30.45,boneka-dummy,0.6814,1222,519,1553,1080
913,30.48,boneka-dummy,0.8374,284,619,675,1080
913,30.48,boneka-dummy,0.5597,1237,512,1585,1080
914,30.52,boneka-dummy,0.9041,309,616,690,1080
914,30.52,boneka-dummy,0.5156,1734,220,1919,515
915,30.55,boneka-dummy,0.8399,326,627,702,1080
915,30.55,boneka-dummy,0.6382,1279,511,1622,1080
916,30.58,boneka-dummy,0.8588,338,609,719,1080
916,30.58,boneka-dummy,0.7264,1308,512,1640,1080
917,30.62,boneka-dummy,0.8219,352,607,738,1080
917,30.62,boneka-dummy,0.6534,1325,517,1653,1080
918,30.65,boneka-dummy,0.8012,373,623,755,1080
918,30.65,boneka-dummy,0.6857,1328,508,1688,1080
919,30.68,boneka-dummy,0.8067,391,606,764,1080
919,30.68,boneka-dummy,0.6771,1344,503,1708,1080
920,30.72,boneka-dummy,0.9123,405,596,777,1080
920,30.72,boneka-dummy,0.6612,1371,502,1720,1080
921,30.75,boneka-dummy,0.8194,423,597,808,1080
921,30.75,boneka-dummy,0.5989,1397,501,1736,1080
922,30.78,boneka-dummy,0.8394,434,596,816,1080
923,30.82,boneka-dummy,0.8764,450,593,831,1080
924,30.85,boneka-dummy,0.7355,475,601,853,1080
925,30.88,boneka-dummy,0.9036,496,591,869,1080
925,30.88,boneka-asli,0.7600,1,479,256,1080
926,30.92,boneka-dummy,0.9049,520,583,892,1080
926,30.92,boneka-dummy,0.7123,1518,647,1874,1080
927,30.95,boneka-dummy,0.8941,539,580,911,1080
928,30.98,boneka-dummy,0.9060,556,580,936,1080
929,31.02,boneka-dummy,0.8486,573,586,966,1080
930,31.05,boneka-dummy,0.8864,602,578,977,1080
930,31.05,boneka-asli,0.7352,24,483,357,1080
930,31.05,boneka-asli,0.5533,1602,259,1920,1080
931,31.08,boneka-dummy,0.8884,618,581,1003,1080
931,31.08,boneka-asli,0.6896,1644,343,1919,1080
932,31.12,boneka-dummy,0.9099,636,574,1015,1080
932,31.12,boneka-asli,0.6413,1657,386,1920,1080
933,31.15,boneka-dummy,0.8990,656,571,1066,1080
933,31.15,boneka-asli,0.6618,1687,365,1919,1080
934,31.18,boneka-dummy,0.8718,670,558,1072,1080
934,31.18,boneka-asli,0.7248,1702,388,1919,1080
935,31.22,boneka-dummy,0.8888,680,551,1063,1080
935,31.22,boneka-asli,0.6538,1714,380,1919,1080
935,31.22,boneka-dummy,0.5159,628,253,774,402
936,31.25,boneka-dummy,0.8826,681,552,1077,1080
936,31.25,boneka-asli,0.7085,1726,401,1919,1080
937,31.28,boneka-dummy,0.8758,688,545,1080,1080
937,31.28,boneka-asli,0.5904,1727,384,1919,1080
938,31.32,boneka-dummy,0.8687,689,534,1104,1080
938,31.32,boneka-asli,0.5026,1733,391,1919,1080
938,31.32,boneka-asli,0.5022,117,419,446,1080
939,31.35,boneka-dummy,0.8876,681,516,1093,1080
940,31.38,boneka-dummy,0.9022,685,510,1098,1080
940,31.38,boneka-asli,0.5253,1752,380,1920,1080
940,31.38,boneka-asli,0.5055,13,390,428,1080
941,31.42,boneka-dummy,0.9009,688,510,1095,1080
942,31.45,boneka-dummy,0.9141,680,510,1092,1080
942,31.45,boneka-dummy,0.5361,1766,505,1919,1080
943,31.48,boneka-dummy,0.9063,683,506,1097,1080
943,31.48,boneka-dummy,0.5307,1778,502,1919,1080
944,31.52,boneka-dummy,0.9022,678,500,1104,1080
944,31.52,boneka-dummy,0.5877,1783,516,1919,1080
945,31.55,boneka-dummy,0.9078,666,501,1105,1080
945,31.55,boneka-dummy,0.6157,1783,566,1919,1080
946,31.58,boneka-dummy,0.9019,661,500,1102,1080
946,31.58,boneka-dummy,0.6251,1782,610,1919,1080
946,31.58,boneka-asli,0.5860,12,363,394,1080
947,31.62,boneka-dummy,0.8971,659,495,1102,1080
947,31.62,boneka-dummy,0.6722,1784,614,1919,1080
948,31.65,boneka-dummy,0.9027,664,495,1103,1080
948,31.65,boneka-asli,0.6750,1,349,377,1080
948,31.65,boneka-dummy,0.5896,1778,580,1919,1080
949,31.68,boneka-dummy,0.9024,638,489,1088,1080
949,31.68,boneka-asli,0.6082,1775,401,1919,1080
949,31.68,boneka-asli,0.5170,1,345,362,1080
950,31.72,boneka-dummy,0.8979,652,481,1087,1080
950,31.72,boneka-asli,0.6585,1,338,348,1080
950,31.72,boneka-asli,0.5315,1768,405,1919,1080
950,31.72,boneka-dummy,0.5217,0,335,353,1080
951,31.75,boneka-dummy,0.9157,650,468,1069,1080
952,31.78,boneka-dummy,0.9105,637,458,1072,1080
952,31.78,boneka-dummy,0.5518,0,306,370,1080
953,31.82,boneka-dummy,0.9137,626,454,1060,1080
953,31.82,boneka-dummy,0.6457,0,287,343,1080
953,31.82,boneka-asli,0.5001,1749,361,1920,1073
954,31.85,boneka-dummy,0.8811,617,442,1054,1080
955,31.89,boneka-dummy,0.8701,591,419,1045,1080
956,31.92,boneka-dummy,0.8937,578,406,1024,1080
957,31.95,boneka-dummy,0.8980,565,405,1018,1080
958,31.99,boneka-dummy,0.9006,557,396,1004,1080
958,31.99,boneka-dummy,0.5480,1677,279,1920,1080
959,32.02,boneka-dummy,0.8944,542,385,987,1080
959,32.02,boneka-dummy,0.5586,1671,285,1919,1077
960,32.05,boneka-dummy,0.8911,534,373,980,1080
960,32.05,boneka-asli,0.6939,1668,238,1919,1052
961,32.09,boneka-dummy,0.8865,535,373,985,1080
961,32.09,boneka-dummy,0.6477,1647,248,1919,1071
961,32.09,boneka-asli,0.5152,1649,232,1919,1056
962,32.12,boneka-dummy,0.8717,515,381,975,1080
962,32.12,boneka-dummy,0.7666,1637,289,1919,1067
963,32.15,boneka-dummy,0.8692,490,389,961,1080
963,32.15,boneka-dummy,0.7452,1626,237,1920,1067
964,32.19,boneka-dummy,0.8939,496,400,941,1080
964,32.19,boneka-dummy,0.6639,1624,250,1919,1065
964,32.19,boneka-asli,0.5345,1622,193,1919,1057
965,32.22,boneka-dummy,0.8960,489,405,927,1080
965,32.22,boneka-dummy,0.5307,1596,362,1920,1060
966,32.25,boneka-dummy,0.9058,483,409,906,1080
966,32.25,boneka-asli,0.7084,1587,178,1920,1054
967,32.29,boneka-dummy,0.9064,472,388,899,1080
967,32.29,boneka-asli,0.6579,1578,198,1920,1036
968,32.32,boneka-dummy,0.8779,440,382,888,1080
968,32.32,boneka-dummy,0.6325,1547,238,1920,1030
969,32.35,boneka-dummy,0.8360,411,374,869,1076
969,32.35,boneka-asli,0.6416,1534,117,1920,1026
970,32.39,boneka-dummy,0.8449,389,374,843,1075
970,32.39,boneka-asli,0.6649,1515,84,1920,1021
971,32.42,boneka-dummy,0.8932,388,387,813,1072
971,32.42,boneka-asli,0.6897,1496,0,1920,1017
972,32.45,boneka-dummy,0.8727,356,370,794,1065
972,32.45,boneka-asli,0.6108,1482,70,1919,1015
973,32.49,boneka-dummy,0.8837,335,369,784,1065
974,32.52,boneka-dummy,0.8838,321,365,773,1060
975,32.55,boneka-dummy,0.8842,314,367,768,1062
976,32.59,boneka-dummy,0.8810,299,369,764,1062
977,32.62,boneka-dummy,0.8823,297,371,753,1065
978,32.65,boneka-dummy,0.8741,299,370,750,1065
979,32.69,boneka-dummy,0.8705,299,372,750,1067
980,32.72,boneka-dummy,0.8667,288,390,752,1068
981,32.75,boneka-dummy,0.8741,295,377,756,1066
982,32.79,boneka-dummy,0.8782,311,378,763,1066
983,32.82,boneka-dummy,0.8798,321,413,764,1068
984,32.85,boneka-dummy,0.8794,323,390,772,1067
985,32.89,boneka-dummy,0.8792,347,392,784,1068
986,32.92,boneka-dummy,0.8868,360,405,790,1066
987,32.95,boneka-dummy,0.8950,378,412,803,1067
988,32.99,boneka-dummy,0.9107,380,412,817,1074
989,33.02,boneka-dummy,0.8988,397,408,831,1077
989,33.02,boneka-asli,0.6059,1494,125,1919,1022
990,33.05,boneka-dummy,0.9008,417,405,846,1079
990,33.05,boneka-asli,0.6646,1506,88,1920,1026
991,33.09,boneka-dummy,0.8683,424,401,874,1080
991,33.09,boneka-asli,0.6572,1517,135,1920,1025
992,33.12,boneka-dummy,0.9019,452,404,883,1080
992,33.12,boneka-asli,0.5674,1529,164,1920,1031
993,33.15,boneka-dummy,0.9166,461,407,890,1080
993,33.15,boneka-asli,0.6927,1541,177,1920,1027
994,33.19,boneka-dummy,0.9130,473,410,902,1080
994,33.19,boneka-dummy,0.6070,1548,219,1920,1035
995,33.22,boneka-dummy,0.9074,480,415,918,1080
995,33.22,boneka-dummy,0.5024,1558,243,1919,1043
996,33.25,boneka-dummy,0.8923,514,418,933,1080
996,33.25,boneka-dummy,0.5078,1577,237,1919,1055
997,33.29,boneka-dummy,0.8775,518,418,957,1080
997,33.29,boneka-asli,0.7169,1582,249,1920,1058
998,33.32,boneka-dummy,0.8931,554,420,982,1080
998,33.32,boneka-asli,0.7444,1595,203,1919,1056
999,33.35,boneka-dummy,0.9031,560,435,987,1080
999,33.35,boneka-asli,0.5548,1608,213,1919,1065
999,33.35,boneka-dummy,0.5013,1612,268,1920,1068
1000,33.39,boneka-dummy,0.8867,579,434,1007,1080
1000,33.39,boneka-dummy,0.6398,1620,268,1920,1068
1000,33.39,boneka-asli,0.5609,1617,233,1919,1063
1001,33.42,boneka-dummy,0.8779,582,426,1019,1080
1001,33.42,boneka-asli,0.6220,1634,263,1919,1076
1001,33.42,boneka-dummy,0.5098,1634,285,1920,1073
1002,33.45,boneka-dummy,0.8853,608,425,1028,1080
1002,33.45,boneka-dummy,0.5799,1640,306,1920,1075
1003,33.49,boneka-dummy,0.8957,626,432,1028,1080
1003,33.49,boneka-asli,0.5200,1652,304,1919,1079
1004,33.52,boneka-dummy,0.8963,630,439,1022,1080
1004,33.52,boneka-asli,0.6207,1655,306,1919,1080
1005,33.55,boneka-dummy,0.8851,622,438,1019,1080
1006,33.59,boneka-dummy,0.8828,605,436,1024,1080
1006,33.59,boneka-asli,0.5591,1644,289,1919,1080
1007,33.62,boneka-dummy,0.8822,591,438,1009,1080
1007,33.62,boneka-dummy,0.7715,0,292,311,1080
1007,33.62,boneka-asli,0.6072,1632,274,1919,1080
1008,33.65,boneka-dummy,0.8949,579,440,988,1080
1008,33.65,boneka-dummy,0.6621,1624,277,1919,1080
1009,33.69,boneka-dummy,0.9083,563,438,974,1080
1009,33.69,boneka-dummy,0.6890,1605,297,1919,1080
1010,33.72,boneka-dummy,0.8973,541,432,951,1080
1011,33.75,boneka-dummy,0.8826,520,430,931,1080
1011,33.75,boneka-dummy,0.6232,1571,314,1919,1080
1011,33.75,boneka-asli,0.5608,1571,257,1920,1080
1012,33.79,boneka-dummy,0.8759,501,436,929,1080
1012,33.79,boneka-dummy,0.6634,1556,320,1920,1078
1013,33.82,boneka-dummy,0.8762,487,441,921,1080
1013,33.82,boneka-dummy,0.5879,1550,227,1919,1080
1014,33.85,boneka-dummy,0.9042,479,437,891,1080
1014,33.85,boneka-asli,0.6657,1543,190,1919,1080
1014,33.85,boneka-dummy,0.5289,1544,204,1919,1080
1015,33.89,boneka-dummy,0.9095,475,431,900,1080
1015,33.89,boneka-asli,0.6795,1543,178,1919,1080
1015,33.89,boneka-dummy,0.5249,1543,197,1919,1080
1016,33.92,boneka-dummy,0.8862,466,437,898,1080
1016,33.92,boneka-dummy,0.6554,1537,181,1919,1080
1016,33.92,boneka-asli,0.5762,1536,165,1919,1080
1017,33.96,boneka-dummy,0.8967,466,436,896,1080
1017,33.96,boneka-dummy,0.6544,1543,190,1919,1080
1017,33.96,boneka-asli,0.5433,1543,163,1919,1080
1018,33.99,boneka-dummy,0.8659,460,432,889,1080
1018,33.99,boneka-dummy,0.6467,1541,218,1919,1080
1019,34.02,boneka-dummy,0.8624,451,429,883,1080
1019,34.02,boneka-dummy,0.6010,1544,284,1919,1080
1020,34.06,boneka-dummy,0.8654,446,429,873,1080
1020,34.06,boneka-dummy,0.6189,1550,239,1919,1080
1021,34.09,boneka-dummy,0.8614,445,430,872,1080
1021,34.09,boneka-asli,0.6103,1534,56,1920,1080
1021,34.09,boneka-dummy,0.5303,1542,248,1920,1080
1022,34.12,boneka-dummy,0.8569,444,428,879,1080
1023,34.16,boneka-dummy,0.8752,429,431,853,1080
1023,34.16,boneka-asli,0.6053,1536,34,1920,1080
1023,34.16,boneka-dummy,0.5175,1539,139,1920,1080
1024,34.19,boneka-dummy,0.8826,435,435,848,1080
1024,34.19,boneka-asli,0.5616,1513,18,1920,1080
1025,34.22,boneka-dummy,0.8888,422,439,848,1080
1026,34.26,boneka-dummy,0.9085,420,443,844,1080
1026,34.26,boneka-dummy,0.5804,1518,351,1919,1080
1026,34.26,boneka-asli,0.5545,0,369,145,1080
1026,34.26,boneka-asli,0.5287,1508,72,1920,1080
1027,34.29,boneka-dummy,0.9124,423,442,837,1078
1027,34.29,boneka-dummy,0.6519,1518,370,1919,1080
1028,34.32,boneka-dummy,0.9107,435,439,837,1074
1028,34.32,boneka-dummy,0.6883,1525,370,1920,1080
1029,34.36,boneka-dummy,0.9142,443,427,848,1069
1029,34.36,boneka-dummy,0.6018,1540,364,1919,1080
1030,34.39,boneka-dummy,0.8865,471,426,858,1064
1030,34.39,boneka-dummy,0.7153,1538,362,1920,1080
1031,34.42,boneka-dummy,0.8883,481,425,892,1060
1032,34.46,boneka-dummy,0.8898,492,423,905,1056
1032,34.46,boneka-asli,0.7774,1561,338,1920,1080
1033,34.49,boneka-dummy,0.9050,531,421,919,1046
1033,34.49,boneka-asli,0.6976,1580,337,1919,1080
1033,34.49,boneka-asli,0.5319,0,312,213,1080
1034,34.52,boneka-dummy,0.9112,540,420,934,1041
1034,34.52,boneka-asli,0.6922,1603,302,1920,1080
1035,34.56,boneka-dummy,0.9122,565,420,960,1037
1035,34.56,boneka-asli,0.7540,1623,98,1920,1080
1036,34.59,boneka-dummy,0.8973,592,419,983,1031
1036,34.59,boneka-asli,0.6235,1629,113,1920,1080
1037,34.62,boneka-dummy,0.8749,607,423,990,1024
1037,34.62,boneka-asli,0.6286,1638,93,1920,1079
1038,34.66,boneka-dummy,0.8909,627,423,1005,1018
1038,34.66,boneka-asli,0.7358,1661,133,1919,1080
1039,34.69,boneka-dummy,0.8766,642,419,1009,1006
1039,34.69,boneka-asli,0.7178,1676,227,1919,1080
1040,34.72,boneka-dummy,0.8736,645,421,1028,1003
1040,34.72,boneka-asli,0.6242,1666,253,1919,1080
1041,34.76,boneka-dummy,0.8750,644,418,1010,997
1041,34.76,boneka-asli,0.6594,1649,226,1919,1080
1042,34.79,boneka-dummy,0.8870,658,423,988,993
1042,34.79,boneka-dummy,0.6475,1650,308,1920,1080
1042,34.79,boneka-asli,0.5671,1642,319,1919,1080
1043,34.82,boneka-dummy,0.8879,650,427,980,992
1043,34.82,boneka-dummy,0.7386,1638,319,1918,1080
1043,34.82,boneka-asli,0.5301,1628,320,1919,1080
1044,34.86,boneka-dummy,0.8871,641,428,982,994
1044,34.86,boneka-dummy,0.7436,1634,351,1918,1080
1044,34.86,boneka-asli,0.6344,1629,343,1919,1080
1045,34.89,boneka-dummy,0.8704,634,438,969,994
1045,34.89,boneka-dummy,0.7405,1620,357,1919,1080
1045,34.89,boneka-asli,0.7086,1618,342,1919,1080
1046,34.92,boneka-dummy,0.7771,619,443,960,1001
1046,34.92,boneka-dummy,0.7442,1599,363,1919,1080
1046,34.92,boneka-asli,0.6667,1595,361,1919,1080
1047,34.96,boneka-asli,0.8135,1584,365,1919,1080
1047,34.96,boneka-dummy,0.7614,597,444,954,1001
1048,34.99,boneka-asli,0.8312,1564,382,1920,1080
1048,34.99,boneka-dummy,0.7879,584,444,942,1004
1049,35.02,boneka-dummy,0.8198,584,449,965,1004
1049,35.02,boneka-asli,0.8005,1548,384,1920,1080
1049,35.02,boneka-dummy,0.5094,1549,386,1920,1080
1050,35.06,boneka-dummy,0.8127,1536,411,1919,1080
1050,35.06,boneka-dummy,0.8083,581,464,944,1014
1050,35.06,boneka-asli,0.7591,1531,409,1920,1080
1051,35.09,boneka-asli,0.8640,1510,418,1920,1080
1051,35.09,boneka-dummy,0.8399,567,473,920,1020
1051,35.09,boneka-dummy,0.5455,1517,420,1919,1080
1052,35.12,boneka-dummy,0.8222,565,486,923,1026
1052,35.12,boneka-asli,0.7698,1500,430,1920,1080
1052,35.12,boneka-dummy,0.6054,1502,436,1919,1080
1053,35.16,boneka-dummy,0.8187,551,495,915,1035
1053,35.16,boneka-asli,0.7441,1488,438,1920,1080
1053,35.16,boneka-dummy,0.7392,1491,445,1919,1080
1054,35.19,boneka-dummy,0.8338,548,504,879,1051
1054,35.19,boneka-asli,0.7783,1479,455,1916,1079
1055,35.22,boneka-dummy,0.8621,549,510,877,1054
1055,35.22,boneka-asli,0.8319,1468,464,1913,1080
1055,35.22,boneka-dummy,0.6080,1780,209,1897,330
1056,35.26,boneka-dummy,0.8705,549,517,883,1053
1056,35.26,boneka-asli,0.8255,1463,466,1904,1079
1057,35.29,boneka-dummy,0.8614,544,523,868,1056
1057,35.29,boneka-asli,0.8172,1462,472,1866,1080
1057,35.29,boneka-dummy,0.6566,1714,519,1879,702
1057,35.29,boneka-dummy,0.5091,1787,206,1917,356
1058,35.32,boneka-dummy,0.8598,545,562,874,1058
1058,35.32,boneka-asli,0.8279,1460,476,1852,1080
1058,35.32,boneka-dummy,0.6784,1793,204,1918,359
1059,35.36,boneka-dummy,0.8626,545,556,866,1059
1059,35.36,boneka-asli,0.8313,1459,482,1875,1080
1059,35.36,boneka-dummy,0.5346,1453,482,1901,1080
1060,35.39,boneka-dummy,0.8566,540,560,871,1059
1060,35.39,boneka-asli,0.8315,1460,483,1883,1080
1060,35.39,boneka-dummy,0.5461,1804,204,1920,338
1061,35.42,boneka-dummy,0.8515,550,562,867,1060
1061,35.42,boneka-asli,0.8344,1460,483,1875,1080
1061,35.42,boneka-dummy,0.6073,1813,203,1920,339
1062,35.46,boneka-dummy,0.8515,555,556,863,1059
1062,35.46,boneka-asli,0.8303,1460,483,1882,1080
1063,35.49,boneka-dummy,0.8487,549,553,864,1057
1063,35.49,boneka-asli,0.8394,1457,486,1879,1080
1064,35.52,boneka-dummy,0.8460,547,576,866,1055
1064,35.52,boneka-asli,0.8409,1457,485,1883,1080
1065,35.56,boneka-asli,0.8389,1454,483,1880,1080
1065,35.56,boneka-dummy,0.8330,544,559,866,1055
1066,35.59,boneka-dummy,0.8301,540,548,865,1054
1066,35.59,boneka-asli,0.8252,1448,481,1876,1080
1066,35.59,boneka-dummy,0.5304,586,531,771,644
1067,35.62,boneka-asli,0.8216,1445,480,1876,1080
1067,35.62,boneka-dummy,0.8114,540,559,870,1051
1067,35.62,boneka-dummy,0.5599,587,532,769,642
1068,35.66,boneka-asli,0.8142,1441,479,1877,1080
1068,35.66,boneka-dummy,0.8017,543,539,872,1048
1068,35.66,boneka-dummy,0.5588,588,529,775,645
1069,35.69,boneka-asli,0.8098,1442,473,1869,1080
1069,35.69,boneka-dummy,0.8053,542,548,865,1044
1070,35.72,boneka-dummy,0.8374,538,530,864,1039
1070,35.72,boneka-asli,0.7982,1438,476,1866,1080
1070,35.72,boneka-dummy,0.5188,1691,517,1871,707
1071,35.76,boneka-dummy,0.8499,540,547,862,1037
1071,35.76,boneka-asli,0.8459,1439,470,1862,1080
1071,35.76,boneka-dummy,0.5347,1689,518,1861,706
1072,35.79,boneka-dummy,0.8546,542,538,859,1032
1072,35.79,boneka-asli,0.8364,1433,467,1859,1080
1072,35.79,boneka-dummy,0.6773,1690,517,1857,700
1073,35.82,boneka-dummy,0.8494,540,529,854,1026
1073,35.82,boneka-asli,0.7742,1416,463,1857,1080
1073,35.82,boneka-dummy,0.5081,1686,512,1850,704
1074,35.86,boneka-dummy,0.8620,546,509,853,1024
1074,35.86,boneka-asli,0.7978,1408,465,1847,1080
1074,35.86,boneka-dummy,0.5348,590,517,762,631
1075,35.89,boneka-dummy,0.8698,543,517,850,1017
1075,35.89,boneka-asli,0.8161,1400,466,1842,1080
1075,35.89,boneka-dummy,0.5347,586,519,763,628
1076,35.92,boneka-dummy,0.8676,539,515,838,1014
1076,35.92,boneka-asli,0.8383,1388,457,1833,1080
1077,35.96,boneka-dummy,0.8820,531,510,828,1007
1077,35.96,boneka-asli,0.8196,1382,449,1825,1080
1077,35.96,boneka-dummy,0.5351,1737,861,1914,979
1078,35.99,boneka-dummy,0.8707,526,500,829,1002
1078,35.99,boneka-asli,0.7515,1373,452,1815,1080
1078,35.99,boneka-dummy,0.5674,1731,855,1915,976
1079,36.03,boneka-dummy,0.8125,513,499,817,993
1079,36.03,boneka-asli,0.7581,1362,440,1802,1080
1079,36.03,boneka-dummy,0.6568,1363,446,1804,1080
1080,36.06,boneka-asli,0.8374,1359,436,1791,1080
1080,36.06,boneka-dummy,0.7645,516,501,822,986
1080,36.06,boneka-dummy,0.6348,1356,437,1794,1080
1081,36.09,boneka-dummy,0.8232,508,512,814,977
1081,36.09,boneka-asli,0.7999,1349,424,1777,1080
1081,36.09,boneka-dummy,0.7852,1350,429,1779,1080
1081,36.09,boneka-dummy,0.5167,1190,743,1439,899
1082,36.13,boneka-dummy,0.8448,1342,421,1780,1080
1082,36.13,boneka-dummy,0.8160,497,510,816,971
1082,36.13,boneka-asli,0.7296,1340,417,1777,1080
1082,36.13,boneka-dummy,0.5875,1705,830,1909,940
1082,36.13,boneka-dummy,0.5110,545,486,725,595
1082,36.13,boneka-asli,0.5034,3,920,526,1080
1083,36.16,boneka-dummy,0.8434,491,507,806,967
1083,36.16,boneka-asli,0.8011,1336,420,1763,1080
1083,36.16,boneka-dummy,0.6292,1691,818,1867,938
1083,36.16,boneka-dummy,0.5472,539,483,719,603
1084,36.19,boneka-dummy,0.8567,493,483,799,965
1084,36.19,boneka-asli,0.7902,1324,419,1747,1080
1084,36.19,boneka-dummy,0.5939,1687,819,1876,934
1084,36.19,boneka-dummy,0.5455,808,950,1000,1080
1084,36.19,boneka-dummy,0.5197,538,480,713,592
1085,36.23,boneka-dummy,0.8511,495,478,787,958
1085,36.23,boneka-asli,0.7895,1313,416,1741,1080
1085,36.23,boneka-dummy,0.6361,1702,813,1872,931
1085,36.23,boneka-dummy,0.5029,541,476,713,583
1086,36.26,boneka-dummy,0.8358,499,467,794,953
1086,36.26,boneka-asli,0.8058,1309,408,1744,1080
1086,36.26,boneka-dummy,0.5838,1697,809,1862,918
1087,36.29,boneka-asli,0.8496,1307,390,1736,1073
1087,36.29,boneka-dummy,0.8187,501,456,793,944
1088,36.33,boneka-asli,0.8381,1305,387,1733,1065
1088,36.33,boneka-dummy,0.8264,500,453,784,939
1089,36.36,boneka-dummy,0.8482,495,454,780,936
1089,36.36,boneka-asli,0.8383,1304,387,1736,1064
1089,36.36,boneka-asli,0.5382,0,890,470,1080
1090,36.39,boneka-asli,0.8282,1301,388,1739,1057
1090,36.39,boneka-dummy,0.8262,494,456,781,936
1091,36.43,boneka-asli,0.8350,1301,387,1735,1055
1091,36.43,boneka-dummy,0.8221,490,457,781,936
1091,36.43,boneka-asli,0.5295,2,891,506,1080
1091,36.43,boneka-dummy,0.5202,1690,792,1837,893
1092,36.46,boneka-asli,0.8444,1300,390,1734,1051
1092,36.46,boneka-dummy,0.8284,487,456,778,936
1093,36.49,boneka-dummy,0.8395,491,457,778,936
1093,36.49,boneka-asli,0.7985,1297,393,1731,1051
1094,36.53,boneka-dummy,0.8348,493,461,784,939
1094,36.53,boneka-asli,0.7850,1297,398,1729,1051
1094,36.53,boneka-dummy,0.5245,1656,791,1821,889
1095,36.56,boneka-dummy,0.8602,491,466,774,940
1095,36.56,boneka-asli,0.8276,1292,397,1723,1048
1095,36.56,boneka-dummy,0.5954,1649,792,1810,889
1095,36.56,boneka-asli,0.5239,0,912,522,1080
1096,36.59,boneka-asli,0.8577,1287,402,1715,1047
1096,36.59,boneka-dummy,0.8508,486,468,782,952
1097,36.63,boneka-asli,0.8441,1284,407,1707,1061
1097,36.63,boneka-dummy,0.8357,483,488,782,959
1097,36.63,boneka-asli,0.6781,0,911,480,1080
1097,36.63,boneka-dummy,0.5752,1655,800,1807,898
1098,36.66,boneka-dummy,0.8294,478,514,774,960
1098,36.66,boneka-asli,0.8165,1280,412,1696,1059
1098,36.66,boneka-dummy,0.5125,1643,804,1820,906
1099,36.69,boneka-asli,0.7956,1270,415,1688,1060
1099,36.69,boneka-dummy,0.7661,475,510,772,963
1100,36.73,boneka-dummy,0.7822,464,506,769,970
1100,36.73,boneka-asli,0.7183,1266,419,1670,1075
1100,36.73,boneka-asli,0.5807,2,929,447,1078
1100,36.73,boneka-dummy,0.5404,1598,808,1766,911
1101,36.76,boneka-dummy,0.8189,459,506,761,977
1101,36.76,boneka-asli,0.7375,1256,433,1658,1079
1101,36.76,boneka-dummy,0.5026,782,952,949,1078
1102,36.79,boneka-dummy,0.8665,461,505,756,983
1102,36.79,boneka-asli,0.6577,1250,443,1647,1080
1102,36.79,boneka-dummy,0.5140,1089,721,1355,886
1102,36.79,boneka-dummy,0.5025,775,955,959,1080
1103,36.83,boneka-dummy,0.8562,455,522,747,990
1103,36.83,boneka-asli,0.6316,1245,441,1639,1078
1103,36.83,boneka-dummy,0.5803,1816,142,1919,267
1103,36.83,boneka-dummy,0.5014,1599,815,1737,916
1104,36.86,boneka-dummy,0.8696,447,525,742,993
1104,36.86,boneka-dummy,0.6890,1248,445,1629,1079
1104,36.86,boneka-asli,0.6185,1244,444,1631,1079
1104,36.86,boneka-dummy,0.5587,204,0,550,136
1105,36.89,boneka-dummy,0.8546,445,540,742,998
1105,36.89,boneka-dummy,0.6013,1243,450,1627,1080
1105,36.89,boneka-asli,0.5906,1239,450,1631,1079
1105,36.89,boneka-dummy,0.5154,489,531,660,636
1106,36.93,boneka-dummy,0.8522,442,549,736,1005
1106,36.93,boneka-asli,0.6923,1241,460,1622,1078
1106,36.93,boneka-dummy,0.6672,1243,455,1620,1080
1107,36.96,boneka-dummy,0.8517,446,550,734,1007
1107,36.96,boneka-asli,0.7635,1239,465,1619,1080
1107,36.96,boneka-dummy,0.6067,1241,459,1618,1080
1108,36.99,boneka-dummy,0.8522,445,549,741,1010
1108,36.99,boneka-asli,0.7681,1238,468,1617,1080
1108,36.99,boneka-dummy,0.6252,1241,463,1616,1080
1109,37.03,boneka-dummy,0.8652,449,551,744,1015
1109,37.03,boneka-asli,0.8215,1241,471,1618,1080
1109,37.03,boneka-dummy,0.5841,1244,465,1617,1080
1109,37.03,boneka-dummy,0.5627,96,0,601,168
1110,37.06,boneka-dummy,0.8740,457,555,746,1019
1110,37.06,boneka-asli,0.8134,1245,481,1615,1080
1110,37.06,boneka-dummy,0.6332,102,0,599,174
1110,37.06,boneka-dummy,0.6110,1247,479,1614,1080
1110,37.06,boneka-dummy,0.5416,1554,837,1717,934
1111,37.09,boneka-dummy,0.8657,463,573,748,1026
1111,37.09,boneka-asli,0.7684,1244,485,1613,1080
1111,37.09,boneka-dummy,0.7136,1246,486,1612,1080
1111,37.09,boneka-dummy,0.6081,1720,181,1845,305
1112,37.13,boneka-dummy,0.8674,457,584,750,1036
1112,37.13,boneka-asli,0.7654,1243,494,1610,1080
1112,37.13,boneka-dummy,0.5910,1248,491,1610,1080
1112,37.13,boneka-dummy,0.5324,82,0,606,181
1113,37.16,boneka-dummy,0.8603,463,588,758,1038
1113,37.16,boneka-asli,0.7514,1245,501,1609,1080
1113,37.16,boneka-dummy,0.6600,1250,500,1609,1080
1113,37.16,boneka-dummy,0.5118,55,0,573,193
1114,37.19,boneka-dummy,0.8497,458,595,755,1043
1114,37.19,boneka-asli,0.7193,1246,508,1612,1080
1114,37.19,boneka-dummy,0.5698,1251,509,1611,1080
1115,37.23,boneka-dummy,0.8557,457,596,758,1052
1115,37.23,boneka-asli,0.6795,1248,510,1614,1080
1115,37.23,boneka-dummy,0.6311,1253,512,1615,1080
1115,37.23,boneka-dummy,0.5209,33,0,593,207
1116,37.26,boneka-dummy,0.8346,464,604,764,1054
1116,37.26,boneka-dummy,0.6800,1255,514,1619,1080
1116,37.26,boneka-asli,0.6282,1250,511,1618,1080
1117,37.29,boneka-dummy,0.8540,472,597,768,1055
1117,37.29,boneka-dummy,0.7213,1260,516,1622,1080
1117,37.29,boneka-asli,0.5518,1256,514,1620,1080
1118,37.33,boneka-dummy,0.8718,479,602,771,1058
1118,37.33,boneka-dummy,0.7915,1267,520,1627,1080
1119,37.36,boneka-dummy,0.8649,495,600,781,1058
1119,37.36,boneka-dummy,0.7016,1278,521,1633,1080
1119,37.36,boneka-asli,0.5226,1277,516,1627,1080
1120,37.39,boneka-dummy,0.8647,500,603,806,1060
1120,37.39,boneka-dummy,0.6647,1286,523,1645,1080
1121,37.43,boneka-dummy,0.8388,508,612,808,1062
1121,37.43,boneka-asli,0.7517,1298,522,1652,1080
1121,37.43,boneka-dummy,0.5868,48,0,528,239
1122,37.46,boneka-dummy,0.8456,527,607,820,1060
1122,37.46,boneka-asli,0.7537,1304,521,1662,1080
1122,37.46,boneka-dummy,0.5574,55,0,537,235
1123,37.49,boneka-dummy,0.8817,540,607,825,1061
1123,37.49,boneka-asli,0.7413,1314,525,1666,1080
1123,37.49,boneka-dummy,0.6801,50,0,527,239
1124,37.53,boneka-dummy,0.8808,549,607,826,1063
1124,37.53,boneka-asli,0.7530,1321,529,1666,1080
1124,37.53,boneka-dummy,0.6654,65,0,533,238
1125,37.56,boneka-dummy,0.8710,556,615,834,1061
1125,37.56,boneka-asli,0.7700,1323,536,1665,1080
1125,37.56,boneka-dummy,0.6067,65,0,540,242
1125,37.56,boneka-asli,0.5849,1768,209,1900,347
1125,37.56,boneka-dummy,0.5074,1601,863,1762,959
1126,37.59,boneka-dummy,0.8757,558,616,831,1061
1126,37.59,boneka-asli,0.7746,1321,537,1662,1080
1126,37.59,boneka-dummy,0.6177,72,0,540,240
1126,37.59,boneka-asli,0.5229,1768,210,1893,346
1127,37.63,boneka-dummy,0.8813,561,615,835,1056
1127,37.63,boneka-asli,0.7151,1317,534,1654,1080
1127,37.63,boneka-dummy,0.5990,71,0,530,241
1128,37.66,boneka-dummy,0.8920,559,609,835,1053
1128,37.66,boneka-asli,0.6713,1310,533,1649,1080
1128,37.66,boneka-dummy,0.6050,81,0,526,241
1129,37.69,boneka-dummy,0.8839,555,607,839,1050
1129,37.69,boneka-asli,0.6031,1305,529,1642,1080
1130,37.73,boneka-dummy,0.8885,556,608,841,1041
1130,37.73,boneka-dummy,0.5285,1761,209,1878,350
1130,37.73,boneka-asli,0.5240,1301,527,1641,1080
1131,37.76,boneka-dummy,0.8780,557,608,832,1034
1131,37.76,boneka-dummy,0.5419,1760,210,1873,350
1131,37.76,boneka-dummy,0.5233,1303,524,1635,1080
1132,37.79,boneka-dummy,0.8854,555,604,828,1025
1132,37.79,boneka-dummy,0.5868,1747,211,1871,349
1132,37.79,boneka-asli,0.5349,1297,521,1631,1074
1133,37.83,boneka-dummy,0.8681,557,608,834,1014
1133,37.83,boneka-dummy,0.6116,98,0,533,229
1134,37.86,boneka-dummy,0.8540,559,607,839,1006
1134,37.86,boneka-dummy,0.5670,53,0,533,241
1134,37.86,boneka-dummy,0.5197,1289,511,1626,1055
1135,37.89,boneka-dummy,0.8702,567,591,830,1000
1135,37.89,boneka-asli,0.6523,1281,502,1613,1041
1135,37.89,boneka-dummy,0.5417,62,0,525,241
1136,37.93,boneka-dummy,0.8678,563,576,830,992
1136,37.93,boneka-asli,0.7905,1272,491,1606,1033
1136,37.93,boneka-dummy,0.5903,55,0,530,241
1137,37.96,boneka-dummy,0.8749,556,573,820,983
1137,37.96,boneka-asli,0.7562,1264,490,1595,1027
1137,37.96,boneka-dummy,0.5333,88,0,527,155
1138,37.99,boneka-dummy,0.8452,549,575,815,976
1138,37.99,boneka-asli,0.7470,1261,489,1583,1009
1138,37.99,boneka-dummy,0.5635,80,0,523,155
1139,38.03,boneka-dummy,0.8552,549,566,806,965
1139,38.03,boneka-asli,0.7396,1256,486,1576,1003
1139,38.03,boneka-dummy,0.5456,83,0,531,187
1140,38.06,boneka-dummy,0.8613,548,569,805,960
1140,38.06,boneka-dummy,0.6112,78,0,513,196
1140,38.06,boneka-dummy,0.5498,1623,218,1743,359
1141,38.10,boneka-dummy,0.8405,537,571,807,957
1141,38.10,boneka-dummy,0.6270,49,0,499,239
1142,38.13,boneka-dummy,0.8363,527,564,798,952
1142,38.13,boneka-dummy,0.5727,62,0,477,197
1142,38.13,boneka-asli,0.5258,699,322,1395,994
1143,38.16,boneka-dummy,0.8545,521,570,786,950
1143,38.16,boneka-asli,0.5817,675,327,1428,985
1143,38.16,boneka-dummy,0.5465,66,0,490,201
1144,38.20,boneka-dummy,0.8747,515,567,778,948
1144,38.20,boneka-dummy,0.5660,72,0,486,164
1144,38.20,boneka-asli,0.5373,683,334,1441,982
1144,38.20,boneka-asli,0.5129,1710,211,1813,345
1145,38.23,boneka-dummy,0.8731,515,561,777,948
1145,38.23,boneka-dummy,0.5393,71,0,505,192
1145,38.23,boneka-asli,0.5202,1202,480,1528,981
1146,38.26,boneka-dummy,0.8774,518,560,778,944
1146,38.26,boneka-dummy,0.5399,67,0,503,184
1146,38.26,boneka-asli,0.5325,1201,479,1528,980
1147,38.30,boneka-dummy,0.8792,516,562,777,943
1147,38.30,boneka-dummy,0.6255,66,0,499,230
1147,38.30,boneka-asli,0.5967,1703,212,1808,351
1147,38.30,boneka-asli,0.5088,663,298,1524,984
1148,38.33,boneka-dummy,0.8804,518,565,774,942
1148,38.33,boneka-dummy,0.5753,67,0,500,204
1148,38.33,boneka-asli,0.5422,1199,479,1523,978
1149,38.36,boneka-dummy,0.8791,519,564,776,941
1149,38.36,boneka-asli,0.6196,1200,480,1519,977
1149,38.36,boneka-asli,0.5368,670,345,1362,977
1149,38.36,boneka-dummy,0.5105,62,0,493,205
1150,38.40,boneka-dummy,0.8778,515,566,777,940
1150,38.40,boneka-asli,0.7237,1194,480,1511,976
1150,38.40,boneka-asli,0.5376,666,349,1341,972
1151,38.43,boneka-dummy,0.8709,517,566,774,939
1151,38.43,boneka-asli,0.7314,1186,480,1501,977
1151,38.43,boneka-dummy,0.5204,23,0,515,245
1151,38.43,boneka-asli,0.5072,654,300,1438,979
1152,38.46,boneka-dummy,0.8497,514,572,781,941
1152,38.46,boneka-asli,0.7230,1181,482,1492,977
1153,38.50,boneka-dummy,0.8370,503,576,764,942
1153,38.50,boneka-asli,0.6653,1175,484,1482,978
1153,38.50,boneka-asli,0.5210,1686,218,1796,347
1154,38.53,boneka-dummy,0.8246,509,579,741,941
1154,38.53,boneka-asli,0.5941,1162,488,1475,975
1154,38.53,boneka-asli,0.5641,641,309,1448,989
1154,38.53,boneka-dummy,0.5544,1164,482,1477,982
1155,38.56,boneka-dummy,0.8734,509,578,740,942
1155,38.56,boneka-asli,0.6943,1159,490,1459,979
1155,38.56,boneka-asli,0.5434,630,309,1457,980
1156,38.60,boneka-dummy,0.8543,505,578,745,941
1156,38.60,boneka-asli,0.6903,633,332,1452,978
1156,38.60,boneka-asli,0.6807,1151,495,1444,977
1157,38.63,boneka-dummy,0.8438,505,579,741,942
1157,38.63,boneka-asli,0.6980,1145,496,1441,974
1157,38.63,boneka-asli,0.5727,629,316,1458,976
1158,38.66,boneka-dummy,0.8742,492,575,732,939
1158,38.66,boneka-asli,0.7110,627,330,1451,974
1158,38.66,boneka-asli,0.6905,1142,496,1436,970
1158,38.66,boneka-dummy,0.5751,1141,493,1439,974
1159,38.70,boneka-dummy,0.8865,492,577,733,938
1159,38.70,boneka-asli,0.6947,1136,494,1433,968
1159,38.70,boneka-asli,0.6737,621,327,1456,973
1160,38.73,boneka-dummy,0.8875,487,575,736,937
1160,38.73,boneka-asli,0.6518,1127,492,1428,966
1160,38.73,boneka-asli,0.5591,624,326,1428,977
1161,38.76,boneka-dummy,0.8856,489,573,732,933
1161,38.76,boneka-asli,0.7250,1122,492,1417,965
1161,38.76,boneka-asli,0.5619,637,343,1374,970
1162,38.80,boneka-dummy,0.8970,488,569,732,926
1162,38.80,boneka-asli,0.7505,1118,490,1414,965
1163,38.83,boneka-dummy,0.9059,489,571,727,916
1163,38.83,boneka-asli,0.7576,1113,482,1407,956
1163,38.83,boneka-asli,0.6337,633,346,1302,950
1164,38.86,boneka-dummy,0.9021,482,575,727,909
1164,38.86,boneka-asli,0.7687,1107,482,1404,945
1165,38.90,boneka-dummy,0.8733,479,566,724,905
1165,38.90,boneka-asli,0.7508,1104,475,1395,941
1165,38.90,boneka-dummy,0.5006,1104,469,1404,939
1165,38.90,boneka-dummy,0.5005,500,560,655,657
1166,38.93,boneka-dummy,0.8776,475,568,715,897
1166,38.93,boneka-asli,0.7830,1102,473,1388,938
1167,38.96,boneka-dummy,0.8525,472,562,719,897
1167,38.96,boneka-asli,0.7527,1100,471,1390,929
1167,38.96,boneka-dummy,0.6176,1098,455,1394,935
1167,38.96,boneka-asli,0.5075,619,328,1398,934
1168,39.00,boneka-dummy,0.8456,470,560,711,891
1168,39.00,boneka-asli,0.7526,1093,468,1379,925
1168,39.00,boneka-dummy,0.6736,1089,451,1383,930
1168,39.00,boneka-asli,0.5194,597,329,1378,953
1169,39.03,boneka-dummy,0.8393,465,552,695,888
1169,39.03,boneka-asli,0.7397,1086,468,1376,922
1169,39.03,boneka-dummy,0.6863,1082,451,1379,927
1169,39.03,boneka-asli,0.6318,569,320,1357,963
1170,39.06,boneka-dummy,0.8361,462,550,691,888
1170,39.06,boneka-dummy,0.7865,1075,447,1373,924
1170,39.06,boneka-asli,0.6580,593,319,1358,928
1170,39.06,boneka-asli,0.6017,1076,465,1368,921
1171,39.10,boneka-dummy,0.8100,462,543,694,883
1171,39.10,boneka-asli,0.7401,1075,463,1359,916
1171,39.10,boneka-dummy,0.7172,1073,448,1368,911
1171,39.10,boneka-asli,0.5685,576,321,1352,916
1171,39.10,boneka-dummy,0.5153,52,0,481,249
1172,39.13,boneka-asli,0.7452,1073,460,1352,917
1172,39.13,boneka-dummy,0.7056,455,540,687,878
1172,39.13,boneka-dummy,0.5852,48,0,481,245
1172,39.13,boneka-asli,0.5622,576,317,1350,912
1172,39.13,boneka-dummy,0.5448,1073,443,1367,911
1173,39.16,boneka-asli,0.7952,1068,456,1345,915
1173,39.16,boneka-dummy,0.7296,464,537,692,871
1173,39.16,boneka-dummy,0.5185,24,0,476,242
1174,39.20,boneka-dummy,0.7858,463,533,687,866
1174,39.20,boneka-asli,0.7682,1061,456,1345,906
1174,39.20,boneka-asli,0.5936,582,292,1350,904
1174,39.20,boneka-dummy,0.5547,52,0,472,242
1175,39.23,boneka-dummy,0.7923,458,529,692,862
1175,39.23,boneka-asli,0.7244,1058,451,1347,898
1175,39.23,boneka-dummy,0.6727,51,0,459,239
1175,39.23,boneka-asli,0.6370,598,300,1336,898
1175,39.23,boneka-dummy,0.5169,1060,444,1348,898
1176,39.26,boneka-dummy,0.8635,453,525,692,857
1176,39.26,boneka-asli,0.7331,1055,445,1340,896
1176,39.26,boneka-dummy,0.5427,1057,443,1344,895
1177,39.30,boneka-dummy,0.8440,457,524,691,854
1177,39.30,boneka-asli,0.7801,1054,442,1342,893
1177,39.30,boneka-dummy,0.6435,53,0,475,240
1177,39.30,boneka-dummy,0.5352,1056,435,1344,892
1178,39.33,boneka-dummy,0.8114,460,525,699,851
1178,39.33,boneka-asli,0.7902,1056,441,1341,887
1178,39.33,boneka-asli,0.6780,618,301,1295,880
1178,39.33,boneka-dummy,0.5872,55,0,468,231
1178,39.33,boneka-dummy,0.5772,1058,434,1342,890
1179,39.36,boneka-dummy,0.8443,462,522,693,848
1179,39.36,boneka-asli,0.7857,1058,440,1343,886
1179,39.36,boneka-asli,0.6634,615,300,1252,879
1179,39.36,boneka-dummy,0.5191,55,0,469,231
1180,39.40,boneka-dummy,0.8626,461,522,692,846
1180,39.40,boneka-asli,0.7940,1060,439,1343,882
1180,39.40,boneka-asli,0.6611,633,301,1250,874
1180,39.40,boneka-dummy,0.5110,53,0,469,215
1181,39.43,boneka-dummy,0.8385,463,522,693,843
1181,39.43,boneka-asli,0.7665,1061,437,1340,875
1181,39.43,boneka-asli,0.5700,637,300,1264,874
1181,39.43,boneka-dummy,0.5072,1063,429,1345,878
1182,39.46,boneka-dummy,0.8121,464,521,696,842
1182,39.46,boneka-asli,0.7661,1062,435,1339,875
1182,39.46,boneka-asli,0.6508,633,301,1203,873
1182,39.46,boneka-dummy,0.5269,1064,428,1344,878
1183,39.50,boneka-dummy,0.8134,458,522,702,843
1183,39.50,boneka-asli,0.7518,1061,437,1341,874
1183,39.50,boneka-asli,0.6969,626,302,1239,869
1183,39.50,boneka-dummy,0.6464,1063,430,1342,876
1184,39.53,boneka-dummy,0.8394,463,521,689,840
1184,39.53,boneka-asli,0.7375,1059,437,1337,873
1184,39.53,boneka-asli,0.7281,610,302,1265,870
1184,39.53,boneka-dummy,0.6304,1060,431,1340,875
1184,39.53,boneka-dummy,0.6250,51,0,475,236
1185,39.56,boneka-dummy,0.8502,461,520,691,840
1185,39.56,boneka-asli,0.7478,1058,441,1338,874
1185,39.56,boneka-asli,0.6609,1623,214,1717,331
1185,39.56,boneka-asli,0.6576,611,297,1327,873
1185,39.56,boneka-dummy,0.5853,56,0,481,238
1185,39.56,boneka-dummy,0.5254,1058,433,1338,877
1186,39.60,boneka-dummy,0.8411,465,522,687,841
1186,39.60,boneka-asli,0.7712,1056,441,1337,874
1186,39.60,boneka-asli,0.5962,616,318,1224,874
1186,39.60,boneka-dummy,0.5640,52,0,477,234
1186,39.60,boneka-asli,0.5419,1620,215,1715,336
1186,39.60,boneka-dummy,0.5222,1056,433,1337,876
1187,39.63,boneka-dummy,0.8590,461,523,685,842
1187,39.63,boneka-asli,0.7613,1055,444,1336,873
1187,39.63,boneka-asli,0.5926,613,303,1326,875
1188,39.66,boneka-dummy,0.8533,464,523,691,842
1188,39.66,boneka-asli,0.7545,1052,444,1333,873
1188,39.66,boneka-asli,0.5978,607,308,1318,870
1188,39.66,boneka-dummy,0.5225,1051,437,1333,877
1189,39.70,boneka-dummy,0.8420,461,526,689,841
1189,39.70,boneka-asli,0.7576,1052,443,1333,873
1189,39.70,boneka-asli,0.5489,602,304,1332,870
1189,39.70,boneka-dummy,0.5364,64,0,477,232
1189,39.70,boneka-dummy,0.5265,1050,437,1333,877
1190,39.73,boneka-dummy,0.8389,464,523,686,840
1190,39.73,boneka-asli,0.7278,1053,443,1336,871
1190,39.73,boneka-asli,0.6538,609,304,1303,869
1190,39.73,boneka-dummy,0.6164,1051,437,1334,872
1190,39.73,boneka-dummy,0.5542,63,0,465,200
1191,39.76,boneka-dummy,0.8559,462,518,690,838
1191,39.76,boneka-asli,0.7608,1054,440,1336,872
1191,39.76,boneka-dummy,0.5923,1052,432,1337,872
1191,39.76,boneka-asli,0.5867,616,298,1307,865
1191,39.76,boneka-dummy,0.5258,61,0,457,206
1192,39.80,boneka-dummy,0.8465,461,521,688,840
1192,39.80,boneka-asli,0.7586,1058,439,1337,872
1192,39.80,boneka-asli,0.6673,621,302,1312,870
1192,39.80,boneka-dummy,0.5315,1058,433,1338,872
1193,39.83,boneka-dummy,0.8325,460,526,697,843
1193,39.83,boneka-asli,0.7785,1058,444,1339,878
1193,39.83,boneka-dummy,0.6206,56,0,473,215
1193,39.83,boneka-asli,0.5036,612,295,1341,877
1194,39.86,boneka-dummy,0.8152,457,529,705,849
1194,39.86,boneka-asli,0.7611,1055,450,1336,887
1194,39.86,boneka-dummy,0.6737,61,0,465,235
1194,39.86,boneka-asli,0.5811,643,311,1341,884
1194,39.86,boneka-dummy,0.5501,1058,444,1337,889
1195,39.90,boneka-dummy,0.7977,461,530,701,853
1195,39.90,boneka-asli,0.7432,1056,455,1339,891
1195,39.90,boneka-dummy,0.5952,1058,453,1338,889
1195,39.90,boneka-dummy,0.5931,65,0,471,235
1196,39.93,boneka-dummy,0.7957,458,530,706,854
1196,39.93,boneka-asli,0.7215,1055,456,1338,889
1196,39.93,boneka-dummy,0.5624,1057,453,1338,888
1196,39.93,boneka-dummy,0.5418,63,0,477,234
1196,39.93,boneka-asli,0.5191,611,314,1350,896
1197,39.96,boneka-dummy,0.7888,459,534,701,852
1197,39.96,boneka-asli,0.7159,1057,453,1341,890
1197,39.96,boneka-dummy,0.6280,66,0,461,209
1197,39.96,boneka-asli,0.5923,629,313,1347,889
1197,39.96,boneka-dummy,0.5227,1060,451,1339,888
1198,40.00,boneka-dummy,0.8070,458,531,695,852
1198,40.00,boneka-asli,0.7182,1054,456,1337,891
1198,40.00,boneka-dummy,0.6746,62,0,465,234
1198,40.00,boneka-asli,0.5306,618,309,1353,890
1199,40.03,boneka-dummy,0.7815,461,534,705,854
1199,40.03,boneka-asli,0.7517,1054,457,1338,891
1199,40.03,boneka-dummy,0.7148,62,0,458,230
1199,40.03,boneka-dummy,0.5505,1058,456,1337,890
1200,40.07,boneka-dummy,0.8068,466,529,700,852
1200,40.07,boneka-asli,0.7526,1052,457,1335,891
1200,40.07,boneka-dummy,0.6826,59,0,448,227
1201,40.10,boneka-dummy,0.8397,462,527,693,847
1201,40.10,boneka-asli,0.7592,1051,451,1337,887
1201,40.10,boneka-dummy,0.7224,46,0,459,235
1201,40.10,boneka-asli,0.6236,623,311,1335,878
1202,40.13,boneka-dummy,0.8276,467,520,685,839
1202,40.13,boneka-asli,0.7768,1052,441,1335,874
1202,40.13,boneka-dummy,0.6687,45,0,459,228
1202,40.13,boneka-dummy,0.5452,1053,434,1333,875
1203,40.17,boneka-dummy,0.7508,468,509,683,821
1203,40.17,boneka-asli,0.7310,1051,431,1327,864
1203,40.17,boneka-dummy,0.6444,1050,423,1327,861
1203,40.17,boneka-dummy,0.5739,30,0,471,221
1203,40.17,boneka-asli,0.5717,628,303,1229,858
1204,40.20,boneka-dummy,0.8084,463,497,694,812
1204,40.20,boneka-asli,0.7831,1048,424,1317,857
1204,40.20,boneka-dummy,0.6856,47,0,430,175
1204,40.20,boneka-asli,0.5357,629,261,1296,851
1205,40.23,boneka-asli,0.7439,1046,421,1314,845
1205,40.23,boneka-dummy,0.6974,465,501,693,808
1205,40.23,boneka-dummy,0.6511,56,0,437,159
1206,40.27,boneka-dummy,0.8123,468,489,680,799
1206,40.27,boneka-asli,0.7590,1042,418,1305,840
1206,40.27,boneka-dummy,0.7112,58,0,441,170
1207,40.30,boneka-dummy,0.8523,465,485,683,795
1207,40.30,boneka-asli,0.7576,1044,417,1301,832
1207,40.30,boneka-dummy,0.7228,58,0,449,179
1208,40.33,boneka-dummy,0.8114,464,482,695,793
1208,40.33,boneka-asli,0.7558,1044,416,1303,827
1208,40.33,boneka-dummy,0.6442,3,0,485,211
1209,40.37,boneka-dummy,0.7862,466,484,702,790
1209,40.37,boneka-asli,0.7720,1045,412,1303,824
1209,40.37,boneka-dummy,0.6896,42,0,490,197
1210,40.40,boneka-asli,0.8230,1047,414,1299,821
1210,40.40,boneka-dummy,0.8143,466,483,703,787
1210,40.40,boneka-dummy,0.6821,46,0,478,189
1211,40.43,boneka-dummy,0.8258,471,481,698,786
1211,40.43,boneka-asli,0.8179,1047,416,1301,824
1211,40.43,boneka-dummy,0.6443,54,0,484,160
1211,40.43,boneka-asli,0.5944,589,270,1358,824
1212,40.47,boneka-asli,0.7961,1047,421,1304,828
1212,40.47,boneka-dummy,0.7801,477,488,691,790
1212,40.47,boneka-dummy,0.6965,60,0,475,156
1212,40.47,boneka-asli,0.6673,595,286,1351,826
1213,40.50,boneka-asli,0.7697,1046,426,1304,839
1213,40.50,boneka-dummy,0.7546,53,0,483,206
1213,40.50,boneka-dummy,0.7282,479,506,685,795
1213,40.50,boneka-dummy,0.5119,558,0,715,57
1214,40.53,boneka-asli,0.7951,1045,430,1293,845
1214,40.53,boneka-dummy,0.7782,52,0,486,217
1214,40.53,boneka-dummy,0.7563,483,500,684,803
1215,40.57,boneka-asli,0.8388,1044,443,1294,848
1215,40.57,boneka-dummy,0.7959,483,503,686,809
1215,40.57,boneka-dummy,0.7842,58,0,484,220
1216,40.60,boneka-asli,0.8204,1040,443,1294,847
1216,40.60,boneka-dummy,0.8035,59,0,485,225
1216,40.60,boneka-dummy,0.7913,484,503,682,807
1217,40.63,boneka-asli,0.8072,1032,441,1288,845
1217,40.63,boneka-dummy,0.7968,478,503,693,804
1217,40.63,boneka-dummy,0.7686,51,0,479,221
1218,40.67,boneka-asli,0.8077,1026,440,1284,844
1218,40.67,boneka-dummy,0.7880,483,504,685,805
1218,40.67,boneka-dummy,0.7828,51,0,477,223
1219,40.70,boneka-asli,0.8449,1021,441,1283,842
1219,40.70,boneka-dummy,0.7668,53,0,482,221
1219,40.70,boneka-dummy,0.7588,471,507,692,805
1220,40.73,boneka-asli,0.8432,1019,442,1282,839
1220,40.73,boneka-dummy,0.7589,466,506,688,802
1220,40.73,boneka-dummy,0.6905,52,0,472,219
1221,40.77,boneka-asli,0.8408,1017,439,1281,836
1221,40.77,boneka-dummy,0.7659,55,0,475,217
1221,40.77,boneka-dummy,0.7465,469,501,688,797
1222,40.80,boneka-asli,0.7750,1014,437,1270,833
1222,40.80,boneka-dummy,0.7718,468,505,677,793
1222,40.80,boneka-dummy,0.7221,50,0,450,213
1223,40.83,boneka-dummy,0.7970,463,494,678,791
1223,40.83,boneka-dummy,0.7757,47,0,449,211
1223,40.83,boneka-asli,0.7653,1013,428,1265,825
1223,40.83,boneka-asli,0.5093,179,417,345,783
1224,40.87,boneka-dummy,0.8104,460,492,676,785
1224,40.87,boneka-asli,0.7806,1008,425,1255,823
1224,40.87,boneka-dummy,0.6785,42,0,428,197
1225,40.90,boneka-dummy,0.8176,457,486,665,777
1225,40.90,boneka-asli,0.8043,1004,424,1250,816
1225,40.90,boneka-dummy,0.7060,33,0,437,203
1226,40.93,boneka-dummy,0.8506,433,489,663,774
1226,40.93,boneka-asli,0.7966,993,422,1241,815
1226,40.93,boneka-dummy,0.6557,30,0,416,199
1227,40.97,boneka-dummy,0.7933,421,482,646,771
1227,40.97,boneka-asli,0.7855,978,416,1238,813
1227,40.97,boneka-dummy,0.7058,13,0,429,203
1228,41.00,boneka-dummy,0.8330,411,478,635,768
1228,41.00,boneka-asli,0.7906,972,411,1225,809
1228,41.00,boneka-dummy,0.7642,10,0,423,194
1229,41.03,boneka-asli,0.7821,960,412,1205,806
1229,41.03,boneka-dummy,0.7800,410,479,616,767
1229,41.03,boneka-dummy,0.7401,0,0,390,190
1230,41.07,boneka-asli,0.8172,947,407,1193,801
1230,41.07,boneka-dummy,0.7786,383,486,615,768
1230,41.07,boneka-dummy,0.7310,1,0,366,168
1231,41.10,boneka-asli,0.8336,933,403,1188,797
1231,41.10,boneka-dummy,0.7272,367,495,600,765
1231,41.10,boneka-dummy,0.6895,3,0,370,162
1232,41.13,boneka-asli,0.7920,926,403,1181,805
1232,41.13,boneka-dummy,0.7676,368,485,578,767
1232,41.13,boneka-dummy,0.6468,1,0,341,161
1233,41.17,boneka-dummy,0.8051,358,477,573,772
1233,41.17,boneka-asli,0.7216,916,407,1164,809
1233,41.17,boneka-asli,0.5426,461,278,1196,814
1233,41.17,boneka-dummy,0.5163,0,0,318,160
1234,41.20,boneka-dummy,0.8200,330,485,573,777
1234,41.20,boneka-asli,0.8161,905,412,1156,811
1235,41.23,boneka-asli,0.8062,894,410,1143,810
1235,41.23,boneka-dummy,0.7927,316,483,561,782
1236,41.27,boneka-dummy,0.8396,301,482,535,785
1236,41.27,boneka-asli,0.8025,878,411,1142,811
1237,41.30,boneka-asli,0.8599,862,413,1114,817
1237,41.30,boneka-dummy,0.7636,274,489,519,790
1238,41.33,boneka-dummy,0.8373,261,483,492,793
1238,41.33,boneka-asli,0.7890,843,417,1101,821
1239,41.37,boneka-dummy,0.8238,234,493,480,793
1239,41.37,boneka-asli,0.7877,823,417,1093,823
1240,41.40,boneka-dummy,0.8614,218,485,459,796
1240,41.40,boneka-asli,0.8125,807,417,1065,823
1241,41.43,boneka-dummy,0.8418,189,486,443,793
1241,41.43,boneka-asli,0.7308,785,412,1051,825
1242,41.47,boneka-dummy,0.8326,167,482,407,793
1242,41.47,boneka-asli,0.7713,770,409,1035,821
1243,41.50,boneka-dummy,0.8299,137,484,398,793
1243,41.50,boneka-asli,0.8033,748,409,999,818
1244,41.53,boneka-dummy,0.8390,115,481,367,793
1244,41.53,boneka-asli,0.7951,723,405,992,816
1245,41.57,boneka-dummy,0.8405,96,478,350,791
1245,41.57,boneka-asli,0.7737,699,404,960,814
1246,41.60,boneka-dummy,0.7778,72,483,316,787
1246,41.60,boneka-asli,0.7165,673,400,945,810
1247,41.63,boneka-asli,0.8100,640,397,908,800
1247,41.63,boneka-dummy,0.7765,23,471,288,778
1248,41.67,boneka-asli,0.7639,618,389,881,797
1248,41.67,boneka-dummy,0.7253,11,456,277,775
1249,41.70,boneka-asli,0.8265,581,387,859,789
1249,41.70,boneka-dummy,0.6121,2,450,230,772
1250,41.73,boneka-asli,0.7606,555,380,823,790
1250,41.73,boneka-dummy,0.5881,0,450,199,767
1251,41.77,boneka-asli,0.7907,528,381,807,787
1252,41.80,boneka-asli,0.7782,493,376,765,781
1253,41.83,boneka-asli,0.7876,467,373,748,781
1253,41.83,boneka-dummy,0.5267,0,243,799,809
1254,41.87,boneka-asli,0.8284,434,376,720,783
1255,41.90,boneka-asli,0.7892,402,373,679,789
1255,41.90,boneka-dummy,0.5620,2,237,713,803
1255,41.90,boneka-dummy,0.5309,1835,56,1920,260
1256,41.93,boneka-asli,0.8261,370,378,664,796
1256,41.93,boneka-dummy,0.5529,1815,64,1920,258
1257,41.97,boneka-asli,0.8611,335,384,620,810
1258,42.00,boneka-asli,0.7543,299,389,601,821
1259,42.03,boneka-asli,0.8366,274,396,571,829
1260,42.07,boneka-asli,0.7226,235,398,537,842
1261,42.10,boneka-dummy,0.6593,206,397,524,844
1261,42.10,boneka-asli,0.6358,203,401,522,842
1261,42.10,boneka-asli,0.5685,990,233,1082,357
1261,42.10,boneka-asli,0.5674,0,250,586,840
1262,42.14,boneka-asli,0.6928,179,402,496,853
1262,42.14,boneka-asli,0.5686,0,254,532,839
1263,42.17,boneka-dummy,0.6697,145,401,479,853
1263,42.17,boneka-asli,0.5821,144,402,473,859
1264,42.20,boneka-asli,0.6398,120,400,448,859
1264,42.20,boneka-dummy,0.5822,122,399,455,854
1264,42.20,boneka-asli,0.5778,927,233,1029,355
1265,42.24,boneka-dummy,0.7137,95,394,428,858
1265,42.24,boneka-asli,0.5457,94,397,424,863
1266,42.27,boneka-dummy,0.6596,60,394,405,864
1266,42.27,boneka-asli,0.5074,58,397,397,867
1267,42.30,boneka-asli,0.5205,2,392,360,866
1268,42.34,boneka-asli,0.6152,0,392,302,886
1269,42.37,boneka-asli,0.5858,0,398,257,897
1269,42.37,boneka-dummy,0.5346,0,399,260,899
1270,42.40,boneka-asli,0.6183,0,406,192,905
1270,42.40,boneka-dummy,0.5996,0,387,199,901
1318,44.00,boneka-asli,0.6749,1,206,123,349
1320,44.07,boneka-asli,0.7159,78,209,203,351
1321,44.10,boneka-asli,0.7004,116,211,235,354
1322,44.14,boneka-asli,0.6984,155,216,281,356
1322,44.14,boneka-dummy,0.5769,47,217,167,357
1323,44.17,boneka-asli,0.7143,196,220,317,356
1323,44.17,boneka-dummy,0.7046,85,227,213,361
1324,44.21,boneka-dummy,0.6500,124,229,239,366
1324,44.21,boneka-asli,0.5130,231,223,347,366
1325,44.24,boneka-asli,0.5451,160,233,272,363
1325,44.24,boneka-asli,0.5431,269,229,387,365
1327,44.31,boneka-dummy,0.5196,231,240,345,368
1330,44.41,boneka-asli,0.5183,439,247,557,378
1339,44.71,boneka-asli,0.5156,678,271,794,404
1342,44.81,boneka-asli,0.6227,723,280,842,417
1342,44.81,boneka-dummy,0.5514,633,285,740,421
1343,44.84,boneka-asli,0.5657,751,291,851,428
1344,44.87,boneka-dummy,0.5934,765,290,868,432
1345,44.91,boneka-asli,0.5338,773,299,880,435
1349,45.04,boneka-asli,0.5065,1613,146,1757,317
1350,45.07,boneka-asli,0.6300,875,313,980,452
1351,45.11,boneka-asli,0.7006,896,312,1006,452
1352,45.14,boneka-asli,0.5468,923,318,1031,462
1352,45.14,boneka-dummy,0.5154,817,329,925,467
1353,45.17,boneka-dummy,0.5272,844,332,947,473
1353,45.17,boneka-asli,0.5169,946,322,1055,468
1359,45.37,boneka-asli,0.7348,1106,313,1222,454
1360,45.41,boneka-asli,0.5346,1135,307,1246,454
1361,45.44,boneka-asli,0.5427,1163,311,1279,458
1366,45.61,boneka-asli,0.6376,1738,264,1919,714
1367,45.64,boneka-asli,0.5052,1421,281,1553,435
1368,45.67,boneka-asli,0.6930,1471,281,1603,431
1369,45.71,boneka-asli,0.5111,1523,276,1650,425
1370,45.74,boneka-asli,0.7156,1572,272,1710,425
1374,45.87,boneka-asli,0.6222,1777,244,1919,416
1374,45.87,boneka-dummy,0.5237,1640,263,1772,434
1375,45.91,boneka-dummy,0.6948,1824,236,1920,418
1375,45.91,boneka-dummy,0.6503,1691,253,1826,420
1377,45.97,boneka-dummy,0.7074,1794,238,1920,441
1391,46.44,boneka-dummy,0.5773,1807,139,1919,475
1400,46.74,boneka-dummy,0.6151,757,904,1013,1027
1402,46.81,boneka-dummy,0.5091,750,966,983,1078
1403,46.84,boneka-dummy,0.5216,718,994,963,1080
1411,47.11,boneka-asli,0.5147,1731,0,1919,744
1443,48.18,boneka-dummy,0.6341,1815,454,1920,696
1444,48.21,boneka-dummy,0.7558,1794,454,1920,698
1445,48.24,boneka-dummy,0.6587,1795,456,1920,680
1446,48.28,boneka-dummy,0.6969,1786,449,1919,687
1447,48.31,boneka-dummy,0.7371,1771,450,1919,687
1448,48.35,boneka-dummy,0.7300,1752,454,1918,690
1449,48.38,boneka-dummy,0.7295,1736,456,1918,693
1450,48.41,boneka-dummy,0.6879,1708,458,1905,689
1451,48.45,boneka-dummy,0.5296,1680,472,1839,681
1452,48.48,boneka-asli,0.7077,1802,454,1920,697
1452,48.48,boneka-dummy,0.6435,1647,509,1817,693
1453,48.51,boneka-asli,0.7506,1782,462,1920,712
1453,48.51,boneka-dummy,0.5049,1615,485,1785,710
1454,48.55,boneka-asli,0.8387,1747,475,1920,726
1455,48.58,boneka-asli,0.8147,1714,488,1915,733
1455,48.58,boneka-dummy,0.7486,1556,518,1734,738
1456,48.61,boneka-asli,0.8725,1683,504,1874,741
1456,48.61,boneka-asli,0.5016,1517,520,1687,763
1457,48.65,boneka-asli,0.8908,1658,522,1842,760
1458,48.68,boneka-asli,0.8586,1620,534,1814,772
1458,48.68,boneka-dummy,0.7196,1453,592,1639,786
1459,48.71,boneka-asli,0.8681,1584,553,1784,788
1459,48.71,boneka-dummy,0.7160,1420,609,1595,815
1460,48.75,boneka-asli,0.8577,1559,571,1759,810
1460,48.75,boneka-dummy,0.5937,1386,591,1576,833
1460,48.75,boneka-asli,0.5347,1387,583,1577,830
1461,48.78,boneka-asli,0.8342,1522,586,1718,830
1462,48.81,boneka-asli,0.8316,1485,591,1688,846
1462,48.81,boneka-dummy,0.6452,1317,618,1494,863
1463,48.85,boneka-asli,0.8439,1451,604,1650,863
1463,48.85,boneka-asli,0.7595,1284,620,1458,887
1463,48.85,boneka-dummy,0.5050,1283,620,1457,887
1464,48.88,boneka-asli,0.8776,1427,620,1615,861
1464,48.88,boneka-dummy,0.7657,1249,632,1442,893
1465,48.91,boneka-dummy,0.8432,1216,710,1402,908
1465,48.91,boneka-asli,0.8424,1388,631,1587,878
1466,48.95,boneka-asli,0.8503,1358,642,1551,888
1466,48.95,boneka-dummy,0.8047,1178,721,1375,923
1467,48.98,boneka-asli,0.8802,1331,646,1521,898
1467,48.98,boneka-dummy,0.7794,1147,681,1348,933
1468,49.01,boneka-asli,0.8438,1304,650,1492,899
1468,49.01,boneka-dummy,0.8029,1126,703,1323,932
1469,49.05,boneka-asli,0.8270,1281,651,1471,899
1469,49.05,boneka-dummy,0.7083,1103,666,1301,936
1470,49.08,boneka-asli,0.8118,1261,652,1447,905
1470,49.08,boneka-dummy,0.7980,1078,679,1275,936
1471,49.11,boneka-asli,0.8336,1240,652,1425,905
1471,49.11,boneka-dummy,0.6940,1057,668,1255,934
1472,49.15,boneka-asli,0.8586,1214,651,1406,893
1472,49.15,boneka-dummy,0.7635,1038,740,1231,934
1472,49.15,boneka-asli,0.6318,1039,682,1233,933
1473,49.18,boneka-asli,0.8678,1194,652,1385,895
1473,49.18,boneka-dummy,0.8281,1018,727,1214,937
1474,49.21,boneka-asli,0.8307,1177,652,1373,901
1474,49.21,boneka-dummy,0.7693,999,675,1197,941
1475,49.25,boneka-dummy,0.8408,979,713,1178,938
1475,49.25,boneka-asli,0.8272,1162,651,1350,895
1475,49.25,boneka-asli,0.6009,0,142,316,1080
1476,49.28,boneka-asli,0.8599,1146,649,1334,896
1476,49.28,boneka-dummy,0.7180,961,670,1158,937
1476,49.28,boneka-asli,0.5335,0,148,307,1080
1477,49.31,boneka-asli,0.8714,1130,643,1316,891
1477,49.31,boneka-dummy,0.8016,945,691,1145,934
1477,49.31,boneka-asli,0.5443,0,178,285,1080
1478,49.35,boneka-asli,0.8463,1115,640,1303,888
1478,49.35,boneka-dummy,0.8393,929,671,1129,929
1478,49.35,boneka-asli,0.6289,0,169,252,1080
1479,49.38,boneka-asli,0.8232,1098,635,1290,888
1479,49.38,boneka-dummy,0.6834,913,668,1116,929
1480,49.41,boneka-asli,0.8251,1082,629,1280,888
1480,49.41,boneka-dummy,0.7999,895,680,1097,929
1481,49.45,boneka-asli,0.8280,1070,625,1261,882
1481,49.45,boneka-dummy,0.7993,887,704,1086,921
1482,49.48,boneka-asli,0.8226,1063,616,1253,874
1482,49.48,boneka-dummy,0.7118,877,660,1081,916
1483,49.51,boneka-asli,0.7705,1062,608,1248,866
1483,49.51,boneka-dummy,0.7530,876,630,1074,910
1484,49.55,boneka-asli,0.8033,1056,604,1245,863
1484,49.55,boneka-dummy,0.7045,869,622,1076,903
1485,49.58,boneka-asli,0.8443,1058,600,1246,854
1485,49.58,boneka-dummy,0.7022,868,620,1076,891
1486,49.61,boneka-asli,0.8573,1057,592,1248,848
1486,49.61,boneka-dummy,0.7749,869,617,1072,885
1486,49.61,boneka-dummy,0.5802,1584,359,1920,880
1487,49.65,boneka-asli,0.8217,1057,583,1252,837
1487,49.65,boneka-dummy,0.8196,873,661,1074,880
1487,49.65,boneka-dummy,0.6018,1579,353,1920,862
1488,49.68,boneka-asli,0.8599,1058,577,1253,833
1488,49.68,boneka-dummy,0.8207,876,654,1075,869
1488,49.68,boneka-dummy,0.7305,1597,338,1920,871
1489,49.71,boneka-asli,0.8599,1063,570,1255,827
1489,49.71,boneka-dummy,0.8033,878,651,1081,871
1490,49.75,boneka-asli,0.8438,1068,565,1262,819
1490,49.75,boneka-dummy,0.6891,881,607,1080,857
1490,49.75,boneka-asli,0.5662,883,583,1082,859
1491,49.78,boneka-asli,0.8182,1069,558,1271,811
1491,49.78,boneka-dummy,0.7330,881,633,1083,849
1491,49.78,boneka-asli,0.6771,881,593,1086,847
1492,49.81,boneka-asli,0.8587,1071,548,1270,798
1492,49.81,boneka-dummy,0.8261,883,632,1092,845
1493,49.85,boneka-dummy,0.8281,889,564,1093,833
1493,49.85,boneka-asli,0.7676,1075,535,1271,793
1494,49.88,boneka-dummy,0.8224,889,588,1091,828
1494,49.88,boneka-asli,0.7924,1075,528,1274,785
1495,49.91,boneka-asli,0.8434,1072,519,1268,782
1495,49.91,boneka-dummy,0.7327,885,578,1086,826
1496,49.95,boneka-asli,0.8315,1070,519,1266,777
1496,49.95,boneka-dummy,0.8065,882,595,1087,823
1497,49.98,boneka-asli,0.8451,1070,517,1267,780
1497,49.98,boneka-dummy,0.7608,879,577,1087,826
1498,50.01,boneka-asli,0.7806,1070,512,1267,773
1498,50.01,boneka-dummy,0.6770,881,538,1088,824
1498,50.01,boneka-asli,0.5692,893,534,1087,827
1499,50.05,boneka-asli,0.7912,1071,509,1264,771
1499,50.05,boneka-dummy,0.6775,879,550,1088,825
1499,50.05,boneka-asli,0.5701,890,532,1090,829
1500,50.08,boneka-asli,0.7806,1070,509,1264,773
1500,50.08,boneka-dummy,0.7123,878,554,1087,821
1501,50.11,boneka-asli,0.8280,1070,505,1266,769
1501,50.11,boneka-dummy,0.7810,878,540,1090,820
1502,50.15,boneka-asli,0.8393,1066,503,1275,765
1502,50.15,boneka-dummy,0.7675,874,545,1088,818
1502,50.15,boneka-dummy,0.6236,1622,268,1920,746
1503,50.18,boneka-asli,0.8640,1070,493,1282,759
1503,50.18,boneka-dummy,0.8216,876,584,1096,814
1504,50.21,boneka-asli,0.8663,1070,484,1285,759
1504,50.21,boneka-dummy,0.8119,874,522,1098,812
1504,50.21,boneka-asli,0.6243,878,518,1099,813
1505,50.25,boneka-asli,0.8644,1076,480,1288,752
1505,50.25,boneka-dummy,0.8576,873,517,1099,807
1506,50.28,boneka-asli,0.8433,1084,472,1292,750
1506,50.28,boneka-dummy,0.7970,879,502,1106,812
1507,50.31,boneka-asli,0.8238,1103,465,1316,742
1507,50.31,boneka-dummy,0.8021,897,488,1122,808
1508,50.35,boneka-dummy,0.8526,918,567,1145,790
1508,50.35,boneka-asli,0.6967,1127,471,1354,740
1509,50.38,boneka-asli,0.8393,1165,475,1385,754
1509,50.38,boneka-dummy,0.7789,952,552,1186,805
1510,50.42,boneka-asli,0.8414,1207,477,1424,762
1510,50.42,boneka-dummy,0.7862,987,506,1222,813
1511,50.45,boneka-asli,0.8675,1244,480,1472,767
1511,50.45,boneka-dummy,0.8357,1026,528,1262,811
1512,50.48,boneka-dummy,0.8383,1069,511,1301,820
1512,50.48,boneka-asli,0.7113,1284,487,1511,779
1513,50.52,boneka-dummy,0.8373,1105,547,1341,834
1513,50.52,boneka-asli,0.8001,1320,498,1555,795
1514,50.55,boneka-dummy,0.7894,1141,592,1386,845
1514,50.55,boneka-asli,0.7157,1366,508,1605,801
1514,50.55,boneka-dummy,0.7097,1365,507,1604,798
1515,50.58,boneka-dummy,0.8349,1177,615,1428,849
1515,50.58,boneka-asli,0.8197,1410,518,1650,813
1516,50.62,boneka-dummy,0.8531,1211,627,1469,863
1516,50.62,boneka-asli,0.5633,1450,528,1696,823
1517,50.65,boneka-dummy,0.8086,1253,612,1524,873
1518,50.68,boneka-dummy,0.8687,1288,630,1564,897
1518,50.68,boneka-asli,0.7998,1538,546,1813,861
1519,50.72,boneka-dummy,0.8584,1329,634,1596,909
1519,50.72,boneka-asli,0.6775,1580,566,1848,878
1519,50.72,boneka-dummy,0.6043,1575,571,1849,877
1520,50.75,boneka-dummy,0.8327,1357,638,1629,918
1520,50.75,boneka-asli,0.7964,1608,569,1878,896
1521,50.78,boneka-dummy,0.8479,1373,585,1649,934
1521,50.78,boneka-asli,0.7449,1634,572,1909,908
1521,50.78,boneka-dummy,0.5080,1631,569,1913,904
1522,50.82,boneka-dummy,0.8624,1384,591,1669,944
1522,50.82,boneka-asli,0.7925,1649,577,1918,917
1522,50.82,boneka-dummy,0.5407,1649,572,1915,913
1523,50.85,boneka-dummy,0.8345,1397,591,1682,955
1523,50.85,boneka-asli,0.7728,1662,583,1919,925
1524,50.88,boneka-dummy,0.8730,1406,597,1695,963
1524,50.88,boneka-asli,0.7978,1679,586,1916,932
1525,50.92,boneka-dummy,0.8595,1420,611,1717,963
1525,50.92,boneka-asli,0.7232,1693,590,1917,931
1526,50.95,boneka-dummy,0.8724,1433,592,1725,975
1526,50.95,boneka-asli,0.5703,1704,591,1917,946
1526,50.95,boneka-dummy,0.5599,1705,590,1918,946
1527,50.98,boneka-dummy,0.8616,1441,596,1741,977
1527,50.98,boneka-dummy,0.6174,1720,589,1920,942
1527,50.98,boneka-asli,0.5494,1723,590,1919,951
1528,51.02,boneka-dummy,0.9032,1451,594,1757,984
1528,51.02,boneka-asli,0.7541,1732,591,1919,945
1529,51.05,boneka-dummy,0.8732,1462,593,1768,990
1529,51.05,boneka-asli,0.6197,1745,586,1919,998
1530,51.08,boneka-dummy,0.8781,1471,593,1777,995
1530,51.08,boneka-dummy,0.5905,1754,587,1920,955
1531,51.12,boneka-dummy,0.8774,1472,595,1780,995
1531,51.12,boneka-dummy,0.7687,1759,585,1920,957
1532,51.15,boneka-dummy,0.8735,1477,591,1790,996
1532,51.15,boneka-dummy,0.7281,1766,583,1919,959
1533,51.18,boneka-dummy,0.8867,1480,589,1800,999
1533,51.18,boneka-asli,0.5400,1773,582,1919,961
1533,51.18,boneka-dummy,0.5352,1771,580,1920,961
1534,51.22,boneka-dummy,0.8787,1478,588,1800,999
1534,51.22,boneka-asli,0.5800,1772,582,1919,961
1535,51.25,boneka-dummy,0.8758,1475,581,1797,997
1535,51.25,boneka-asli,0.6491,1772,578,1919,959
1535,51.25,boneka-dummy,0.5110,1770,574,1920,959
1536,51.28,boneka-dummy,0.8427,1472,583,1791,999
1536,51.28,boneka-asli,0.5744,1769,572,1919,961
1537,51.32,boneka-dummy,0.8584,1460,580,1785,999
1537,51.32,boneka-asli,0.6010,1758,575,1919,961
1538,51.35,boneka-dummy,0.8524,1445,579,1771,1000
1539,51.38,boneka-dummy,0.8463,1427,588,1761,1003
1540,51.42,boneka-dummy,0.8425,1415,583,1744,1005
1540,51.42,boneka-asli,0.6940,1721,580,1919,963
1541,51.45,boneka-dummy,0.8374,1397,581,1727,1008
1541,51.45,boneka-dummy,0.6306,1700,575,1919,965
1542,51.48,boneka-dummy,0.8551,1376,583,1715,1008
1542,51.48,boneka-dummy,0.7356,1688,577,1918,969
1543,51.52,boneka-dummy,0.8457,1364,582,1697,1009
1543,51.52,boneka-asli,0.7293,1672,579,1917,969
1544,51.55,boneka-dummy,0.8259,1346,581,1681,1008
1544,51.55,boneka-asli,0.5639,1655,576,1917,972
1545,51.58,boneka-dummy,0.8362,1328,582,1669,1012
1545,51.58,boneka-dummy,0.5407,1643,576,1919,987
1546,51.62,boneka-dummy,0.8163,1317,579,1654,1014
1546,51.62,boneka-asli,0.6618,1629,585,1918,985
1547,51.65,boneka-dummy,0.8506,1302,587,1637,1024
1547,51.65,boneka-dummy,0.5137,1608,583,1918,991
1548,51.68,boneka-dummy,0.8321,1287,592,1626,1036
1548,51.68,boneka-asli,0.5649,1598,591,1918,1003
1549,51.72,boneka-dummy,0.8479,1269,694,1614,1050
1549,51.72,boneka-asli,0.7357,1586,598,1913,1004
1550,51.75,boneka-dummy,0.8316,1257,595,1598,1058
1550,51.75,boneka-asli,0.8287,1575,600,1909,1009
1551,51.78,boneka-dummy,0.8812,1243,596,1585,1070
1551,51.78,boneka-asli,0.8320,1560,605,1894,1015
1552,51.82,boneka-dummy,0.8704,1229,597,1574,1072
1552,51.82,boneka-asli,0.8150,1547,607,1876,1019
1553,51.85,boneka-dummy,0.8470,1219,599,1564,1071
1553,51.85,boneka-asli,0.8393,1536,610,1862,1020
1554,51.88,boneka-dummy,0.8591,1200,603,1546,1075
1554,51.88,boneka-asli,0.8125,1527,612,1854,1027
1555,51.92,boneka-dummy,0.8554,1181,609,1532,1073
1555,51.92,boneka-asli,0.7675,1509,614,1836,1034
1556,51.95,boneka-dummy,0.7842,1168,618,1524,1080
1556,51.95,boneka-asli,0.7699,1500,617,1828,1037
1557,51.98,boneka-dummy,0.8363,1155,626,1508,1080
1557,51.98,boneka-asli,0.7822,1488,619,1816,1052
1558,52.02,boneka-dummy,0.8441,1148,631,1499,1080
1558,52.02,boneka-asli,0.8060,1483,624,1810,1057
1559,52.05,boneka-dummy,0.8500,1134,625,1492,1080
1559,52.05,boneka-asli,0.7743,1471,623,1807,1061
1560,52.08,boneka-dummy,0.8569,1125,626,1485,1080
1560,52.08,boneka-asli,0.7970,1462,622,1805,1060
1561,52.12,boneka-dummy,0.8073,1121,631,1478,1080
1561,52.12,boneka-asli,0.5704,1456,627,1801,1062
1562,52.15,boneka-dummy,0.8487,1110,626,1472,1080
1562,52.15,boneka-asli,0.7894,1450,628,1788,1059
1563,52.18,boneka-dummy,0.8346,1098,645,1459,1080
1563,52.18,boneka-asli,0.5971,1442,624,1783,1060
1564,52.22,boneka-dummy,0.8389,1090,626,1450,1080
1564,52.22,boneka-asli,0.7120,1437,617,1776,1062
1565,52.25,boneka-dummy,0.8554,1074,620,1444,1080
1565,52.25,boneka-asli,0.6846,1432,621,1769,1065
1566,52.28,boneka-asli,0.8518,1424,617,1769,1059
1566,52.28,boneka-dummy,0.8208,1073,619,1443,1080
1567,52.32,boneka-dummy,0.7938,1060,618,1436,1080
1567,52.32,boneka-asli,0.6205,1416,612,1762,1071
1567,52.32,boneka-asli,0.5668,1770,899,1919,1077
1567,52.32,boneka-dummy,0.5012,1414,612,1772,1068
1568,52.35,boneka-dummy,0.8109,1049,604,1429,1080
1568,52.35,boneka-asli,0.7252,1407,607,1759,1061
1568,52.35,boneka-asli,0.6350,1766,894,1919,1076
1568,52.35,boneka-dummy,0.5833,1408,606,1769,1060
1569,52.39,boneka-dummy,0.8622,1036,597,1422,1080
1569,52.39,boneka-dummy,0.5526,1399,602,1762,1048
1569,52.39,boneka-asli,0.5136,1756,892,1920,1074
1570,52.42,boneka-dummy,0.8526,1026,638,1407,1080
1570,52.42,boneka-asli,0.6983,1391,606,1741,1054
1571,52.45,boneka-dummy,0.8411,1025,660,1403,1080
1571,52.45,boneka-asli,0.7333,1384,603,1736,1052
1572,52.49,boneka-dummy,0.8093,1012,593,1396,1080
1572,52.49,boneka-asli,0.5563,1375,598,1734,1054
1573,52.52,boneka-dummy,0.7903,1001,636,1389,1080
1573,52.52,boneka-asli,0.7660,1368,592,1737,1046
1574,52.55,boneka-dummy,0.8200,990,608,1385,1080
1574,52.55,boneka-asli,0.8173,1363,589,1731,1038
1575,52.59,boneka-dummy,0.8890,986,575,1378,1076
1575,52.59,boneka-asli,0.8413,1358,577,1729,1036
1576,52.62,boneka-dummy,0.9246,984,564,1372,1078
1576,52.62,boneka-asli,0.8381,1354,574,1728,1032
1577,52.65,boneka-dummy,0.9192,969,556,1365,1077
1577,52.65,boneka-asli,0.6929,1346,567,1727,1029
1578,52.69,boneka-dummy,0.9231,956,553,1356,1074
1578,52.69,boneka-asli,0.5806,1341,568,1725,1033
1579,52.72,boneka-dummy,0.9116,949,556,1352,1078
1579,52.72,boneka-asli,0.5286,1335,567,1714,1037
1580,52.75,boneka-dummy,0.9065,935,557,1344,1079
1580,52.75,boneka-asli,0.5692,1326,567,1712,1038
1581,52.79,boneka-dummy,0.9080,923,561,1338,1080
1581,52.79,boneka-asli,0.7439,1317,564,1707,1047
1581,52.79,boneka-asli,0.7082,1702,870,1916,1074
1582,52.82,boneka-dummy,0.8887,913,565,1333,1080
1582,52.82,boneka-asli,0.7603,1316,573,1704,1053
1582,52.82,boneka-asli,0.7125,1697,877,1918,1077
1583,52.85,boneka-dummy,0.8793,904,566,1328,1080
1583,52.85,boneka-asli,0.8108,1309,568,1702,1066
1583,52.85,boneka-asli,0.7627,1701,886,1917,1079
1584,52.89,boneka-dummy,0.8978,903,561,1328,1080
1584,52.89,boneka-asli,0.8449,1309,566,1704,1061
1584,52.89,boneka-asli,0.7471,1701,884,1918,1079
1585,52.92,boneka-dummy,0.8981,901,555,1324,1080
1585,52.92,boneka-asli,0.8237,1309,564,1706,1053
1585,52.92,boneka-asli,0.7269,1699,879,1918,1077
1586,52.95,boneka-dummy,0.9146,898,551,1322,1080
1586,52.95,boneka-asli,0.8562,1306,563,1704,1050
1586,52.95,boneka-asli,0.7000,1683,878,1918,1079
1587,52.99,boneka-dummy,0.9032,894,548,1316,1080
1587,52.99,boneka-asli,0.8408,1298,561,1701,1049
1587,52.99,boneka-asli,0.6881,1687,875,1918,1078
1588,53.02,boneka-dummy,0.8478,889,543,1308,1079
1588,53.02,boneka-asli,0.8414,1290,556,1700,1048
1588,53.02,boneka-asli,0.6378,1682,871,1917,1078
1588,53.02,boneka-asli,0.5120,18,924,515,1078
1589,53.05,boneka-asli,0.8656,1284,555,1690,1044
1589,53.05,boneka-dummy,0.8457,875,541,1301,1079
1590,53.09,boneka-dummy,0.8855,860,541,1291,1077
1590,53.09,boneka-asli,0.8596,1272,553,1681,1041
1590,53.09,boneka-asli,0.6144,1665,863,1916,1072
1591,53.12,boneka-dummy,0.8805,849,537,1284,1075
1591,53.12,boneka-asli,0.8691,1264,542,1671,1038
1591,53.12,boneka-asli,0.6128,1659,863,1916,1066
1592,53.15,boneka-dummy,0.9009,833,524,1272,1075
1592,53.15,boneka-asli,0.8197,1252,531,1662,1024
1592,53.15,boneka-asli,0.5958,1642,861,1918,1063
1593,53.19,boneka-dummy,0.9048,830,508,1262,1064
1593,53.19,boneka-asli,0.7699,1244,518,1651,1016
1593,53.19,boneka-asli,0.7503,1639,851,1917,1051
1594,53.22,boneka-dummy,0.8921,818,495,1250,1055
1594,53.22,boneka-asli,0.8553,1241,511,1643,1003
1594,53.22,boneka-asli,0.6533,1628,845,1919,1041
1595,53.25,boneka-dummy,0.8710,804,481,1238,1048
1595,53.25,boneka-asli,0.8121,1225,505,1631,995
1595,53.25,boneka-asli,0.5984,1612,844,1915,1030
1596,53.29,boneka-dummy,0.8565,795,486,1217,1029
1596,53.29,boneka-asli,0.6018,1599,843,1915,1020
1596,53.29,boneka-asli,0.5110,1210,501,1611,986
1597,53.32,boneka-asli,0.8154,1189,498,1598,986
1597,53.32,boneka-dummy,0.7634,774,484,1202,1030
1598,53.35,boneka-asli,0.8379,1178,494,1587,985
1598,53.35,boneka-dummy,0.8049,759,478,1193,1037
1599,53.39,boneka-asli,0.8799,1170,488,1576,984
1599,53.39,boneka-dummy,0.8366,742,463,1181,1049
1599,53.39,boneka-asli,0.5592,1559,822,1878,1018
1600,53.42,boneka-asli,0.8330,1152,485,1560,983
1600,53.42,boneka-dummy,0.8312,726,457,1161,1022
1600,53.42,boneka-asli,0.6510,1546,818,1871,1080
1601,53.45,boneka-asli,0.8354,1141,481,1550,974
1601,53.45,boneka-dummy,0.7683,711,462,1147,1028
1602,53.49,boneka-asli,0.8671,1125,483,1535,971
1602,53.49,boneka-dummy,0.7862,698,463,1135,1040
1602,53.49,boneka-asli,0.5871,1512,807,1858,1054
1603,53.52,boneka-asli,0.8530,1113,484,1527,983
1603,53.52,boneka-dummy,0.7512,677,460,1117,1044
1603,53.52,boneka-asli,0.5497,1506,818,1836,1061
1604,53.55,boneka-asli,0.7839,1094,490,1516,987
1604,53.55,boneka-dummy,0.7571,666,473,1101,1042
1605,53.59,boneka-dummy,0.8702,653,476,1094,1050
1605,53.59,boneka-asli,0.8343,1082,495,1511,996
1606,53.62,boneka-dummy,0.8970,638,478,1082,1057
1606,53.62,boneka-asli,0.8364,1072,501,1490,1006
1606,53.62,boneka-asli,0.5430,1470,851,1807,1063
1607,53.65,boneka-dummy,0.9103,625,483,1074,1065
1607,53.65,boneka-asli,0.8453,1061,504,1485,1010
1607,53.65,boneka-dummy,0.6794,0,836,532,1080
1607,53.65,boneka-asli,0.5010,1455,846,1793,1066
1608,53.69,boneka-dummy,0.9165,611,484,1059,1073
1608,53.69,boneka-asli,0.8465,1053,507,1475,1016
1608,53.69,boneka-asli,0.6225,1447,846,1769,1064
1609,53.72,boneka-dummy,0.9209,600,495,1047,1078
1609,53.72,boneka-asli,0.9055,1043,511,1465,1024
1609,53.72,boneka-asli,0.5490,1435,861,1770,1067
1609,53.72,boneka-dummy,0.5429,1,858,519,1080
1610,53.75,boneka-asli,0.9418,1030,515,1452,1036
1610,53.75,boneka-dummy,0.9065,579,507,1033,1080
1610,53.75,boneka-asli,0.6184,1411,841,1711,1072
1610,53.75,boneka-dummy,0.5247,1,871,507,1080
1611,53.79,boneka-asli,0.9218,1021,523,1439,1041
1611,53.79,boneka-dummy,0.8957,571,511,1020,1080
1611,53.79,boneka-asli,0.5637,1407,869,1731,1075
1612,53.82,boneka-asli,0.9171,1002,526,1435,1049
1612,53.82,boneka-dummy,0.9110,560,515,1009,1080
1612,53.82,boneka-asli,0.5819,1402,868,1816,1077
1612,53.82,boneka-dummy,0.5132,0,871,458,1080
1613,53.85,boneka-asli,0.9237,994,528,1421,1050
1613,53.85,boneka-dummy,0.8750,550,516,1002,1080
1613,53.85,boneka-asli,0.6146,1391,879,1729,1079
1614,53.89,boneka-dummy,0.9176,537,515,993,1080
1614,53.89,boneka-asli,0.9007,986,527,1414,1046
1614,53.89,boneka-asli,0.5912,1382,877,1722,1079
1614,53.89,boneka-dummy,0.5639,0,869,450,1080
1615,53.92,boneka-asli,0.9025,983,527,1404,1040
1615,53.92,boneka-dummy,0.8970,527,514,987,1080
1615,53.92,boneka-asli,0.5523,1373,879,1726,1078
1615,53.92,boneka-dummy,0.5416,1,876,423,1080
1616,53.95,boneka-asli,0.9084,977,525,1392,1041
1616,53.95,boneka-dummy,0.9012,523,515,982,1080
1616,53.95,boneka-asli,0.5510,1365,866,1703,1075
1617,53.99,boneka-dummy,0.9207,516,512,974,1080
1617,53.99,boneka-asli,0.9125,969,523,1387,1040
1617,53.99,boneka-asli,0.5282,1355,870,1717,1074
1618,54.02,boneka-dummy,0.9265,508,515,964,1079
1618,54.02,boneka-asli,0.9015,959,525,1384,1038
1618,54.02,boneka-dummy,0.5364,0,865,413,1080
1619,54.05,boneka-dummy,0.9220,500,512,957,1080
1619,54.05,boneka-asli,0.9126,953,520,1376,1035
1619,54.05,boneka-asli,0.5464,1341,858,1667,1075
1620,54.09,boneka-asli,0.9256,948,520,1366,1038
1620,54.09,boneka-dummy,0.9128,497,510,950,1080
1620,54.09,boneka-asli,0.5139,1337,865,1668,1074
1621,54.12,boneka-asli,0.9200,941,519,1361,1039
1621,54.12,boneka-dummy,0.9095,487,508,941,1080
1621,54.12,boneka-asli,0.6323,1325,849,1637,1075
1622,54.15,boneka-asli,0.9420,934,521,1350,1038
1622,54.15,boneka-dummy,0.9040,482,508,933,1080
1622,54.15,boneka-asli,0.5730,1315,856,1643,1073
1623,54.19,boneka-asli,0.9180,926,527,1345,1039
1623,54.19,boneka-dummy,0.8947,472,510,926,1080
1624,54.22,boneka-asli,0.9262,922,527,1342,1039
1624,54.22,boneka-dummy,0.9093,467,512,920,1080
1624,54.22,boneka-asli,0.5417,1305,852,1643,1076
1625,54.25,boneka-asli,0.9240,923,522,1344,1039
1625,54.25,boneka-dummy,0.9123,469,506,919,1080
1625,54.25,boneka-asli,0.5662,1302,844,1633,1074
1626,54.29,boneka-asli,0.9399,923,519,1342,1032
1626,54.29,boneka-dummy,0.9024,473,503,922,1077
1627,54.32,boneka-asli,0.9305,920,515,1342,1027
1627,54.32,boneka-dummy,0.8999,473,498,920,1071
1627,54.32,boneka-dummy,0.5735,916,521,1340,1027
1628,54.35,boneka-asli,0.9154,917,511,1338,1026
1628,54.35,boneka-dummy,0.9022,469,497,919,1074
1628,54.35,boneka-dummy,0.5425,914,516,1337,1026
1629,54.39,boneka-dummy,0.9027,468,496,915,1072
1629,54.39,boneka-asli,0.8950,912,513,1336,1030
1629,54.39,boneka-dummy,0.5803,909,514,1336,1029
1629,54.39,boneka-asli,0.5178,1298,858,1716,1068
1630,54.42,boneka-dummy,0.9032,462,498,911,1070
1630,54.42,boneka-asli,0.8924,908,515,1331,1031
1630,54.42,boneka-dummy,0.6078,906,518,1329,1030
1631,54.46,boneka-dummy,0.9036,460,498,908,1070
1631,54.46,boneka-asli,0.9029,905,513,1328,1028
1632,54.49,boneka-dummy,0.9084,455,496,906,1069
1632,54.49,boneka-asli,0.8635,902,513,1323,1027
1632,54.49,boneka-dummy,0.6011,901,516,1322,1028
1633,54.52,boneka-dummy,0.9091,450,494,905,1070
1633,54.52,boneka-asli,0.8870,899,512,1321,1024
1633,54.52,boneka-asli,0.5984,1281,867,1632,1072
1633,54.52,boneka-dummy,0.5423,899,515,1321,1025
1634,54.56,boneka-dummy,0.9141,446,494,902,1069
1634,54.56,boneka-asli,0.8920,896,512,1318,1024
1634,54.56,boneka-asli,0.5669,1276,858,1615,1073
1635,54.59,boneka-dummy,0.9155,440,495,900,1071
1635,54.59,boneka-asli,0.8909,894,514,1314,1024
1635,54.59,boneka-asli,0.5229,1273,873,1618,1071
1636,54.62,boneka-dummy,0.9240,438,492,899,1078
1636,54.62,boneka-asli,0.8853,891,512,1310,1023
1637,54.66,boneka-dummy,0.9245,429,495,892,1077
1637,54.66,boneka-asli,0.8839,887,515,1309,1029
1637,54.66,boneka-asli,0.5385,1270,854,1634,1075
1638,54.69,boneka-dummy,0.9314,421,507,885,1080
1638,54.69,boneka-asli,0.8924,881,523,1304,1040
1638,54.69,boneka-asli,0.5713,1257,874,1663,1075
1639,54.72,boneka-dummy,0.9354,414,524,877,1080
1639,54.72,boneka-asli,0.9040,870,539,1298,1055
1640,54.76,boneka-dummy,0.9152,400,536,864,1080
1640,54.76,boneka-asli,0.8746,863,552,1285,1067
1641,54.79,boneka-dummy,0.9214,388,537,857,1080
1641,54.79,boneka-asli,0.8460,858,553,1285,1070
1642,54.82,boneka-dummy,0.9103,383,537,853,1080
1642,54.82,boneka-asli,0.8684,852,553,1275,1076
1643,54.86,boneka-dummy,0.8990,380,537,851,1080
1643,54.86,boneka-asli,0.8464,848,553,1268,1071
1643,54.86,boneka-asli,0.5151,1237,904,1618,1077
1644,54.89,boneka-dummy,0.8996,379,536,840,1080
1644,54.89,boneka-asli,0.8881,847,552,1268,1071
1645,54.92,boneka-asli,0.9020,841,552,1263,1066
1645,54.92,boneka-dummy,0.8616,372,536,842,1080
1646,54.96,boneka-asli,0.9023,839,550,1263,1064
1646,54.96,boneka-dummy,0.8544,367,532,833,1080
1647,54.99,boneka-dummy,0.9038,365,532,828,1080
1647,54.99,boneka-asli,0.9033,835,548,1254,1063
1648,55.02,boneka-asli,0.8908,829,545,1248,1069
1648,55.02,boneka-dummy,0.8693,359,531,822,1080
1649,55.06,boneka-asli,0.8981,820,544,1248,1060
1649,55.06,boneka-dummy,0.8658,351,524,819,1080
1649,55.06,boneka-asli,0.5109,1207,865,1521,1077
1650,55.09,boneka-dummy,0.9268,348,512,816,1080
1650,55.09,boneka-asli,0.8814,814,535,1246,1048
1650,55.09,boneka-asli,0.6292,1206,862,1532,1077
1651,55.12,boneka-dummy,0.9297,345,507,814,1080
1651,55.12,boneka-asli,0.9149,810,526,1241,1047
1651,55.12,boneka-asli,0.6567,1203,876,1545,1077
1652,55.16,boneka-dummy,0.9223,340,508,813,1080
1652,55.16,boneka-asli,0.9142,807,523,1238,1043
1653,55.19,boneka-asli,0.9205,810,521,1237,1040
1653,55.19,boneka-dummy,0.9189,339,505,812,1080
1653,55.19,boneka-asli,0.5231,1199,849,1536,1076
1654,55.22,boneka-dummy,0.9397,335,503,812,1080
1654,55.22,boneka-asli,0.9172,808,518,1234,1037
1654,55.22,boneka-asli,0.5699,1199,848,1529,1073
1655,55.26,boneka-dummy,0.9393,334,501,812,1080
1655,55.26,boneka-asli,0.9115,807,516,1229,1039
1655,55.26,boneka-asli,0.5192,1196,846,1534,1070
1656,55.29,boneka-dummy,0.9439,328,499,808,1080
1656,55.29,boneka-asli,0.9068,806,512,1229,1037
1656,55.29,boneka-dummy,0.5399,805,516,1227,1036
1657,55.32,boneka-dummy,0.9414,326,506,807,1080
1657,55.32,boneka-asli,0.9084,801,514,1225,1038
1658,55.36,boneka-asli,0.9108,798,518,1222,1039
1658,55.36,boneka-dummy,0.9080,323,511,802,1080
1658,55.36,boneka-asli,0.5912,1183,846,1498,1080
1659,55.39,boneka-dummy,0.9176,319,512,799,1080
1659,55.39,boneka-asli,0.9024,794,518,1219,1038
1659,55.39,boneka-asli,0.5151,1183,845,1511,1078
1660,55.42,boneka-dummy,0.9306,316,512,798,1080
1660,55.42,boneka-asli,0.8992,791,519,1217,1040
1661,55.46,boneka-dummy,0.9356,313,515,794,1080
1661,55.46,boneka-asli,0.8928,790,520,1216,1043
1662,55.49,boneka-dummy,0.9361,308,516,791,1080
1662,55.49,boneka-asli,0.8981,788,523,1210,1049
1663,55.52,boneka-dummy,0.9305,301,522,789,1080
1663,55.52,boneka-asli,0.8999,782,527,1208,1050
1663,55.52,boneka-asli,0.5128,1174,862,1527,1076
1664,55.56,boneka-dummy,0.9280,297,528,784,1080
1664,55.56,boneka-asli,0.9082,780,535,1205,1067
1664,55.56,boneka-asli,0.5117,1168,870,1553,1077
1665,55.59,boneka-dummy,0.9300,289,533,778,1080
1665,55.59,boneka-asli,0.9041,775,544,1201,1066
1665,55.59,boneka-asli,0.5691,1167,863,1497,1076
1666,55.62,boneka-dummy,0.9183,283,535,772,1080
1666,55.62,boneka-asli,0.8979,771,545,1199,1070
1666,55.62,boneka-asli,0.6516,1165,865,1480,1077
1667,55.66,boneka-dummy,0.9327,279,528,768,1080
1667,55.66,boneka-asli,0.9073,763,535,1193,1064
1667,55.66,boneka-asli,0.5682,1161,868,1549,1077
1668,55.69,boneka-dummy,0.9364,271,512,765,1080
1668,55.69,boneka-asli,0.9083,759,521,1186,1043
1668,55.69,boneka-asli,0.5746,1156,848,1491,1076
1669,55.72,boneka-dummy,0.9317,269,503,762,1080
1669,55.72,boneka-asli,0.9054,757,512,1182,1039
1669,55.72,boneka-dummy,0.5780,761,520,1186,1039
1669,55.72,boneka-asli,0.5060,1150,850,1502,1073
1670,55.76,boneka-dummy,0.9237,269,497,758,1080
1670,55.76,boneka-asli,0.9102,753,507,1178,1035
1670,55.76,boneka-asli,0.6346,1151,841,1495,1073
1671,55.79,boneka-dummy,0.9264,259,496,751,1080
1671,55.79,boneka-asli,0.9123,748,510,1178,1036
1671,55.79,boneka-dummy,0.5479,750,513,1181,1037
1671,55.79,boneka-asli,0.5205,1144,854,1502,1072
1672,55.82,boneka-asli,0.9384,742,511,1171,1035
1672,55.82,boneka-dummy,0.9187,253,499,744,1080
1672,55.82,boneka-asli,0.5414,1142,855,1486,1068
1673,55.86,boneka-asli,0.9356,741,512,1165,1038
1673,55.86,boneka-dummy,0.9213,249,500,739,1080
1674,55.89,boneka-asli,0.9474,737,510,1160,1031
1674,55.89,boneka-dummy,0.9265,244,499,733,1080
1674,55.89,boneka-asli,0.5106,1128,845,1448,1067
1675,55.92,boneka-dummy,0.9318,238,492,728,1080
1675,55.92,boneka-asli,0.9262,731,504,1153,1029
1675,55.92,boneka-asli,0.6571,1122,851,1451,1067
1676,55.96,boneka-dummy,0.9423,231,482,724,1080
1676,55.96,boneka-asli,0.9254,718,502,1152,1023
1677,55.99,boneka-dummy,0.9293,225,475,718,1080
1677,55.99,boneka-asli,0.9155,710,498,1141,1015
1678,56.02,boneka-dummy,0.9181,217,464,715,1080
1678,56.02,boneka-asli,0.8902,703,491,1135,1004
1678,56.02,boneka-asli,0.5842,1104,833,1440,1065
1679,56.06,boneka-dummy,0.9279,207,457,706,1080
1679,56.06,boneka-asli,0.8802,696,488,1130,995
1680,56.09,boneka-dummy,0.9128,194,457,696,1080
1680,56.09,boneka-asli,0.8385,688,485,1117,994
1681,56.12,boneka-dummy,0.9231,188,458,685,1074
1681,56.12,boneka-asli,0.8643,680,481,1101,992
1682,56.16,boneka-dummy,0.9062,176,452,677,1068
1682,56.16,boneka-asli,0.8405,672,478,1093,990
1682,56.16,boneka-asli,0.5220,1065,815,1413,1080
1683,56.19,boneka-asli,0.8515,664,475,1086,990
1683,56.19,boneka-dummy,0.8339,166,449,666,1066
1684,56.22,boneka-asli,0.8778,659,471,1073,987
1684,56.22,boneka-dummy,0.8704,162,440,658,1064
1684,56.22,boneka-asli,0.5396,1278,794,1913,1080
1685,56.26,boneka-asli,0.8805,652,459,1066,964
1685,56.26,boneka-dummy,0.8414,156,435,644,1063
1686,56.29,boneka-asli,0.7674,641,450,1055,955
1686,56.29,boneka-dummy,0.7643,136,430,634,1080
1687,56.32,boneka-asli,0.8928,618,431,1047,954
1687,56.32,boneka-dummy,0.8397,127,419,623,1045
1688,56.36,boneka-asli,0.9121,611,421,1029,945
1688,56.36,boneka-dummy,0.8710,114,415,611,1028
1688,56.36,boneka-asli,0.5690,1003,762,1271,1056
1689,56.39,boneka-asli,0.8958,602,415,1010,926
1689,56.39,boneka-dummy,0.8745,97,407,599,1080
1689,56.39,boneka-asli,0.6153,1213,761,1919,1080
1690,56.42,boneka-asli,0.9008,572,412,985,926
1690,56.42,boneka-dummy,0.8657,68,405,575,1056
1690,56.42,boneka-asli,0.5254,1179,762,1912,1080
1691,56.46,boneka-asli,0.9379,533,421,952,927
1691,56.46,boneka-dummy,0.8962,5,409,533,1080
1692,56.49,boneka-asli,0.8869,482,427,903,937
1692,56.49,boneka-dummy,0.8572,0,414,489,1076
1693,56.53,boneka-asli,0.8225,436,437,863,944
1693,56.53,boneka-dummy,0.7220,0,429,437,1064
1694,56.56,boneka-asli,0.8594,384,455,804,957
1694,56.56,boneka-dummy,0.7984,0,437,393,1080
1695,56.59,boneka-asli,0.8528,329,463,768,968
1695,56.59,boneka-dummy,0.6745,0,441,334,1080
1695,56.59,boneka-asli,0.5433,1515,198,1920,1080
1696,56.63,boneka-asli,0.8891,279,476,708,987
1696,56.63,boneka-dummy,0.8082,0,515,292,1080
1696,56.63,boneka-asli,0.6786,1427,199,1919,1066
1697,56.66,boneka-asli,0.8446,226,484,672,1007
1697,56.66,boneka-dummy,0.7803,0,622,236,1080
1698,56.69,boneka-asli,0.8791,167,498,614,1026
1698,56.69,boneka-dummy,0.7478,0,641,173,1080
1699,56.73,boneka-asli,0.8383,110,504,572,1040
1699,56.73,boneka-dummy,0.5522,111,507,579,1047
1700,56.76,boneka-asli,0.8092,52,518,521,1067
1701,56.79,boneka-asli,0.7644,0,534,471,1080
1702,56.83,boneka-asli,0.8958,0,561,417,1080
1703,56.86,boneka-asli,0.9298,0,571,363,1080
1704,56.89,boneka-asli,0.8682,0,593,291,1080
1705,56.93,boneka-asli,0.8158,0,611,238,1080
1731,57.79,boneka-dummy,0.6066,759,5,857,120
1733,57.86,boneka-dummy,0.5070,658,0,759,119
1755,58.60,boneka-dummy,0.5354,1536,85,1867,281
1757,58.66,boneka-dummy,0.6176,1492,48,1796,244
1760,58.76,boneka-dummy,0.5260,1439,0,1723,174
1772,59.16,boneka-asli,0.5895,1254,879,1920,1080
1773,59.20,boneka-asli,0.6160,1244,861,1920,1080
1774,59.23,boneka-dummy,0.5548,1647,0,1910,136
1774,59.23,boneka-asli,0.5490,1237,849,1920,1080
1775,59.26,boneka-asli,0.6078,1291,857,1920,1080
1776,59.30,boneka-dummy,0.5778,1558,936,1920,1080
1777,59.33,boneka-dummy,0.7497,1587,908,1919,1080
1777,59.33,boneka-asli,0.5924,595,69,689,161
1778,59.36,boneka-asli,0.5109,1157,781,1885,1080
1779,59.40,boneka-asli,0.7047,1146,755,1652,1080
1779,59.40,boneka-dummy,0.6006,1473,826,1901,1080
1780,59.43,boneka-asli,0.8017,1119,742,1646,1080
1781,59.46,boneka-asli,0.7513,1095,746,1633,1080
1781,59.46,boneka-dummy,0.5958,1424,823,1878,1079
1782,59.50,boneka-asli,0.7625,1087,743,1664,1080
1783,59.53,boneka-asli,0.7546,1091,743,1581,1080
1783,59.53,boneka-dummy,0.5073,1411,825,1805,1076
1784,59.56,boneka-asli,0.7597,1081,749,1565,1080
1784,59.56,boneka-asli,0.5704,584,0,694,89
1785,59.60,boneka-asli,0.7370,1081,752,1557,1080
1785,59.60,boneka-asli,0.7219,596,0,693,70
1786,59.63,boneka-asli,0.7645,1090,739,1568,1080
1786,59.63,boneka-asli,0.5308,607,0,713,51
1787,59.66,boneka-asli,0.7595,1083,720,1587,1080
1788,59.70,boneka-asli,0.7747,1080,714,1569,1080
1789,59.73,boneka-asli,0.7654,1066,696,1741,1080
1790,59.76,boneka-asli,0.7298,1054,674,1725,1080
1791,59.80,boneka-asli,0.8084,1057,652,1717,1080
1792,59.83,boneka-asli,0.7710,1053,600,1711,1080
1793,59.86,boneka-asli,0.7346,1044,563,1731,1080
1794,59.90,boneka-asli,0.7847,1069,511,1728,1080
1794,59.90,boneka-dummy,0.5307,23,791,732,1080
1795,59.93,boneka-asli,0.8443,1062,467,1713,1080
1796,59.96,boneka-asli,0.7738,1059,440,1667,1080
1796,59.96,boneka-dummy,0.7085,1041,440,1670,1080
1797,60.00,boneka-dummy,0.8219,1018,416,1644,1080
1797,60.00,boneka-asli,0.7354,1018,410,1639,1080
1798,60.03,boneka-asli,0.8092,1019,398,1615,1080
1799,60.06,boneka-asli,0.8200,982,387,1596,1080
1799,60.06,boneka-dummy,0.6150,10,711,563,1080
1800,60.10,boneka-asli,0.8659,973,379,1570,1080
1800,60.10,boneka-dummy,0.6012,45,701,546,1080
1801,60.13,boneka-asli,0.7303,947,376,1544,1080
1802,60.16,boneka-asli,0.8403,921,379,1519,1080
1803,60.20,boneka-asli,0.8022,889,371,1496,1080
1804,60.23,boneka-asli,0.7391,879,363,1478,1080
1805,60.26,boneka-dummy,0.6590,854,341,1458,1080
1806,60.30,boneka-asli,0.6050,864,343,1444,1080
1806,60.30,boneka-dummy,0.5976,837,332,1441,1080
1807,60.33,boneka-dummy,0.6837,803,330,1423,1080
1808,60.36,boneka-dummy,0.7533,775,409,1401,1080
1808,60.36,boneka-asli,0.5779,794,323,1400,1080
1809,60.40,boneka-dummy,0.8651,763,475,1383,1080
1809,60.40,boneka-dummy,0.5399,1,662,392,971
1810,60.43,boneka-dummy,0.7081,752,294,1361,1074
1810,60.43,boneka-dummy,0.6890,0,638,463,1080
1810,60.43,boneka-asli,0.5651,763,296,1358,1078
1811,60.46,boneka-dummy,0.7854,713,270,1344,1064
1811,60.46,boneka-dummy,0.6911,0,614,453,1080
1812,60.50,boneka-dummy,0.8143,0,603,377,1079
1812,60.50,boneka-asli,0.6004,698,249,1330,1032
1813,60.53,boneka-dummy,0.7309,0,589,355,1080
1813,60.53,boneka-asli,0.6966,701,227,1308,1017
1814,60.56,boneka-dummy,0.7204,0,588,407,1080
1814,60.56,boneka-asli,0.6520,693,221,1290,1012
1814,60.56,boneka-dummy,0.6184,674,257,1290,1014
1815,60.60,boneka-asli,0.7130,676,228,1282,1013
1815,60.60,boneka-dummy,0.6676,0,587,420,1080
1816,60.63,boneka-asli,0.7654,669,241,1272,1017
1816,60.63,boneka-dummy,0.7014,0,591,407,1080
1817,60.67,boneka-dummy,0.7693,0,593,418,1080
1817,60.67,boneka-asli,0.7011,671,257,1264,1022
1818,60.70,boneka-asli,0.7947,660,278,1250,1032
1818,60.70,boneka-dummy,0.7714,0,596,385,1079
1819,60.73,boneka-dummy,0.7986,0,603,392,1078
1819,60.73,boneka-asli,0.6438,642,283,1242,1044
1819,60.73,boneka-dummy,0.6430,643,348,1240,1045
1820,60.77,boneka-dummy,0.7248,0,611,421,1080
1820,60.77,boneka-asli,0.7065,623,299,1229,1068
1820,60.77,boneka-dummy,0.5812,609,296,1227,1066
1821,60.80,boneka-dummy,0.8453,598,360,1217,1079
1821,60.80,boneka-dummy,0.6980,0,628,428,1080
1822,60.83,boneka-dummy,0.6807,588,342,1212,1080
1822,60.83,boneka-dummy,0.6205,0,625,398,1080
1822,60.83,boneka-asli,0.6050,595,319,1213,1080
1823,60.87,boneka-dummy,0.8313,585,393,1206,1080
1824,60.90,boneka-dummy,0.8314,564,395,1205,1080
1824,60.90,boneka-dummy,0.5584,0,646,391,1080
1825,60.93,boneka-dummy,0.6997,569,389,1203,1080
1825,60.93,boneka-asli,0.5001,604,346,1202,1080
1826,60.97,boneka-dummy,0.6041,566,413,1204,1080
1826,60.97,boneka-asli,0.5481,597,343,1203,1080
1826,60.97,boneka-dummy,0.5414,0,650,364,1080
1827,61.00,boneka-dummy,0.8211,564,401,1205,1080
1827,61.00,boneka-dummy,0.6272,0,640,353,1080
1827,61.00,boneka-asli,0.5869,590,323,1203,1080
1828,61.03,boneka-dummy,0.7586,567,376,1204,1080
1828,61.03,boneka-dummy,0.6714,0,627,364,1080
1828,61.03,boneka-asli,0.6563,583,310,1203,1080
1829,61.07,boneka-dummy,0.8411,560,398,1205,1080
1829,61.07,boneka-dummy,0.6622,0,610,391,1080
1830,61.10,boneka-dummy,0.8357,561,296,1208,1075
1830,61.10,boneka-dummy,0.5400,0,612,390,1080
1831,61.13,boneka-dummy,0.7454,567,279,1218,1069
1831,61.13,boneka-dummy,0.5001,0,610,410,1080
1832,61.17,boneka-dummy,0.7977,0,606,316,1078
1832,61.17,boneka-dummy,0.6828,593,279,1227,1058
1832,61.17,boneka-asli,0.5913,591,278,1227,1052
1833,61.20,boneka-dummy,0.7544,0,603,317,1077
1833,61.20,boneka-asli,0.7175,592,273,1237,1046
1834,61.23,boneka-dummy,0.7846,0,601,354,1080
1834,61.23,boneka-asli,0.7094,615,260,1245,1042
1835,61.27,boneka-asli,0.7436,630,257,1255,1036
1835,61.27,boneka-dummy,0.7252,0,598,389,1080
1836,61.30,boneka-asli,0.6480,646,254,1269,1037
1837,61.33,boneka-asli,0.7437,658,258,1282,1035
1838,61.37,boneka-asli,0.8702,677,262,1295,1029
1838,61.37,boneka-asli,0.5846,0,591,486,1080
1839,61.40,boneka-asli,0.7305,687,248,1319,1025
1840,61.43,boneka-asli,0.6906,705,252,1342,1024
1841,61.47,boneka-asli,0.8433,744,251,1367,1024
1842,61.50,boneka-asli,0.8629,784,260,1405,1019
1843,61.53,boneka-asli,0.8855,846,251,1447,1007
1843,61.53,boneka-dummy,0.5890,1,579,590,1072
1844,61.57,boneka-asli,0.8068,882,237,1489,993
1844,61.57,boneka-dummy,0.5846,9,571,598,1056
1845,61.60,boneka-dummy,0.6999,74,559,627,1080
1845,61.60,boneka-asli,0.5979,916,225,1531,974
1846,61.63,boneka-asli,0.6618,957,209,1570,961
1846,61.63,boneka-dummy,0.5206,957,213,1573,958
1847,61.67,boneka-dummy,0.6819,987,177,1610,932
1847,61.67,boneka-asli,0.5880,988,183,1612,935
1848,61.70,boneka-dummy,0.6362,1036,147,1647,913
1849,61.73,boneka-dummy,0.7448,1064,132,1682,884
1850,61.77,boneka-dummy,0.8058,1105,113,1723,864
1851,61.80,boneka-dummy,0.7804,1133,85,1757,846
1852,61.83,boneka-dummy,0.7260,1180,68,1800,827
1853,61.87,boneka-dummy,0.7948,1221,55,1836,814
1854,61.90,boneka-dummy,0.6718,1252,50,1884,799
1855,61.93,boneka-dummy,0.7606,1272,44,1917,792
1856,61.97,boneka-dummy,0.7680,1329,42,1919,791
1856,61.97,boneka-asli,0.5759,588,404,1020,893
1857,62.00,boneka-dummy,0.7949,1349,33,1919,793
1858,62.03,boneka-dummy,0.5778,1426,37,1919,785
1859,62.07,boneka-dummy,0.8124,1463,15,1920,783
1860,62.10,boneka-dummy,0.6633,1554,13,1919,780
1861,62.13,boneka-asli,0.5831,1661,154,1919,771
1862,62.17,boneka-dummy,0.6961,1778,193,1919,776
1874,62.57,boneka-asli,0.7356,120,718,558,1080
1875,62.60,boneka-dummy,0.5310,241,706,671,1080
1875,62.60,boneka-dummy,0.5007,1,879,302,1080
1876,62.63,boneka-dummy,0.7205,82,862,413,1080
1876,62.63,boneka-asli,0.5741,312,695,750,1080
1876,62.63,boneka-asli,0.5305,86,862,386,1080
1877,62.67,boneka-asli,0.7235,413,685,792,1080
1877,62.67,boneka-dummy,0.6988,170,840,500,1080
1878,62.70,boneka-dummy,0.6674,491,669,873,1071
1878,62.70,boneka-dummy,0.6605,204,816,577,1080
1878,62.70,boneka-asli,0.6323,489,674,851,1074
1879,62.74,boneka-asli,0.7723,544,661,891,1059
1879,62.74,boneka-dummy,0.7629,289,797,637,1080
1879,62.74,boneka-asli,0.6261,314,799,526,1052
1879,62.74,boneka-dummy,0.5538,540,655,927,1062
1880,62.77,boneka-dummy,0.8529,337,778,703,1080
1880,62.77,boneka-asli,0.7294,598,646,938,1045
1880,62.77,boneka-asli,0.5428,359,778,695,1080
1881,62.80,boneka-dummy,0.8585,383,758,740,1080
1881,62.80,boneka-asli,0.7754,643,639,979,1033
1881,62.80,boneka-asli,0.6759,397,761,738,1080
1881,62.80,boneka-asli,0.5699,405,762,599,926
1882,62.84,boneka-dummy,0.8731,410,754,769,1080
1882,62.84,boneka-asli,0.8403,689,626,1018,1021
1882,62.84,boneka-asli,0.5908,1111,656,1627,958
1883,62.87,boneka-dummy,0.8732,445,729,805,1080
1883,62.87,boneka-asli,0.8727,718,618,1050,1007
1883,62.87,boneka-asli,0.7289,1171,654,1670,957
1883,62.87,boneka-asli,0.5234,935,768,1262,932
1884,62.90,boneka-dummy,0.8717,485,713,836,1080
1884,62.90,boneka-asli,0.8389,763,613,1091,1003
1885,62.94,boneka-dummy,0.8576,515,742,865,1080
1885,62.94,boneka-asli,0.8222,794,605,1123,988
1885,62.94,boneka-asli,0.5913,537,704,863,1080
1886,62.97,boneka-dummy,0.8753,541,683,892,1080
1886,62.97,boneka-asli,0.8416,818,597,1146,981
1887,63.00,boneka-asli,0.8750,850,586,1170,966
1887,63.00,boneka-dummy,0.8489,571,669,913,1080
1888,63.04,boneka-asli,0.8728,868,570,1174,959
1888,63.04,boneka-dummy,0.8260,577,674,928,1080
1889,63.07,boneka-dummy,0.8725,597,635,946,1075
1889,63.07,boneka-asli,0.8236,887,561,1201,944
1890,63.10,boneka-dummy,0.8686,615,617,956,1056
1890,63.10,boneka-asli,0.8606,916,541,1215,926
1890,63.10,boneka-asli,0.6261,1725,74,1919,789
1891,63.14,boneka-dummy,0.8782,620,596,968,1017
1891,63.14,boneka-asli,0.8618,922,521,1208,912
1892,63.17,boneka-dummy,0.8541,638,572,981,1030
1892,63.17,boneka-asli,0.6563,939,508,1243,895
1892,63.17,boneka-dummy,0.6034,936,502,1241,898
1893,63.20,boneka-dummy,0.8545,647,547,993,990
1893,63.20,boneka-asli,0.8262,962,490,1257,879
1894,63.24,boneka-asli,0.8729,970,473,1246,863
1894,63.24,boneka-dummy,0.8589,665,536,1001,960
1895,63.27,boneka-asli,0.8633,981,469,1274,849
1895,63.27,boneka-dummy,0.8057,678,526,1008,949
1896,63.30,boneka-dummy,0.8682,682,510,1022,919
1896,63.30,boneka-asli,0.7299,999,453,1285,840
1896,63.30,boneka-dummy,0.5422,996,446,1289,836
1897,63.34,boneka-asli,0.8563,1013,444,1296,819
1897,63.34,boneka-dummy,0.8459,708,491,1034,908
1898,63.37,boneka-asli,0.8489,1017,427,1313,808
1898,63.37,boneka-dummy,0.8384,721,520,1044,902
1899,63.40,boneka-dummy,0.8346,728,464,1058,872
1899,63.40,boneka-asli,0.8246,1035,419,1333,796
1899,63.40,boneka-asli,0.6235,1199,860,1533,1079
1900,63.44,boneka-dummy,0.8596,753,443,1068,857
1900,63.44,boneka-asli,0.8382,1055,402,1345,777
1901,63.47,boneka-asli,0.8714,1063,387,1349,765
1901,63.47,boneka-dummy,0.8457,758,423,1082,829
1902,63.50,boneka-dummy,0.8704,770,419,1091,822
1902,63.50,boneka-asli,0.8658,1073,378,1344,755
1902,63.50,boneka-asli,0.5317,784,419,1088,827
1903,63.54,boneka-asli,0.8418,1085,369,1376,744
1903,63.54,boneka-dummy,0.7793,785,396,1098,808
1903,63.54,boneka-asli,0.6474,786,402,1100,811
1903,63.54,boneka-asli,0.5681,1173,805,1581,1057
1904,63.57,boneka-asli,0.8016,1099,354,1380,728
1904,63.57,boneka-dummy,0.7642,784,402,1107,808
1904,63.57,boneka-dummy,0.5311,1093,348,1386,729
1904,63.57,boneka-asli,0.5120,781,756,1446,1080
1904,63.57,boneka-asli,0.5001,1239,797,1577,1004
1905,63.60,boneka-asli,0.8668,1106,348,1398,721
1905,63.60,boneka-dummy,0.7508,798,447,1114,781
1905,63.60,boneka-asli,0.5339,803,377,1114,784
1906,63.64,boneka-asli,0.8627,1112,337,1399,717
1906,63.64,boneka-dummy,0.7385,805,462,1121,778
1906,63.64,boneka-asli,0.5032,20,698,852,1080
1907,63.67,boneka-asli,0.8317,1119,332,1408,707
1907,63.67,boneka-dummy,0.6600,817,369,1125,767
1907,63.67,boneka-asli,0.6297,814,368,1127,772
1907,63.67,boneka-asli,0.5632,776,714,1388,1080
1908,63.70,boneka-dummy,0.8292,824,356,1134,762
1908,63.70,boneka-asli,0.8103,1124,329,1413,713
1908,63.70,boneka-asli,0.7066,823,360,1133,764
1908,63.70,boneka-asli,0.6576,1276,775,1600,987
1908,63.70,boneka-asli,0.5328,781,713,1390,1080
1908,63.70,boneka-asli,0.5004,61,688,847,1080
1909,63.74,boneka-asli,0.8156,1130,326,1423,701
1909,63.74,boneka-asli,0.7664,825,353,1140,762
1909,63.74,boneka-dummy,0.6537,827,347,1140,759
1909,63.74,boneka-asli,0.5611,773,708,1396,1080
1909,63.74,boneka-asli,0.5046,1250,772,1605,986
1910,63.77,boneka-asli,0.8716,1138,322,1424,698
1910,63.77,boneka-dummy,0.7829,826,424,1145,761
1910,63.77,boneka-asli,0.6774,799,707,1369,1080
1910,63.77,boneka-asli,0.5775,826,347,1146,760
1911,63.80,boneka-asli,0.8677,1142,315,1427,695
1911,63.80,boneka-dummy,0.6718,828,379,1148,757
1911,63.80,boneka-asli,0.6314,828,339,1149,754
1911,63.80,boneka-asli,0.5885,784,705,1364,1080
1911,63.80,boneka-asli,0.5182,4,696,509,1080
1912,63.84,boneka-asli,0.8056,1145,313,1428,694
1912,63.84,boneka-asli,0.7213,833,333,1149,751
1912,63.84,boneka-dummy,0.6280,831,332,1148,762
1912,63.84,boneka-asli,0.6273,800,698,1351,1080
1913,63.87,boneka-asli,0.8405,1148,310,1436,690
1913,63.87,boneka-dummy,0.7380,831,390,1151,745
1913,63.87,boneka-asli,0.7259,825,700,1357,1080
1913,63.87,boneka-asli,0.7053,6,676,494,1080
1914,63.90,boneka-asli,0.8599,1151,308,1443,683
1914,63.90,boneka-dummy,0.7314,832,408,1152,748
1914,63.90,boneka-asli,0.6448,2,689,492,1080
1914,63.90,boneka-asli,0.5953,1194,762,1620,979
1914,63.90,boneka-asli,0.5535,803,680,1347,1080
1914,63.90,boneka-asli,0.5095,834,325,1152,743
1915,63.94,boneka-asli,0.8487,1150,307,1444,680
1915,63.94,boneka-dummy,0.7909,835,413,1153,736
1915,63.94,boneka-asli,0.6083,10,688,514,1080
1915,63.94,boneka-asli,0.5754,1199,759,1619,980
1916,63.97,boneka-asli,0.8098,1149,305,1447,682
1916,63.97,boneka-dummy,0.7996,835,366,1154,730
1916,63.97,boneka-dummy,0.6382,1144,299,1448,681
1916,63.97,boneka-asli,0.6111,4,678,527,1080
1917,64.00,boneka-asli,0.8433,1148,302,1447,677
1917,64.00,boneka-dummy,0.7527,833,412,1152,730
1918,64.04,boneka-asli,0.8253,1144,303,1443,676
1918,64.04,boneka-dummy,0.6326,826,409,1145,733
1918,64.04,boneka-dummy,0.5837,1137,301,1441,675
1918,64.04,boneka-asli,0.5817,826,318,1145,731
1918,64.04,boneka-asli,0.5028,157,624,868,1080
1919,64.07,boneka-asli,0.7844,1131,302,1434,676
1919,64.07,boneka-asli,0.6625,824,319,1141,726
1919,64.07,boneka-dummy,0.6282,819,411,1139,723
1919,64.07,boneka-dummy,0.5094,1128,340,1434,675
1920,64.10,boneka-asli,0.8360,1124,301,1425,682
1920,64.10,boneka-asli,0.6430,812,318,1131,725
1920,64.10,boneka-asli,0.6394,1197,765,1578,982
1920,64.10,boneka-asli,0.5731,391,841,885,1080
1920,64.10,boneka-dummy,0.5634,807,410,1134,734
1920,64.10,boneka-asli,0.5501,771,687,1357,1080
1921,64.14,boneka-asli,0.8443,1118,307,1423,682
1921,64.14,boneka-asli,0.6857,805,317,1126,725
1921,64.14,boneka-dummy,0.6289,799,416,1126,729
1921,64.14,boneka-asli,0.5040,1188,771,1582,990
1922,64.17,boneka-asli,0.8393,1112,305,1414,685
1922,64.17,boneka-dummy,0.6871,791,414,1116,726
1922,64.17,boneka-asli,0.5525,747,676,1222,1080
1922,64.17,boneka-asli,0.5430,793,317,1115,726
1922,64.17,boneka-asli,0.5256,39,627,840,1080
1922,64.17,boneka-asli,0.5016,1200,773,1554,994
1923,64.20,boneka-asli,0.8325,1100,307,1405,681
1923,64.20,boneka-dummy,0.7406,782,396,1107,729
1923,64.20,boneka-asli,0.6496,1574,515,1918,841
1923,64.20,boneka-asli,0.5553,733,670,1185,1080
1923,64.20,boneka-asli,0.5096,81,629,831,1080
1923,64.20,boneka-asli,0.5016,338,843,827,1080
1924,64.24,boneka-asli,0.8250,1093,306,1395,686
1924,64.24,boneka-dummy,0.6141,774,360,1096,725
1924,64.24,boneka-asli,0.5711,773,317,1096,727
1924,64.24,boneka-asli,0.5322,1181,771,1532,991
1925,64.27,boneka-asli,0.8101,1078,305,1383,684
1925,64.27,boneka-asli,0.7234,770,318,1081,727
1925,64.27,boneka-asli,0.5541,330,838,758,1080
1925,64.27,boneka-asli,0.5405,1117,770,1531,987
1926,64.30,boneka-asli,0.8782,1070,301,1371,683
1926,64.30,boneka-asli,0.6474,792,313,1056,726
1926,64.30,boneka-dummy,0.5713,748,304,1071,721
1926,64.30,boneka-asli,0.5558,302,838,677,1080
1926,64.30,boneka-asli,0.5437,738,664,1008,865
1926,64.30,boneka-asli,0.5081,24,614,779,1080
1927,64.34,boneka-asli,0.8584,1057,300,1353,680
1927,64.34,boneka-dummy,0.7393,731,375,1059,727
1927,64.34,boneka-asli,0.6228,286,838,703,1080
1927,64.34,boneka-asli,0.5952,1042,765,1483,982
1927,64.34,boneka-asli,0.5244,11,605,771,1080
1928,64.37,boneka-asli,0.7799,1037,309,1337,691
1928,64.37,boneka-dummy,0.6918,723,412,1043,730
1928,64.37,boneka-asli,0.5985,650,672,1134,1080
1928,64.37,boneka-asli,0.5800,12,624,757,1080
1928,64.37,boneka-dummy,0.5485,1031,303,1338,687
1928,64.37,boneka-asli,0.5474,721,318,1043,731
1929,64.40,boneka-dummy,0.8323,696,418,1027,735
1929,64.40,boneka-asli,0.8192,1019,323,1319,692
1930,64.44,boneka-asli,0.8567,1006,323,1304,700
1930,64.44,boneka-dummy,0.7439,679,345,1010,757
1931,64.47,boneka-asli,0.8677,985,333,1281,714
1931,64.47,boneka-dummy,0.8330,660,341,990,760
1931,64.47,boneka-asli,0.5090,661,348,989,764
1932,64.50,boneka-asli,0.8558,962,346,1269,722
1932,64.50,boneka-dummy,0.8217,638,349,969,777
1933,64.54,boneka-dummy,0.8575,618,365,949,777
1933,64.54,boneka-asli,0.7723,939,358,1239,732
1934,64.57,boneka-dummy,0.8123,594,368,929,798
1934,64.57,boneka-asli,0.7445,923,361,1221,744
1935,64.60,boneka-asli,0.8383,909,368,1205,745
1935,64.60,boneka-dummy,0.7136,578,374,909,811
1936,64.64,boneka-asli,0.8513,898,373,1185,747
1936,64.64,boneka-dummy,0.6703,563,374,897,804
1936,64.64,boneka-asli,0.6221,566,379,897,801
1937,64.67,boneka-asli,0.8574,879,374,1172,749
1937,64.67,boneka-dummy,0.6682,545,384,879,805
1937,64.67,boneka-asli,0.5815,0,688,559,1080
1938,64.70,boneka-asli,0.8597,867,374,1151,749
1938,64.70,boneka-dummy,0.7707,534,410,862,811
1938,64.70,boneka-asli,0.6799,0,689,524,1080
1939,64.74,boneka-asli,0.8649,854,376,1142,751
1939,64.74,boneka-dummy,0.8270,515,402,852,809
1939,64.74,boneka-asli,0.6377,0,702,541,1080
1939,64.74,boneka-asli,0.5340,1379,773,1891,1080
1940,64.77,boneka-asli,0.8567,836,376,1131,752
1940,64.77,boneka-dummy,0.7108,503,389,839,810
1940,64.77,boneka-asli,0.6455,0,692,504,1080
1940,64.77,boneka-asli,0.5408,1721,118,1919,802
1940,64.77,boneka-asli,0.5221,510,393,836,810
1941,64.81,boneka-asli,0.8677,827,375,1111,749
1941,64.81,boneka-dummy,0.7232,491,439,821,810
1941,64.81,boneka-asli,0.5834,488,393,822,810
1941,64.81,boneka-asli,0.5683,0,701,480,1080
1941,64.81,boneka-asli,0.5126,1701,169,1919,933
1942,64.84,boneka-asli,0.8452,815,376,1100,748
1942,64.84,boneka-dummy,0.7485,481,415,811,807
1942,64.84,boneka-asli,0.6779,0,718,495,1080
1942,64.84,boneka-asli,0.5482,1329,721,1907,1080
1943,64.87,boneka-asli,0.8539,802,378,1092,747
1943,64.87,boneka-dummy,0.8453,466,486,801,804
1944,64.91,boneka-dummy,0.8573,456,448,790,804
1944,64.91,boneka-asli,0.8518,786,379,1085,746
1945,64.94,boneka-asli,0.8536,773,385,1071,748
1945,64.94,boneka-dummy,0.8369,440,395,777,806
1945,64.94,boneka-asli,0.6549,0,702,451,1080
1946,64.97,boneka-asli,0.8521,769,384,1062,758
1946,64.97,boneka-dummy,0.8438,435,400,765,811
1947,65.01,boneka-asli,0.8750,765,387,1050,762
1947,65.01,boneka-dummy,0.8640,427,403,760,814
1947,65.01,boneka-asli,0.5125,1031,617,1308,787
1948,65.04,boneka-asli,0.8786,762,386,1051,763
1948,65.04,boneka-dummy,0.8273,423,406,760,816
1948,65.04,boneka-asli,0.6071,1031,621,1261,813
1948,65.04,boneka-asli,0.5167,423,409,760,819
1949,65.07,boneka-asli,0.8894,763,393,1047,766
1949,65.07,boneka-dummy,0.7593,423,408,760,820
1949,65.07,boneka-asli,0.6606,428,413,760,822
1950,65.11,boneka-asli,0.8892,765,394,1045,767
1950,65.11,boneka-dummy,0.8356,423,423,759,824
1950,65.11,boneka-asli,0.6110,427,414,759,825
1950,65.11,boneka-asli,0.5062,1550,161,1920,923
1951,65.14,boneka-asli,0.8916,765,392,1049,765
1951,65.14,boneka-dummy,0.7886,427,408,760,818
1951,65.14,boneka-asli,0.6334,423,413,761,820
1951,65.14,boneka-asli,0.5621,1036,627,1225,814
1951,65.14,boneka-asli,0.5194,0,726,445,1080
1951,65.14,boneka-asli,0.5072,1259,749,1837,1080
1952,65.17,boneka-asli,0.8734,761,386,1047,761
1952,65.17,boneka-dummy,0.8730,427,410,758,814
1952,65.17,boneka-asli,0.6812,1030,620,1280,802
1952,65.17,boneka-asli,0.6443,1253,734,1763,1080
1952,65.17,boneka-asli,0.5941,0,712,460,1080
1953,65.21,boneka-asli,0.8582,762,382,1043,753
1953,65.21,boneka-dummy,0.8442,427,400,759,810
1953,65.21,boneka-asli,0.7512,0,708,458,1080
1953,65.21,boneka-asli,0.6878,1244,725,1682,1080
1953,65.21,boneka-asli,0.5965,1031,617,1267,797
1954,65.24,boneka-asli,0.8584,768,376,1040,744
1954,65.24,boneka-dummy,0.8539,430,484,760,810
1954,65.24,boneka-asli,0.6133,1036,618,1251,789
1954,65.24,boneka-asli,0.6086,1232,720,1736,1080
1954,65.24,boneka-asli,0.5283,0,736,457,1080
1955,65.27,boneka-asli,0.8685,769,375,1043,735
1955,65.27,boneka-dummy,0.7452,435,395,761,797
1955,65.27,boneka-asli,0.6731,0,687,448,1080
1955,65.27,boneka-asli,0.6408,1036,608,1213,790
1955,65.27,boneka-asli,0.6143,1218,723,1728,1080
1956,65.31,boneka-asli,0.8804,769,366,1048,726
1956,65.31,boneka-asli,0.7434,0,680,456,1080
1956,65.31,boneka-dummy,0.7237,437,379,764,785
1956,65.31,boneka-asli,0.5039,437,375,763,789
1957,65.34,boneka-asli,0.8724,773,357,1054,720
1957,65.34,boneka-asli,0.8313,0,638,450,1080
1957,65.34,boneka-dummy,0.7841,441,363,766,779
1957,65.34,boneka-asli,0.6308,437,373,769,775
1958,65.37,boneka-asli,0.8475,776,349,1062,717
1958,65.37,boneka-dummy,0.7242,448,357,771,773
1958,65.37,boneka-asli,0.7080,0,659,448,1080
1958,65.37,boneka-asli,0.5049,445,365,772,766
1959,65.41,boneka-asli,0.8231,779,343,1065,705
1959,65.41,boneka-dummy,0.8027,455,352,780,762
1959,65.41,boneka-asli,0.6340,0,680,450,1080
1960,65.44,boneka-asli,0.8343,786,342,1069,704
1960,65.44,boneka-dummy,0.7443,459,351,783,760
1960,65.44,boneka-asli,0.6500,0,713,462,1080
1961,65.47,boneka-asli,0.8403,788,343,1071,710
1961,65.47,boneka-asli,0.7465,0,710,468,1080
1961,65.47,boneka-dummy,0.7226,459,352,784,763
1962,65.51,boneka-asli,0.8598,788,348,1070,715
1962,65.51,boneka-dummy,0.8115,465,353,789,769
1962,65.51,boneka-asli,0.6103,0,739,460,1080
1963,65.54,boneka-asli,0.8571,791,350,1080,719
1963,65.54,boneka-dummy,0.7966,466,362,793,768
1963,65.54,boneka-asli,0.5833,0,695,460,1080
1964,65.57,boneka-asli,0.8303,797,356,1077,719
1964,65.57,boneka-dummy,0.8168,471,406,800,767
1964,65.57,boneka-asli,0.6795,0,670,461,1080
1964,65.57,boneka-asli,0.6744,472,371,800,769
1965,65.61,boneka-asli,0.8133,808,360,1087,724
1965,65.61,boneka-dummy,0.7683,479,413,806,777
1965,65.61,boneka-asli,0.6493,0,706,503,1080
1966,65.64,boneka-asli,0.8764,818,369,1093,727
1966,65.64,boneka-asli,0.8137,0,695,497,1080
1966,65.64,boneka-dummy,0.6931,484,387,810,784
1966,65.64,boneka-asli,0.5324,452,719,711,912
1966,65.64,boneka-asli,0.5108,1229,726,1892,1080
1967,65.67,boneka-asli,0.8498,820,371,1097,729
1967,65.67,boneka-asli,0.8211,0,676,503,1080
1967,65.67,boneka-dummy,0.7718,492,460,817,786
1967,65.67,boneka-asli,0.5659,482,719,701,911
1967,65.67,boneka-asli,0.5085,1086,599,1319,786
1968,65.71,boneka-asli,0.8639,829,375,1111,736
1968,65.71,boneka-asli,0.8212,0,686,521,1080
1968,65.71,boneka-dummy,0.7283,502,447,827,783
1969,65.74,boneka-asli,0.8464,837,376,1123,730
1969,65.74,boneka-dummy,0.6878,515,438,839,783
1969,65.74,boneka-asli,0.6486,0,682,551,1080
1969,65.74,boneka-asli,0.5752,1283,722,1919,1080
1970,65.77,boneka-asli,0.8772,849,373,1130,733
1970,65.77,boneka-dummy,0.7261,531,464,851,779
1971,65.81,boneka-asli,0.8777,862,376,1139,739
1971,65.81,boneka-dummy,0.7157,540,454,858,781
1971,65.81,boneka-asli,0.5722,2,679,561,1080
1972,65.84,boneka-asli,0.8666,864,382,1137,743
1972,65.84,boneka-asli,0.7290,3,683,555,1080
1972,65.84,boneka-dummy,0.7211,545,431,862,782
1972,65.84,boneka-asli,0.5722,1327,732,1919,1080
1973,65.87,boneka-asli,0.8448,869,387,1146,745
1973,65.87,boneka-dummy,0.7798,549,461,866,789
1973,65.87,boneka-asli,0.7713,2,685,552,1080
1974,65.91,boneka-asli,0.8703,871,397,1157,752
1974,65.91,boneka-asli,0.7960,0,687,557,1080
1974,65.91,boneka-asli,0.6717,1314,739,1866,1077
1974,65.91,boneka-dummy,0.5992,560,408,873,799
1975,65.94,boneka-asli,0.8451,880,409,1152,766
1975,65.94,boneka-asli,0.7841,0,691,568,1080
1975,65.94,boneka-dummy,0.7743,564,505,879,812
1975,65.94,boneka-asli,0.6191,566,421,864,809
1976,65.97,boneka-asli,0.8657,882,423,1161,775
1976,65.97,boneka-dummy,0.6811,574,469,885,834
1977,66.01,boneka-dummy,0.8279,582,458,893,850
1977,66.01,boneka-asli,0.8278,891,429,1171,794
1978,66.04,boneka-dummy,0.8296,588,460,898,857
1978,66.04,boneka-asli,0.8097,896,447,1175,801
1979,66.07,boneka-asli,0.8399,905,459,1177,810
1979,66.07,boneka-dummy,0.8191,592,496,903,863
1979,66.07,boneka-asli,0.6040,591,470,904,861
1980,66.11,boneka-asli,0.8866,915,468,1182,821
1980,66.11,boneka-dummy,0.7790,604,475,909,883
1980,66.11,boneka-asli,0.5110,605,479,909,868
1981,66.14,boneka-asli,0.8850,920,471,1185,823
1981,66.14,boneka-dummy,0.7964,608,500,911,872
1982,66.17,boneka-asli,0.8843,919,473,1186,822
1982,66.17,boneka-dummy,0.8263,609,507,912,866
1983,66.21,boneka-asli,0.8937,920,473,1182,823
1983,66.21,boneka-dummy,0.8158,608,544,912,867
1984,66.24,boneka-asli,0.8694,913,478,1182,828
1984,66.24,boneka-dummy,0.8089,607,543,910,878
1985,66.27,boneka-asli,0.8485,916,477,1178,829
1985,66.27,boneka-dummy,0.8016,605,503,909,871
1986,66.31,boneka-asli,0.8660,915,475,1176,822
1986,66.31,boneka-dummy,0.7721,603,489,907,879
1987,66.34,boneka-asli,0.8738,911,471,1176,817
1987,66.34,boneka-dummy,0.7769,597,497,903,869
1987,66.34,boneka-asli,0.5261,595,482,904,865
1988,66.37,boneka-asli,0.8583,903,469,1175,815
1988,66.37,boneka-dummy,0.8137,593,494,900,863
1988,66.37,boneka-asli,0.6517,589,475,902,860
1989,66.41,boneka-dummy,0.8778,591,525,894,857
1989,66.41,boneka-asli,0.8446,898,467,1163,812
1990,66.44,boneka-dummy,0.8598,587,527,884,855
1990,66.44,boneka-asli,0.8249,886,468,1159,807
1990,66.44,boneka-asli,0.6773,582,472,883,855
1991,66.47,boneka-dummy,0.8603,580,538,880,853
1991,66.47,boneka-asli,0.8274,883,468,1157,809
1991,66.47,boneka-asli,0.7083,575,472,878,853
1992,66.51,boneka-asli,0.8437,883,467,1153,811
1992,66.51,boneka-dummy,0.8232,576,560,879,854
1993,66.54,boneka-asli,0.8533,881,465,1152,808
1993,66.54,boneka-dummy,0.7906,575,561,877,852
1994,66.57,boneka-asli,0.8471,878,465,1152,809
1994,66.57,boneka-dummy,0.7829,572,560,876,853
1995,66.61,boneka-asli,0.8531,880,465,1152,810
1995,66.61,boneka-dummy,0.7899,573,560,877,856
1995,66.61,boneka-asli,0.5488,1,751,587,1080
1996,66.64,boneka-asli,0.8579,880,469,1153,809
1996,66.64,boneka-dummy,0.7936,574,561,879,856
1997,66.67,boneka-asli,0.8563,883,471,1154,817
1997,66.67,boneka-dummy,0.8344,581,565,884,858
1998,66.71,boneka-asli,0.8558,888,474,1160,818
1998,66.71,boneka-dummy,0.8073,587,569,890,861
1998,66.71,boneka-asli,0.6325,4,752,597,1080
1999,66.74,boneka-asli,0.8467,899,479,1164,822
1999,66.74,boneka-dummy,0.8286,595,540,897,858
1999,66.74,boneka-asli,0.6414,4,752,611,1080
2000,66.78,boneka-asli,0.8526,917,478,1179,827
2000,66.78,boneka-dummy,0.8098,606,519,906,864
2000,66.78,boneka-asli,0.5329,4,761,602,1080
2001,66.81,boneka-asli,0.8661,919,482,1185,826
2001,66.81,boneka-dummy,0.8409,613,569,912,865
2002,66.84,boneka-asli,0.8684,923,487,1185,829
2002,66.84,boneka-dummy,0.8395,619,565,920,874
2002,66.84,boneka-asli,0.5644,7,766,626,1080
2003,66.88,boneka-asli,0.8601,926,487,1194,831
2003,66.88,boneka-dummy,0.7910,623,546,922,876
2003,66.88,boneka-asli,0.5630,4,764,640,1080
2004,66.91,boneka-asli,0.8557,928,485,1197,832
2004,66.91,boneka-dummy,0.7878,625,525,926,869
2004,66.91,boneka-asli,0.6258,5,763,633,1080
2005,66.94,boneka-asli,0.8624,929,485,1203,832
2005,66.94,boneka-dummy,0.8058,628,515,927,871
2005,66.94,boneka-asli,0.6598,2,765,623,1080
2006,66.98,boneka-asli,0.8863,927,487,1204,834
2006,66.98,boneka-dummy,0.8226,623,500,927,882
2006,66.98,boneka-asli,0.6531,2,764,622,1080
2007,67.01,boneka-asli,0.8748,922,489,1205,836
2007,67.01,boneka-dummy,0.8505,621,570,924,879
2007,67.01,boneka-asli,0.5052,3,768,645,1080
2008,67.04,boneka-asli,0.8761,918,486,1198,835
2008,67.04,boneka-dummy,0.8375,615,572,920,877
2009,67.08,boneka-asli,0.8823,913,481,1187,831
2009,67.08,boneka-dummy,0.8290,607,583,911,870
2010,67.11,boneka-asli,0.8555,914,482,1179,839
2010,67.11,boneka-dummy,0.8375,596,569,904,872
2011,67.14,boneka-asli,0.8551,903,492,1181,844
2011,67.14,boneka-dummy,0.8064,592,506,897,876
2012,67.18,boneka-dummy,0.8793,584,577,890,895
2012,67.18,boneka-asli,0.8671,895,505,1176,859
2013,67.21,boneka-asli,0.8274,892,517,1168,867
2013,67.21,boneka-dummy,0.8216,571,610,883,905
2014,67.24,boneka-asli,0.8229,891,520,1163,878
2014,67.24,boneka-dummy,0.8128,566,612,883,918
2015,67.28,boneka-asli,0.8492,885,525,1163,888
2015,67.28,boneka-dummy,0.8325,569,613,882,926
2015,67.28,boneka-asli,0.5647,1,793,549,1080
2016,67.31,boneka-dummy,0.8469,569,612,881,916
2016,67.31,boneka-asli,0.8405,883,528,1169,884
2017,67.34,boneka-asli,0.8430,885,524,1161,885
2017,67.34,boneka-dummy,0.8208,569,568,882,915
2017,67.34,boneka-asli,0.5781,1286,772,1524,1020
2018,67.38,boneka-asli,0.8386,884,523,1168,887
2018,67.38,boneka-dummy,0.8222,568,573,881,920
2018,67.38,boneka-asli,0.5300,1288,769,1525,1019
2019,67.41,boneka-asli,0.8391,882,527,1163,890
2019,67.41,boneka-dummy,0.8389,561,546,878,930
2019,67.41,boneka-asli,0.5506,1288,775,1509,1027
2020,67.44,boneka-asli,0.8401,879,528,1162,896
2020,67.44,boneka-dummy,0.8399,560,615,872,939
2020,67.44,boneka-asli,0.5957,1275,778,1511,1044
2021,67.48,boneka-dummy,0.8383,553,559,871,942
2021,67.48,boneka-asli,0.8365,877,531,1162,901
2021,67.48,boneka-asli,0.5942,0,794,512,1080
2022,67.51,boneka-dummy,0.8426,551,580,867,932
2022,67.51,boneka-asli,0.8363,876,527,1164,894
2022,67.51,boneka-asli,0.6824,0,796,513,1080
2023,67.54,boneka-asli,0.8393,876,522,1163,889
2023,67.54,boneka-dummy,0.8187,548,604,867,927
2023,67.54,boneka-asli,0.5919,1277,775,1511,1034
2023,67.54,boneka-asli,0.5111,0,798,508,1080
2024,67.58,boneka-asli,0.8463,879,521,1167,888
2024,67.58,boneka-dummy,0.8201,548,616,870,928
2024,67.58,boneka-asli,0.7446,1280,768,1521,1023
2024,67.58,boneka-asli,0.5822,0,795,508,1080
2025,67.61,boneka-asli,0.8462,879,519,1167,885
2025,67.61,boneka-dummy,0.8383,547,614,870,914
2025,67.61,boneka-asli,0.7093,1276,766,1522,1022
2025,67.61,boneka-asli,0.5995,0,790,519,1080
2025,67.61,boneka-asli,0.5021,470,858,693,1066
2026,67.64,boneka-asli,0.8673,878,518,1163,879
2026,67.64,boneka-dummy,0.8469,546,608,871,910
2026,67.64,boneka-asli,0.6190,1275,763,1534,1020
2026,67.64,boneka-asli,0.6168,0,785,514,1080
2027,67.68,boneka-asli,0.8525,878,518,1169,880
2027,67.68,boneka-dummy,0.8417,546,610,870,909
2027,67.68,boneka-asli,0.7175,0,785,523,1080
2027,67.68,boneka-asli,0.5721,1275,763,1535,1022
2027,67.68,boneka-asli,0.5223,443,841,691,1061
2028,67.71,boneka-dummy,0.8512,549,617,872,915
2028,67.71,boneka-asli,0.8225,881,517,1171,887
2028,67.71,boneka-asli,0.6804,0,790,521,1080
2028,67.71,boneka-asli,0.6659,1276,772,1532,1022
2028,67.71,boneka-asli,0.6110,449,860,699,1066
2029,67.74,boneka-asli,0.8484,881,522,1174,888
2029,67.74,boneka-dummy,0.8405,555,628,875,918
2029,67.74,boneka-asli,0.7178,1284,780,1507,1023
2029,67.74,boneka-asli,0.6372,0,794,515,1080
2029,67.74,boneka-asli,0.6098,445,864,697,1068
2030,67.78,boneka-dummy,0.8522,560,616,878,920
2030,67.78,boneka-asli,0.8498,884,527,1183,889
2030,67.78,boneka-asli,0.7440,0,793,510,1080
2030,67.78,boneka-asli,0.7021,472,869,692,1069
2030,67.78,boneka-asli,0.6228,1275,781,1516,1035
2031,67.81,boneka-dummy,0.8620,563,577,879,924
2031,67.81,boneka-asli,0.8375,888,534,1183,902
2031,67.81,boneka-asli,0.6543,1,795,527,1080
2031,67.81,boneka-asli,0.6229,1275,791,1513,1052
2031,67.81,boneka-asli,0.5427,441,871,701,1073
2032,67.84,boneka-asli,0.8324,888,542,1180,906
2032,67.84,boneka-dummy,0.8290,564,552,879,936
2032,67.84,boneka-asli,0.6171,1274,799,1509,1055
2032,67.84,boneka-asli,0.5333,0,802,541,1080
2033,67.88,boneka-asli,0.8233,893,550,1180,911
2033,67.88,boneka-dummy,0.7944,568,566,883,942
2033,67.88,boneka-asli,0.5376,1273,808,1537,1061
2033,67.88,boneka-asli,0.5199,1,798,553,1080
2034,67.91,boneka-asli,0.8206,896,556,1184,913
2034,67.91,boneka-dummy,0.8115,573,651,887,945
2034,67.91,boneka-asli,0.6201,1269,810,1569,1069
2034,67.91,boneka-asli,0.5705,1,804,552,1080
2035,67.94,boneka-asli,0.8636,901,559,1188,917
2035,67.94,boneka-dummy,0.8032,575,646,887,949
2035,67.94,boneka-asli,0.6673,1277,812,1537,1069
2035,67.94,boneka-asli,0.5933,574,567,884,954
2035,67.94,boneka-dummy,0.5239,889,552,1192,917
2036,67.98,boneka-asli,0.8317,902,566,1186,924
2036,67.98,boneka-dummy,0.8064,574,651,893,950
2036,67.98,boneka-asli,0.6526,1286,817,1520,1071
2036,67.98,boneka-asli,0.5849,573,568,890,956
2037,68.01,boneka-asli,0.8676,905,567,1188,928
2037,68.01,boneka-dummy,0.8048,580,634,899,954
2037,68.01,boneka-asli,0.5528,1291,823,1538,1077
2038,68.04,boneka-asli,0.8405,908,568,1203,935
2038,68.04,boneka-dummy,0.7903,581,616,902,960
2038,68.04,boneka-asli,0.6015,1291,830,1559,1080
2039,68.08,boneka-asli,0.8480,913,572,1207,952
2039,68.08,boneka-dummy,0.7569,588,583,906,986
2039,68.08,boneka-asli,0.6020,454,911,710,1080
2039,68.08,boneka-asli,0.5535,1296,838,1555,1080
2040,68.11,boneka-asli,0.8564,918,576,1211,954
2040,68.11,boneka-dummy,0.8181,596,593,909,967
2041,68.14,boneka-asli,0.8548,921,584,1217,958
2041,68.14,boneka-dummy,0.8272,595,585,913,980
2041,68.14,boneka-asli,0.5306,1,861,295,1071
2042,68.18,boneka-asli,0.8260,927,592,1230,965
2042,68.18,boneka-dummy,0.8059,594,595,914,994
2042,68.18,boneka-asli,0.6761,1322,865,1566,1078
2043,68.21,boneka-asli,0.8428,930,602,1237,974
2043,68.21,boneka-dummy,0.7640,595,627,924,1003
2043,68.21,boneka-asli,0.7105,1334,869,1573,1077
2044,68.24,boneka-asli,0.8751,939,612,1240,984
2044,68.24,boneka-dummy,0.7896,600,680,930,1008
2045,68.28,boneka-asli,0.8607,950,612,1254,995
2045,68.28,boneka-dummy,0.7616,607,710,938,1013
2046,68.31,boneka-asli,0.8720,959,614,1260,1002
2046,68.31,boneka-dummy,0.7719,631,728,950,1019
2046,68.31,boneka-asli,0.6328,1376,899,1601,1075
2047,68.34,boneka-asli,0.8673,964,620,1279,1003
2047,68.34,boneka-dummy,0.8088,637,714,958,1027
2047,68.34,boneka-asli,0.5471,0,902,580,1075
2048,68.38,boneka-asli,0.8822,974,624,1283,1007
2048,68.38,boneka-dummy,0.8054,639,638,968,1036
2049,68.41,boneka-asli,0.8458,984,628,1292,1013
2049,68.41,boneka-dummy,0.8020,636,705,971,1043
2049,68.41,boneka-dummy,0.5274,975,641,1296,1011
2049,68.41,boneka-asli,0.5068,0,912,576,1075
2050,68.44,boneka-asli,0.8648,991,636,1302,1016
2050,68.44,boneka-dummy,0.8484,646,634,979,1048
2050,68.44,boneka-asli,0.5018,43,915,580,1075
2051,68.48,boneka-dummy,0.8489,651,654,983,1047
2051,68.48,boneka-asli,0.8333,997,637,1305,1022
2051,68.48,boneka-asli,0.5204,0,914,605,1075
2051,68.48,boneka-dummy,0.5046,986,631,1311,1019
2052,68.51,boneka-dummy,0.8479,652,635,989,1050
2052,68.51,boneka-asli,0.8187,1000,637,1312,1025
2052,68.51,boneka-asli,0.5532,0,916,605,1075
2053,68.54,boneka-asli,0.8417,1003,636,1316,1030
2053,68.54,boneka-dummy,0.8307,654,639,992,1052
2053,68.54,boneka-asli,0.5047,0,916,604,1075
2054,68.58,boneka-asli,0.8430,1002,636,1317,1032
2054,68.58,boneka-dummy,0.8274,651,639,993,1054
2054,68.58,boneka-asli,0.5080,54,916,568,1075
2055,68.61,boneka-asli,0.8391,1005,636,1318,1042
2055,68.61,boneka-dummy,0.7969,643,642,992,1060
2056,68.64,boneka-asli,0.8264,999,637,1314,1038
2056,68.64,boneka-dummy,0.7686,640,643,987,1063
2057,68.68,boneka-asli,0.8382,994,636,1308,1040
2057,68.68,boneka-dummy,0.7945,640,649,979,1060
2058,68.71,boneka-asli,0.8313,976,633,1299,1031
2058,68.71,boneka-dummy,0.7859,630,687,969,1054
2059,68.74,boneka-asli,0.8552,971,625,1296,1026
2059,68.74,boneka-dummy,0.8440,621,738,958,1052
2059,68.74,boneka-asli,0.5009,0,913,540,1075
2060,68.78,boneka-dummy,0.8580,617,724,953,1050
2060,68.78,boneka-asli,0.8503,968,621,1285,1022
2060,68.78,boneka-asli,0.5250,3,912,338,1076
2061,68.81,boneka-asli,0.8646,957,619,1277,1019
2061,68.81,boneka-dummy,0.8262,602,712,941,1054
2062,68.85,boneka-dummy,0.8581,594,726,929,1046
2062,68.85,boneka-asli,0.8167,942,619,1264,1016
2062,68.85,boneka-dummy,0.5305,932,605,1270,1015
2062,68.85,boneka-asli,0.5029,1,910,529,1075
2063,68.88,boneka-asli,0.8281,927,617,1252,1020
2063,68.88,boneka-dummy,0.8019,578,678,919,1050
2063,68.88,boneka-asli,0.5479,1,909,519,1075
2064,68.91,boneka-dummy,0.8554,568,727,908,1052
2064,68.91,boneka-asli,0.8272,921,618,1243,1019
2065,68.95,boneka-asli,0.8357,914,617,1239,1023
2065,68.95,boneka-dummy,0.8158,555,665,902,1054
2066,68.98,boneka-asli,0.8390,908,616,1237,1024
2066,68.98,boneka-dummy,0.7439,547,734,900,1055
2066,68.98,boneka-dummy,0.5125,902,666,1247,1021
2067,69.01,boneka-asli,0.8535,911,615,1240,1021
2067,69.01,boneka-dummy,0.7820,550,725,900,1058
2068,69.05,boneka-asli,0.8355,914,613,1242,1019
2068,69.05,boneka-dummy,0.8034,547,722,902,1055
2069,69.08,boneka-dummy,0.8012,561,712,906,1051
2069,69.08,boneka-asli,0.7899,917,612,1248,1018
2069,69.08,boneka-dummy,0.6251,910,630,1255,1015
2070,69.11,boneka-dummy,0.8661,563,714,910,1053
2070,69.11,boneka-asli,0.8172,925,611,1256,1018
2071,69.15,boneka-asli,0.8270,930,611,1263,1016
2071,69.15,boneka-dummy,0.8229,574,705,920,1051
2072,69.18,boneka-asli,0.8333,945,609,1281,1016
2072,69.18,boneka-dummy,0.8140,580,698,930,1046
2073,69.21,boneka-asli,0.8440,957,608,1290,1014
2073,69.21,boneka-dummy,0.8367,590,712,946,1036
2074,69.25,boneka-asli,0.8575,965,600,1303,1008
2074,69.25,boneka-dummy,0.7978,605,633,953,1032
2075,69.28,boneka-asli,0.8528,970,593,1317,1009
2075,69.28,boneka-dummy,0.8040,608,599,960,1029
2076,69.31,boneka-dummy,0.8355,616,639,969,1040
2076,69.31,boneka-asli,0.7953,981,599,1330,1012
2077,69.35,boneka-asli,0.8242,999,601,1341,1022
2077,69.35,boneka-dummy,0.8223,625,689,983,1055
2078,69.38,boneka-asli,0.8296,1007,602,1357,1033
2078,69.38,boneka-dummy,0.8179,633,722,998,1064
2079,69.41,boneka-asli,0.7064,1016,609,1377,1041
2079,69.41,boneka-dummy,0.6203,638,623,1008,1074
2080,69.45,boneka-asli,0.8245,1028,608,1380,1044
2080,69.45,boneka-dummy,0.7627,652,633,1015,1077
2081,69.48,boneka-asli,0.8370,1036,609,1389,1048
2081,69.48,boneka-dummy,0.7906,661,693,1025,1079
2082,69.51,boneka-asli,0.8958,1039,613,1398,1077
2082,69.51,boneka-dummy,0.7944,660,716,1027,1078
2083,69.55,boneka-asli,0.8840,1042,617,1398,1080
2083,69.55,boneka-dummy,0.8240,660,627,1029,1080
2084,69.58,boneka-dummy,0.8593,666,631,1038,1080
2084,69.58,boneka-asli,0.8316,1050,625,1417,1080
2085,69.61,boneka-dummy,0.8690,679,636,1050,1080
2085,69.61,boneka-asli,0.6928,1061,634,1433,1080
2085,69.61,boneka-asli,0.5236,0,435,240,1080
2086,69.65,boneka-dummy,0.8532,706,753,1070,1080
2086,69.65,boneka-asli,0.7506,1088,636,1450,1080
2087,69.68,boneka-dummy,0.8459,722,657,1094,1080
2087,69.68,boneka-asli,0.7475,1107,639,1481,1080
2087,69.68,boneka-asli,0.5995,0,347,357,1076
2088,69.71,boneka-dummy,0.8486,742,763,1113,1080
2088,69.71,boneka-asli,0.6299,1123,635,1503,1080
2089,69.75,boneka-dummy,0.8720,768,755,1142,1080
2089,69.75,boneka-asli,0.6743,1154,636,1532,1080
2089,69.75,boneka-dummy,0.5903,0,614,315,1080
2090,69.78,boneka-dummy,0.8053,800,765,1166,1080
2090,69.78,boneka-asli,0.5805,1179,633,1558,1080
2090,69.78,boneka-asli,0.5033,805,650,1163,1080
2091,69.81,boneka-dummy,0.8444,820,763,1193,1080
2091,69.81,boneka-asli,0.7538,1202,646,1592,1080
2091,69.81,boneka-asli,0.6903,0,407,410,1080
2092,69.85,boneka-dummy,0.8226,850,687,1227,1080
2092,69.85,boneka-asli,0.7370,1241,657,1626,1080
2092,69.85,boneka-asli,0.6913,0,439,436,1080
2093,69.88,boneka-dummy,0.7994,876,669,1254,1080
2093,69.88,boneka-asli,0.7916,1270,664,1653,1080
2093,69.88,boneka-asli,0.7093,0,455,430,1080
2094,69.91,boneka-dummy,0.8186,911,674,1291,1080
2094,69.91,boneka-asli,0.7750,1302,670,1672,1080
2094,69.91,boneka-dummy,0.7344,0,485,465,1080
2095,69.95,boneka-asli,0.7926,1335,676,1704,1080
2095,69.95,boneka-dummy,0.7683,950,702,1323,1080
2095,69.95,boneka-asli,0.5986,0,500,526,1080
2095,69.95,boneka-dummy,0.5728,0,504,517,1080
2096,69.98,boneka-asli,0.8580,1371,675,1737,1080
2096,69.98,boneka-dummy,0.7778,986,706,1348,1080
2096,69.98,boneka-asli,0.6758,0,511,583,1080
2097,70.01,boneka-dummy,0.8169,1012,729,1386,1080
2097,70.01,boneka-asli,0.7922,1406,676,1775,1080
2097,70.01,boneka-asli,0.5617,0,517,563,1080
2098,70.05,boneka-asli,0.8212,1438,675,1812,1080
2098,70.05,boneka-dummy,0.7744,1040,782,1412,1080
2098,70.05,boneka-dummy,0.6729,0,521,500,1080
2099,70.08,boneka-asli,0.8651,1469,676,1841,1080
2099,70.08,boneka-dummy,0.7781,1075,688,1444,1080
2100,70.11,boneka-dummy,0.8067,1105,767,1478,1080
2100,70.11,boneka-asli,0.7973,1503,675,1866,1080
2100,70.11,boneka-asli,0.7072,0,538,454,1080
2101,70.15,boneka-asli,0.8018,1531,678,1919,1080
2101,70.15,boneka-dummy,0.7575,1135,780,1502,1080
2102,70.18,boneka-asli,0.8385,1562,681,1917,1080
2102,70.18,boneka-dummy,0.7398,1177,757,1522,1080
2102,70.18,boneka-asli,0.5407,0,506,271,1080
2103,70.21,boneka-asli,0.8911,1590,685,1917,1080
2103,70.21,boneka-dummy,0.7688,1195,815,1533,1080
2104,70.25,boneka-asli,0.8557,1626,688,1919,1080
2104,70.25,boneka-dummy,0.6952,1230,817,1515,1080
2105,70.28,boneka-asli,0.8230,1649,694,1920,1080
2105,70.28,boneka-dummy,0.7015,1247,798,1526,1080
2106,70.31,boneka-asli,0.7461,1678,704,1918,1080
2106,70.31,boneka-dummy,0.7035,1258,801,1549,1080
2107,70.35,boneka-asli,0.7964,1679,709,1919,1080
2107,70.35,boneka-dummy,0.5391,1298,717,1577,1080
2108,70.38,boneka-asli,0.8059,1696,710,1919,1080
2108,70.38,boneka-dummy,0.7673,1292,830,1575,1080
2109,70.41,boneka-dummy,0.7741,1293,769,1605,1080
2109,70.41,boneka-asli,0.6973,1714,704,1919,1080
2110,70.45,boneka-asli,0.8457,1720,684,1919,1080
2110,70.45,boneka-dummy,0.8227,1316,710,1670,1080
2111,70.48,boneka-dummy,0.8228,1307,671,1699,1080
2111,70.48,boneka-asli,0.8069,1725,671,1919,1080
2111,70.48,boneka-asli,0.5609,385,920,1055,1074
2112,70.51,boneka-dummy,0.8096,1321,654,1716,1080
2112,70.51,boneka-asli,0.7817,1730,658,1919,1080
2113,70.55,boneka-dummy,0.8145,1322,636,1735,1080
2113,70.55,boneka-asli,0.8122,1736,633,1919,1080
2114,70.58,boneka-dummy,0.8756,1346,629,1740,1080
2114,70.58,boneka-asli,0.8336,1747,630,1919,1080
2115,70.61,boneka-dummy,0.8802,1368,621,1755,1080
2115,70.61,boneka-asli,0.6768,1772,653,1919,1080
2115,70.61,boneka-asli,0.6086,695,835,1070,1080
2116,70.65,boneka-dummy,0.8876,1388,608,1779,1080
2116,70.65,boneka-asli,0.5001,479,819,1120,1079
2117,70.68,boneka-dummy,0.8414,1406,607,1802,1062
2117,70.68,boneka-asli,0.6737,724,796,1123,1079
2118,70.71,boneka-dummy,0.8776,1430,578,1824,1044
2118,70.71,boneka-dummy,0.5017,1824,622,1919,1051
2119,70.75,boneka-dummy,0.9046,1461,573,1842,1020
2119,70.75,boneka-asli,0.7136,618,752,1191,1080
2120,70.78,boneka-dummy,0.8652,1475,550,1862,999
2121,70.81,boneka-dummy,0.8440,1481,540,1876,989
2121,70.81,boneka-dummy,0.7180,669,711,1236,1080
2122,70.85,boneka-dummy,0.8227,1493,534,1882,974
2123,70.88,boneka-dummy,0.8128,1505,517,1892,967
2123,70.88,boneka-asli,0.5215,311,776,865,1080
2124,70.92,boneka-dummy,0.8393,1508,509,1893,958
2125,70.95,boneka-dummy,0.8196,1515,536,1898,953
2125,70.95,boneka-asli,0.6781,386,748,882,1080
2126,70.98,boneka-dummy,0.8565,1517,501,1900,933
2126,70.98,boneka-asli,0.5371,407,752,902,1080
2127,71.02,boneka-dummy,0.8531,1521,498,1895,928
2128,71.05,boneka-dummy,0.8337,1521,507,1889,920
2128,71.05,boneka-dummy,0.5249,781,637,1261,1080
2129,71.08,boneka-dummy,0.7807,1517,492,1883,913
2129,71.08,boneka-dummy,0.5631,786,634,1253,1080
2130,71.12,boneka-dummy,0.7989,1510,518,1876,907
2130,71.12,boneka-dummy,0.5094,755,628,1248,1080
2131,71.15,boneka-dummy,0.7629,1504,488,1868,908
2131,71.15,boneka-dummy,0.6100,759,627,1237,1080
2132,71.18,boneka-dummy,0.8116,1498,485,1860,907
2133,71.22,boneka-dummy,0.8448,1493,484,1848,905
2133,71.22,boneka-dummy,0.6659,765,627,1220,1080
2134,71.25,boneka-dummy,0.8410,1481,510,1839,903
2134,71.25,boneka-dummy,0.5769,763,619,1218,1080
2135,71.28,boneka-dummy,0.8848,1474,571,1825,883
2135,71.28,boneka-dummy,0.6411,1821,528,1920,893
2136,71.32,boneka-dummy,0.8391,1455,501,1813,870
2136,71.32,boneka-dummy,0.7579,721,594,1196,1080
2136,71.32,boneka-dummy,0.5936,1815,497,1919,889
2137,71.35,boneka-dummy,0.8480,1443,452,1792,861
2137,71.35,boneka-dummy,0.7919,689,581,1175,1080
2138,71.38,boneka-dummy,0.8635,1421,478,1772,855
2138,71.38,boneka-dummy,0.7001,638,577,1159,1080
2139,71.42,boneka-dummy,0.8514,1409,434,1750,851
2139,71.42,boneka-asli,0.5950,1761,479,1919,868
2140,71.45,boneka-dummy,0.8694,1385,524,1726,839
2140,71.45,boneka-dummy,0.6795,596,548,1099,1080
2141,71.48,boneka-dummy,0.8593,1359,522,1700,829
2141,71.48,boneka-dummy,0.7879,579,543,1077,1080
2141,71.48,boneka-asli,0.5931,1711,437,1919,862
2142,71.52,boneka-dummy,0.8288,1339,514,1674,821
2142,71.52,boneka-dummy,0.6946,563,543,1050,1080
2142,71.52,boneka-dummy,0.5270,1686,439,1919,859
2143,71.55,boneka-dummy,0.8395,1320,510,1656,819
2143,71.55,boneka-asli,0.7453,1668,432,1919,865
2143,71.55,boneka-dummy,0.6880,519,538,1023,1080
2144,71.58,boneka-dummy,0.8341,500,535,997,1080
2144,71.58,boneka-dummy,0.8065,1297,489,1633,817
2144,71.58,boneka-asli,0.6007,1641,430,1919,861
2145,71.62,boneka-dummy,0.8827,468,535,979,1080
2145,71.62,boneka-dummy,0.8067,1277,510,1614,822
2145,71.62,boneka-asli,0.6557,1621,436,1919,864
2146,71.65,boneka-dummy,0.8334,1259,496,1591,823
2146,71.65,boneka-dummy,0.7595,461,540,961,1080
2146,71.65,boneka-asli,0.6418,1595,441,1918,867
2147,71.68,boneka-dummy,0.8586,1238,523,1573,830
2147,71.68,boneka-asli,0.7840,1581,449,1917,876
2148,71.72,boneka-dummy,0.8587,1223,437,1555,841
2148,71.72,boneka-asli,0.7445,1564,455,1916,882
2148,71.72,boneka-dummy,0.5748,371,556,926,1080
2148,71.72,boneka-asli,0.5288,0,700,469,1080
2149,71.75,boneka-asli,0.7526,1553,461,1916,885
2149,71.75,boneka-dummy,0.7355,1211,444,1537,842
2150,71.78,boneka-dummy,0.8335,1199,469,1525,849
2150,71.78,boneka-asli,0.7678,1538,468,1904,891
2150,71.78,boneka-asli,0.6597,0,692,479,1080
2150,71.78,boneka-dummy,0.6414,379,558,895,1080
2150,71.78,boneka-asli,0.5916,1203,815,1475,1026
2151,71.82,boneka-dummy,0.7870,1180,536,1505,850
2151,71.82,boneka-dummy,0.7823,377,567,882,1080
2151,71.82,boneka-asli,0.7451,1521,467,1872,893
2151,71.82,boneka-asli,0.5822,1192,456,1502,857
2151,71.82,boneka-asli,0.5680,1334,882,1587,1074
2152,71.85,boneka-dummy,0.7928,1167,448,1488,854
2152,71.85,boneka-dummy,0.7616,363,566,868,1080
2152,71.85,boneka-asli,0.7522,1506,468,1863,892
2152,71.85,boneka-asli,0.6764,1169,816,1431,1025
2152,71.85,boneka-asli,0.5729,1332,882,1562,1073
2153,71.88,boneka-dummy,0.8527,1154,474,1476,845
2153,71.88,boneka-asli,0.8184,1489,470,1854,881
2153,71.88,boneka-asli,0.5574,324,576,846,1080
2154,71.92,boneka-dummy,0.8719,1139,453,1462,845
2154,71.92,boneka-asli,0.8120,1478,469,1832,884
2155,71.95,boneka-dummy,0.8537,1124,448,1448,844
2155,71.95,boneka-asli,0.8010,1459,468,1817,878
2156,71.98,boneka-dummy,0.8571,1102,452,1431,843
2156,71.98,boneka-asli,0.8120,1442,467,1806,876
2156,71.98,boneka-asli,0.5635,279,554,798,1080
2157,72.02,boneka-dummy,0.8567,1089,443,1415,842
2157,72.02,boneka-asli,0.7779,1427,467,1784,877
2157,72.02,boneka-dummy,0.6006,275,556,784,1080
2158,72.05,boneka-dummy,0.8331,1079,441,1406,844
2158,72.05,boneka-asli,0.7502,1421,467,1774,883
2158,72.05,boneka-asli,0.6292,235,546,763,1080
2159,72.08,boneka-dummy,0.7954,1074,436,1398,842
2159,72.08,boneka-asli,0.7134,1416,466,1768,881
2159,72.08,boneka-asli,0.5644,253,544,761,1080
2159,72.08,boneka-asli,0.5193,1240,880,1470,1072
2160,72.12,boneka-dummy,0.8354,1075,443,1400,845
2160,72.12,boneka-asli,0.7766,1418,467,1768,881
2160,72.12,boneka-asli,0.5695,1238,882,1469,1073
2160,72.12,boneka-asli,0.5670,1060,809,1340,1030
2160,72.12,boneka-asli,0.5185,226,547,756,1080
2161,72.15,boneka-dummy,0.8228,1075,442,1401,844
2161,72.15,boneka-asli,0.7557,1425,467,1766,880
2161,72.15,boneka-asli,0.5257,1226,882,1473,1074
2162,72.18,boneka-dummy,0.8009,1074,433,1398,842
2162,72.18,boneka-asli,0.7657,1418,466,1766,881
2162,72.18,boneka-asli,0.5638,221,547,757,1080
2162,72.18,boneka-asli,0.5263,1242,880,1472,1072
2163,72.22,boneka-dummy,0.7860,1075,439,1399,840
2163,72.22,boneka-asli,0.7512,1418,465,1768,880
2164,72.25,boneka-asli,0.8126,1421,462,1772,880
2164,72.25,boneka-dummy,0.8061,1075,454,1400,839
2164,72.25,boneka-asli,0.5218,1240,880,1476,1071
2165,72.28,boneka-dummy,0.8126,1075,535,1402,840
2165,72.28,boneka-asli,0.7801,1420,458,1775,884
2165,72.28,boneka-asli,0.5482,1234,879,1484,1073
2166,72.32,boneka-dummy,0.8232,1078,543,1406,838
2166,72.32,boneka-asli,0.7845,1421,461,1775,880
2166,72.32,boneka-dummy,0.5660,200,547,778,1080
2166,72.32,boneka-dummy,0.5173,1414,455,1774,883
2167,72.35,boneka-asli,0.8490,1428,453,1777,878
2167,72.35,boneka-dummy,0.8459,1080,440,1407,839
2167,72.35,boneka-dummy,0.6409,209,541,778,1080
2168,72.38,boneka-asli,0.8486,1420,453,1774,874
2168,72.38,boneka-dummy,0.8252,1078,437,1407,834
2168,72.38,boneka-dummy,0.6861,234,537,783,1080
2168,72.38,boneka-asli,0.5263,1217,866,1495,1075
2169,72.42,boneka-asli,0.7926,1415,450,1777,872
2169,72.42,boneka-dummy,0.7493,1077,544,1404,831
2169,72.42,boneka-dummy,0.7167,257,530,778,1080
2169,72.42,boneka-asli,0.6576,1083,432,1404,834
2169,72.42,boneka-asli,0.5166,1211,866,1502,1075
2170,72.45,boneka-dummy,0.8394,1076,520,1406,829
2170,72.45,boneka-dummy,0.7915,254,531,779,1080
2170,72.45,boneka-asli,0.7764,1417,450,1777,870
2171,72.48,boneka-dummy,0.8581,1075,519,1405,825
2171,72.48,boneka-asli,0.8055,1420,448,1771,867
2171,72.48,boneka-dummy,0.7548,256,521,776,1080
2171,72.48,boneka-asli,0.5225,1234,858,1489,1042
2171,72.48,boneka-asli,0.5119,1,664,335,943
2172,72.52,boneka-dummy,0.8494,251,508,780,1080
2172,72.52,boneka-dummy,0.8245,1077,513,1407,815
2172,72.52,boneka-asli,0.7508,1411,440,1774,860
2173,72.55,boneka-dummy,0.8601,244,502,775,1080
2173,72.55,boneka-dummy,0.8215,1077,509,1404,812
2173,72.55,boneka-asli,0.7986,1411,435,1769,857
2174,72.58,boneka-dummy,0.8705,244,503,772,1080
2174,72.58,boneka-asli,0.7259,1404,431,1767,857
2174,72.58,boneka-dummy,0.7175,1076,450,1401,813
2175,72.62,boneka-dummy,0.8356,240,504,765,1080
2175,72.62,boneka-dummy,0.7604,1075,463,1397,812
2175,72.62,boneka-asli,0.7380,1404,434,1764,857
2176,72.65,boneka-dummy,0.8372,245,505,767,1080
2176,72.65,boneka-dummy,0.7145,1075,487,1395,813
2176,72.65,boneka-asli,0.7079,1403,437,1761,860
2176,72.65,boneka-asli,0.5042,1726,720,1919,1080
2177,72.68,boneka-dummy,0.8851,232,505,773,1080
2177,72.68,boneka-dummy,0.7794,1075,499,1394,809
2177,72.68,boneka-asli,0.7458,1408,436,1761,851
2178,72.72,boneka-dummy,0.9050,239,497,781,1080
2178,72.72,boneka-dummy,0.8113,1074,424,1392,808
2178,72.72,boneka-asli,0.7773,1405,430,1759,841
2179,72.75,boneka-dummy,0.8943,248,491,783,1080
2179,72.75,boneka-dummy,0.8172,1074,490,1392,806
2179,72.75,boneka-asli,0.7993,1404,427,1757,850
2179,72.75,boneka-asli,0.5236,1716,713,1920,1080
2180,72.78,boneka-dummy,0.9250,249,487,785,1080
2180,72.78,boneka-dummy,0.8189,1075,452,1393,805
2180,72.78,boneka-asli,0.8183,1407,426,1758,836
2180,72.78,boneka-asli,0.5722,1723,710,1920,1067
2181,72.82,boneka-dummy,0.9251,256,482,785,1080
2181,72.82,boneka-dummy,0.8560,1076,408,1394,803
2181,72.82,boneka-asli,0.7608,1407,424,1760,831
2182,72.85,boneka-dummy,0.9294,257,481,787,1080
2182,72.85,boneka-dummy,0.8447,1075,412,1393,806
2182,72.85,boneka-asli,0.8131,1409,425,1757,839
2182,72.85,boneka-asli,0.5036,1733,706,1920,1071
2183,72.88,boneka-dummy,0.9213,258,495,788,1080
2183,72.88,boneka-dummy,0.7925,1076,420,1394,810
2183,72.88,boneka-asli,0.7880,1409,433,1755,847
2183,72.88,boneka-asli,0.5196,1081,420,1392,815
2184,72.92,boneka-dummy,0.8916,266,508,788,1080
2184,72.92,boneka-dummy,0.7995,1078,510,1395,812
2184,72.92,boneka-asli,0.7411,1406,444,1759,850
2184,72.92,boneka-asli,0.5190,1729,724,1920,1080
2185,72.95,boneka-dummy,0.8833,273,518,795,1080
2185,72.95,boneka-dummy,0.8368,1077,518,1396,820
2185,72.95,boneka-asli,0.7604,1410,451,1760,859
2186,72.99,boneka-dummy,0.8428,293,533,807,1080
2186,72.99,boneka-dummy,0.8061,1088,465,1402,828
2186,72.99,boneka-asli,0.7734,1413,457,1761,865
2186,72.99,boneka-asli,0.5335,699,670,1005,947
2187,73.02,boneka-asli,0.8616,1425,464,1767,871
2187,73.02,boneka-dummy,0.8532,1093,505,1410,832
2187,73.02,boneka-asli,0.5054,1231,861,1519,1050
2188,73.05,boneka-asli,0.8616,1435,468,1770,878
2188,73.05,boneka-dummy,0.8586,1100,525,1416,837
2188,73.05,boneka-asli,0.6672,335,553,837,1080
2189,73.09,boneka-asli,0.8468,1441,470,1776,878
2189,73.09,boneka-dummy,0.8455,1114,502,1424,838
2189,73.09,boneka-dummy,0.5121,316,559,856,1080
2190,73.12,boneka-asli,0.8245,1454,470,1783,869
2190,73.12,boneka-dummy,0.8229,1122,452,1431,838
2191,73.15,boneka-asli,0.8298,1460,470,1793,873
2191,73.15,boneka-dummy,0.8149,1124,453,1439,837
2191,73.15,boneka-asli,0.5354,379,555,880,1080
2192,73.19,boneka-asli,0.8349,1463,470,1805,874
2192,73.19,boneka-dummy,0.8160,1135,454,1449,837
2193,73.22,boneka-asli,0.8572,1472,469,1812,866
2193,73.22,boneka-dummy,0.8420,1140,457,1455,835
2193,73.22,boneka-dummy,0.7459,390,551,915,1080
2193,73.22,boneka-asli,0.5169,1313,861,1575,1044
2194,73.25,boneka-asli,0.8574,1478,468,1818,866
2194,73.25,boneka-dummy,0.8524,1146,486,1460,832
2194,73.25,boneka-dummy,0.8004,410,545,926,1080
2195,73.29,boneka-asli,0.8362,1481,461,1820,858
2195,73.29,boneka-dummy,0.8288,1159,469,1471,829
2195,73.29,boneka-dummy,0.7590,444,537,934,1080
2196,73.32,boneka-dummy,0.8761,479,527,945,1080
2196,73.32,boneka-asli,0.8001,1489,454,1824,857
2196,73.32,boneka-dummy,0.7753,1166,510,1473,813
2197,73.35,boneka-dummy,0.8990,471,510,960,1080
2197,73.35,boneka-asli,0.8403,1496,450,1825,849
2197,73.35,boneka-dummy,0.7909,1170,518,1475,811
2198,73.39,boneka-dummy,0.9134,455,501,956,1080
2198,73.39,boneka-asli,0.8537,1493,447,1828,842
2198,73.39,boneka-dummy,0.8053,1168,509,1475,805
2198,73.39,boneka-asli,0.5630,1164,430,1478,814
2199,73.42,boneka-dummy,0.9370,453,496,958,1080
2199,73.42,boneka-asli,0.8485,1496,442,1824,837
2199,73.42,boneka-dummy,0.8376,1169,455,1478,802
2200,73.45,boneka-dummy,0.9338,456,481,956,1080
2200,73.45,boneka-asli,0.8598,1491,434,1820,831
2200,73.45,boneka-dummy,0.8211,1172,493,1475,790
2200,73.45,boneka-asli,0.5706,1170,422,1477,797
2201,73.49,boneka-dummy,0.9396,462,472,955,1080
2201,73.49,boneka-asli,0.8789,1492,428,1820,823
2201,73.49,boneka-dummy,0.8375,1174,441,1477,788
2201,73.49,boneka-asli,0.6145,0,635,620,1080
2202,73.52,boneka-dummy,0.9277,464,463,955,1080
2202,73.52,boneka-asli,0.8710,1489,426,1819,815
2202,73.52,boneka-dummy,0.8663,1177,427,1475,789
2202,73.52,boneka-asli,0.6488,1,627,636,1080
2203,73.55,boneka-dummy,0.9080,477,457,961,1080
2203,73.55,boneka-asli,0.8437,1488,424,1820,814
2203,73.55,boneka-dummy,0.8339,1183,409,1475,782
2204,73.59,boneka-dummy,0.9285,478,454,975,1080
2204,73.59,boneka-asli,0.8463,1490,424,1822,810
2204,73.59,boneka-dummy,0.8233,1180,412,1478,779
2204,73.59,boneka-asli,0.5127,31,662,638,1080
2205,73.62,boneka-dummy,0.9108,485,457,981,1080
2205,73.62,boneka-asli,0.8568,1496,424,1825,812
2205,73.62,boneka-dummy,0.8117,1186,413,1481,785
2206,73.65,boneka-dummy,0.9007,495,462,979,1080
2206,73.65,boneka-asli,0.8778,1504,426,1831,815
2206,73.65,boneka-dummy,0.8226,1184,428,1482,789
2206,73.65,boneka-asli,0.5180,47,651,639,1080
2207,73.69,boneka-dummy,0.8949,501,463,978,1080
2207,73.69,boneka-asli,0.8678,1497,429,1825,817
2207,73.69,boneka-dummy,0.8396,1182,456,1482,791
2207,73.69,boneka-asli,0.6059,59,656,646,1080
2208,73.72,boneka-dummy,0.9003,508,464,979,1080
2208,73.72,boneka-asli,0.8769,1504,429,1823,822
2208,73.72,boneka-dummy,0.8140,1181,455,1481,787
2208,73.72,boneka-asli,0.7290,0,633,649,1080
2209,73.75,boneka-dummy,0.8966,507,474,984,1080
2209,73.75,boneka-asli,0.8620,1493,436,1825,822
2209,73.75,boneka-dummy,0.8399,1186,475,1483,786
2209,73.75,boneka-asli,0.6963,35,656,653,1080
2210,73.79,boneka-dummy,0.8928,511,481,984,1080
2210,73.79,boneka-asli,0.8585,1504,438,1826,829
2210,73.79,boneka-dummy,0.8206,1192,491,1484,794
2210,73.79,boneka-asli,0.6673,0,633,665,1080
2210,73.79,boneka-asli,0.5236,1196,426,1484,799
2211,73.82,boneka-dummy,0.8772,511,481,986,1080
2211,73.82,boneka-asli,0.8339,1504,444,1830,829
2211,73.82,boneka-dummy,0.8293,1195,494,1489,799
2212,73.85,boneka-dummy,0.8889,540,478,1000,1080
2212,73.85,boneka-asli,0.8125,1506,441,1830,830
2212,73.85,boneka-dummy,0.7767,1195,487,1494,795
2212,73.85,boneka-asli,0.5501,2,642,686,1080
2213,73.89,boneka-dummy,0.8992,551,474,1016,1080
2213,73.89,boneka-asli,0.8539,1519,433,1844,824
2213,73.89,boneka-dummy,0.7576,1200,491,1500,790
2213,73.89,boneka-asli,0.6870,1203,424,1499,793
2213,73.89,boneka-asli,0.5418,3,637,684,1080
2214,73.92,boneka-dummy,0.8995,559,465,1028,1080
2214,73.92,boneka-asli,0.8659,1519,430,1850,813
2214,73.92,boneka-dummy,0.8409,1207,487,1502,791
2214,73.92,boneka-asli,0.6353,1206,421,1500,792
2215,73.95,boneka-dummy,0.8853,559,461,1029,1080
2215,73.95,boneka-dummy,0.8726,1208,494,1500,787
2215,73.95,boneka-asli,0.8181,1516,427,1841,812
2215,73.95,boneka-asli,0.5738,12,636,689,1080
2216,73.99,boneka-dummy,0.8607,1210,469,1496,784
2216,73.99,boneka-dummy,0.8321,554,454,1022,1080
2216,73.99,boneka-asli,0.8015,1508,424,1835,815
2216,73.99,boneka-asli,0.5414,13,654,687,1080
2217,74.02,boneka-asli,0.8443,1507,423,1828,805
2217,74.02,boneka-dummy,0.8145,550,447,1000,1080
2217,74.02,boneka-dummy,0.8144,1204,422,1491,779
2218,74.05,boneka-dummy,0.8496,1203,415,1479,767
2218,74.05,boneka-asli,0.8324,1499,423,1819,799
2218,74.05,boneka-dummy,0.7025,542,442,994,1079
2219,74.09,boneka-dummy,0.8530,518,435,985,1076
2219,74.09,boneka-dummy,0.8482,1187,440,1472,762
2219,74.09,boneka-asli,0.8306,1486,419,1808,791
2220,74.12,boneka-dummy,0.8411,1177,478,1459,763
2220,74.12,boneka-dummy,0.8253,503,430,969,1077
2220,74.12,boneka-asli,0.7994,1473,417,1798,791
2220,74.12,boneka-asli,0.5019,873,706,1474,1080
2221,74.15,boneka-dummy,0.8152,1165,414,1448,772
2221,74.15,boneka-asli,0.8143,1460,419,1782,795
2221,74.15,boneka-dummy,0.7764,477,440,944,1079
2222,74.19,boneka-asli,0.8485,1452,425,1774,794
2222,74.19,boneka-dummy,0.7921,1147,451,1435,774
2222,74.19,boneka-dummy,0.7685,457,453,933,1080
2223,74.22,boneka-asli,0.8496,1441,426,1763,800
2223,74.22,boneka-dummy,0.7980,1131,435,1428,782
2223,74.22,boneka-dummy,0.7274,447,457,918,1080
2224,74.25,boneka-dummy,0.8496,427,461,895,1080
2224,74.25,boneka-asli,0.8278,1433,429,1758,808
2224,74.25,boneka-dummy,0.7786,1122,465,1420,784
2225,74.29,boneka-dummy,0.9154,399,463,882,1080
2225,74.29,boneka-asli,0.8331,1426,431,1746,809
2225,74.29,boneka-dummy,0.7701,1119,473,1408,788
2225,74.29,boneka-asli,0.5989,1120,427,1405,789
2226,74.32,boneka-dummy,0.9181,394,474,876,1080
2226,74.32,boneka-asli,0.8209,1426,439,1746,812
2226,74.32,boneka-asli,0.7316,1123,436,1404,799
2226,74.32,boneka-dummy,0.6860,1119,498,1410,792
2227,74.35,boneka-dummy,0.9029,405,494,876,1080
2227,74.35,boneka-dummy,0.8110,1120,517,1412,806
2227,74.35,boneka-asli,0.7531,1428,450,1745,829
2228,74.39,boneka-dummy,0.8750,426,523,892,1080
2228,74.39,boneka-asli,0.8593,1443,469,1769,850
2228,74.39,boneka-dummy,0.8456,1128,485,1431,829
2229,74.42,boneka-asli,0.7933,1471,478,1801,865
2229,74.42,boneka-dummy,0.7885,1150,568,1455,844
2229,74.42,boneka-dummy,0.6458,449,553,926,1080
2230,74.45,boneka-dummy,0.8263,1190,527,1491,862
2230,74.45,boneka-asli,0.7554,1503,496,1836,878
2231,74.49,boneka-asli,0.8714,1551,517,1888,903
2231,74.49,boneka-dummy,0.8399,1220,573,1535,882
2232,74.52,boneka-asli,0.8577,1601,532,1919,918
2232,74.52,boneka-dummy,0.8198,1274,636,1589,900
2232,74.52,boneka-asli,0.7156,642,645,1089,1080
2233,74.55,boneka-dummy,0.8392,1332,567,1648,930
2233,74.55,boneka-asli,0.8256,1651,558,1919,951
2234,74.59,boneka-asli,0.8758,1721,577,1919,973
2234,74.59,boneka-dummy,0.6211,791,722,1234,1017
2234,74.59,boneka-dummy,0.5193,1383,584,1716,964
2235,74.62,boneka-dummy,0.8309,1453,621,1776,997
2236,74.65,boneka-dummy,0.8734,1486,632,1844,1023
2236,74.65,boneka-asli,0.7119,979,803,1447,1080
2237,74.69,boneka-dummy,0.8713,1550,658,1918,1072
2237,74.69,boneka-asli,0.7186,1047,848,1532,1077
2238,74.72,boneka-dummy,0.9094,1619,685,1919,1080
2238,74.72,boneka-asli,0.5647,1181,888,1619,1079
2239,74.75,boneka-dummy,0.7742,1693,698,1920,1077
2240,74.79,boneka-dummy,0.5184,1767,714,1920,1080
2286,76.32,boneka-dummy,0.6044,0,0,338,167
2301,76.82,boneka-asli,0.5819,0,442,191,1080
2302,76.86,boneka-dummy,0.5937,0,685,437,1080
2303,76.89,boneka-asli,0.6690,0,0,680,1080
2304,76.92,boneka-asli,0.7149,2,0,882,1080
2310,77.13,boneka-dummy,0.7417,1006,391,1848,949
2311,77.16,boneka-dummy,0.7229,1040,445,1920,1037
2311,77.16,boneka-dummy,0.5679,0,0,735,925
2312,77.19,boneka-dummy,0.8494,1129,498,1920,1080
2312,77.19,boneka-asli,0.5524,0,0,780,969
2313,77.23,boneka-dummy,0.8001,1155,571,1919,1080
2314,77.26,boneka-dummy,0.7178,1096,646,1919,1080
2315,77.29,boneka-dummy,0.5146,1073,723,1920,1080
2318,77.39,boneka-dummy,0.6100,1036,845,1919,1080
2319,77.43,boneka-dummy,0.5711,1106,894,1910,1080
2330,77.79,boneka-dummy,0.5734,693,777,1368,1080
2331,77.83,boneka-dummy,0.5041,671,752,1334,1080
2332,77.86,boneka-asli,0.7440,688,722,1272,1080
2332,77.86,boneka-asli,0.7404,0,383,501,1080
2333,77.89,boneka-asli,0.6297,646,700,1257,1080
2334,77.93,boneka-dummy,0.5270,0,0,436,1080
2335,77.96,boneka-asli,0.5252,613,679,1207,1080
2336,77.99,boneka-asli,0.5620,607,665,1176,1080
2337,78.03,boneka-asli,0.5523,592,646,1149,1080
2341,78.16,boneka-asli,0.6496,291,509,1052,1080
2342,78.19,boneka-asli,0.5872,229,487,1009,1080
2343,78.23,boneka-asli,0.7315,219,460,974,1080
2343,78.23,boneka-asli,0.6829,0,178,535,1080
2344,78.26,boneka-asli,0.7736,172,368,951,1080
2344,78.26,boneka-asli,0.5330,0,165,490,1070
2345,78.29,boneka-asli,0.7551,102,378,906,1080
2345,78.29,boneka-asli,0.5188,0,195,440,1028
2346,78.33,boneka-asli,0.7431,89,341,879,1080
2346,78.33,boneka-asli,0.5571,0,186,368,952
2347,78.36,boneka-asli,0.7449,72,321,879,1080
2348,78.39,boneka-asli,0.8011,74,269,882,1080
2348,78.39,boneka-asli,0.5404,0,145,375,948
2349,78.43,boneka-asli,0.6861,91,258,909,1080
2349,78.43,boneka-asli,0.5608,0,82,359,1063
2351,78.49,boneka-asli,0.6238,108,190,971,1080
2352,78.53,boneka-asli,0.7086,179,177,1020,1080
2353,78.56,boneka-asli,0.7957,249,152,1041,1080
2354,78.59,boneka-asli,0.7730,0,0,641,944
2354,78.59,boneka-asli,0.6790,294,186,1084,1080
2355,78.63,boneka-asli,0.5921,381,207,1119,1080
2356,78.66,boneka-dummy,0.6571,470,171,1187,1080
2356,78.66,boneka-dummy,0.5454,1167,724,1920,1080
2357,78.69,boneka-dummy,0.8026,1304,697,1919,1080
2357,78.69,boneka-dummy,0.6502,525,211,1248,1080
2358,78.73,boneka-dummy,0.7710,1172,668,1916,1080
2358,78.73,boneka-asli,0.7492,0,0,297,642
2358,78.73,boneka-dummy,0.6416,574,214,1274,1076
2358,78.73,boneka-asli,0.5249,1176,672,1913,1080
2359,78.76,boneka-asli,0.7600,0,8,392,645
2359,78.76,boneka-dummy,0.6614,1192,655,1808,1080
2359,78.76,boneka-asli,0.5347,641,224,1253,1077
2360,78.79,boneka-dummy,0.7425,1711,686,1920,1080
2360,78.79,boneka-dummy,0.7132,1103,618,1678,1080
2361,78.83,boneka-dummy,0.8246,938,592,1549,1078
2361,78.83,boneka-dummy,0.7737,1665,553,1920,1079
2361,78.83,boneka-asli,0.7527,0,0,574,608
2361,78.83,boneka-asli,0.7045,704,211,1287,1024
2362,78.86,boneka-dummy,0.8222,1604,528,1920,1080
2362,78.86,boneka-asli,0.7345,0,0,588,585
2362,78.86,boneka-dummy,0.5887,695,219,1450,1054
2363,78.89,boneka-dummy,0.8624,1571,513,1919,1075
2363,78.89,boneka-asli,0.7377,0,0,621,560
2364,78.93,boneka-dummy,0.8791,1515,498,1919,1080
2364,78.93,boneka-asli,0.6594,0,0,650,559
2364,78.93,boneka-dummy,0.6517,711,168,1315,941
2365,78.96,boneka-dummy,0.8851,1481,496,1919,1022
2365,78.96,boneka-asli,0.7081,0,0,631,582
2365,78.96,boneka-asli,0.5698,569,202,1311,1064
2366,78.99,boneka-dummy,0.8574,1430,490,1883,1027
2366,78.99,boneka-asli,0.8160,0,5,488,640
2367,79.03,boneka-dummy,0.8779,1404,492,1852,1035
2367,79.03,boneka-asli,0.6735,0,29,528,701
2367,79.03,boneka-asli,0.5676,742,317,1263,1080
2368,79.06,boneka-dummy,0.8820,1363,498,1823,1041
2368,79.06,boneka-asli,0.5290,0,0,556,967
2369,79.10,boneka-dummy,0.8597,1349,504,1802,1052
2369,79.10,boneka-dummy,0.6228,730,422,1263,1080
2370,79.13,boneka-dummy,0.9059,1327,509,1785,1057
2370,79.13,boneka-dummy,0.7004,743,446,1275,1080
2370,79.13,boneka-asli,0.5880,0,160,463,1064
2371,79.16,boneka-dummy,0.9154,1312,511,1770,1048
2371,79.16,boneka-dummy,0.7134,718,448,1270,1080
2371,79.16,boneka-dummy,0.5852,50,491,850,1076
2371,79.16,boneka-asli,0.5732,0,216,407,1080
2372,79.20,boneka-dummy,0.8992,1303,507,1762,1050
2372,79.20,boneka-dummy,0.5997,43,473,851,1080
2372,79.20,boneka-dummy,0.5828,1763,550,1919,1060
2372,79.20,boneka-dummy,0.5664,713,441,1256,1080
2372,79.20,boneka-asli,0.5405,0,203,432,1080
2373,79.23,boneka-dummy,0.8804,1288,504,1746,1050
2373,79.23,boneka-dummy,0.6344,38,470,809,993
2374,79.26,boneka-dummy,0.8580,1289,500,1735,1040
2374,79.26,boneka-asli,0.6079,1739,552,1919,1051
2374,79.26,boneka-dummy,0.5700,692,436,1218,1080
2375,79.30,boneka-dummy,0.8217,1271,502,1723,1061
2375,79.30,boneka-asli,0.6234,1731,544,1920,1061
2376,79.33,boneka-dummy,0.8597,1267,504,1710,1046
2376,79.33,boneka-asli,0.7043,1721,552,1919,1058
2376,79.33,boneka-dummy,0.6079,650,438,1182,1080
2376,79.33,boneka-dummy,0.5876,0,447,764,1032
2377,79.36,boneka-dummy,0.8708,1250,505,1699,1046
2377,79.36,boneka-asli,0.7687,1715,547,1919,1060
2377,79.36,boneka-dummy,0.5299,607,440,1157,1080
2377,79.36,boneka-dummy,0.5199,0,434,748,1080
2378,79.40,boneka-dummy,0.8908,1239,507,1687,1062
2378,79.40,boneka-asli,0.7133,594,440,1158,1080
2378,79.40,boneka-asli,0.7052,1715,545,1919,1065
2378,79.40,boneka-dummy,0.6991,0,458,714,1076
2379,79.43,boneka-dummy,0.9015,1236,511,1682,1072
2379,79.43,boneka-asli,0.6448,582,446,1147,1080
2379,79.43,boneka-asli,0.6186,1705,533,1920,1078
2380,79.46,boneka-dummy,0.9008,1240,518,1680,1069
2380,79.46,boneka-dummy,0.7664,0,463,721,1080
2380,79.46,boneka-asli,0.5917,1700,546,1919,1080
2380,79.46,boneka-asli,0.5230,579,447,1139,1080
2381,79.50,boneka-dummy,0.8960,1250,528,1685,1079
2381,79.50,boneka-dummy,0.8404,0,489,707,1080
2381,79.50,boneka-asli,0.6506,1702,553,1919,1080
2381,79.50,boneka-asli,0.5199,0,10,305,676
2382,79.53,boneka-dummy,0.8956,1249,557,1690,1080
2382,79.53,boneka-dummy,0.8642,0,504,754,1080
2382,79.53,boneka-asli,0.7296,1704,562,1919,1080
2382,79.53,boneka-asli,0.7245,0,33,312,667
2383,79.56,boneka-dummy,0.8823,1246,536,1698,1080
2383,79.56,boneka-dummy,0.8621,0,518,763,1080
2383,79.56,boneka-asli,0.7884,1718,571,1920,1080
2383,79.56,boneka-asli,0.6833,580,481,1174,1080
2384,79.60,boneka-dummy,0.8773,1243,539,1701,1080
2384,79.60,boneka-dummy,0.8132,20,524,759,1080
2384,79.60,boneka-asli,0.7834,1722,578,1920,1080
2384,79.60,boneka-asli,0.7093,580,485,1174,1080
2385,79.63,boneka-dummy,0.8953,1240,543,1701,1080
2385,79.63,boneka-asli,0.7089,1720,600,1919,1080
2385,79.63,boneka-dummy,0.6845,0,537,756,1080
2385,79.63,boneka-asli,0.6218,590,497,1180,1080
2386,79.66,boneka-dummy,0.8970,1236,553,1700,1080
2386,79.66,boneka-asli,0.6752,1728,605,1920,1080
2386,79.66,boneka-dummy,0.5990,564,508,1181,1080
2387,79.70,boneka-dummy,0.8664,1240,562,1705,1080
2387,79.70,boneka-asli,0.7180,1724,622,1919,1080
2388,79.73,boneka-dummy,0.8552,1239,579,1707,1080
2388,79.73,boneka-dummy,0.7771,212,199,708,554
2388,79.73,boneka-asli,0.6148,1740,636,1919,1080
2388,79.73,boneka-asli,0.5627,535,537,1181,1080
2389,79.76,boneka-dummy,0.8477,1243,591,1699,1080
2389,79.76,boneka-dummy,0.7123,169,178,668,520
2389,79.76,boneka-asli,0.6566,1761,647,1919,1080
2390,79.80,boneka-dummy,0.8527,1246,594,1715,1080
2390,79.80,boneka-dummy,0.5689,117,100,627,471
2390,79.80,boneka-asli,0.5450,1748,652,1919,1080
2391,79.83,boneka-dummy,0.8332,1248,607,1715,1080
2391,79.83,boneka-asli,0.7747,0,0,495,582
2391,79.83,boneka-dummy,0.5563,559,566,1210,1080
2391,79.83,boneka-asli,0.5260,1770,654,1919,1080
2392,79.86,boneka-dummy,0.8341,1255,605,1714,1080
2392,79.86,boneka-dummy,0.5824,0,188,327,499
2392,79.86,boneka-asli,0.5445,0,0,462,480
2393,79.90,boneka-dummy,0.8316,1262,625,1709,1080
2393,79.90,boneka-asli,0.6002,1753,655,1919,1080
2394,79.93,boneka-dummy,0.8717,1254,596,1701,1080
2394,79.93,boneka-asli,0.7935,0,0,340,259
2394,79.93,boneka-asli,0.6229,1737,655,1919,1080
2394,79.93,boneka-dummy,0.5560,0,644,820,1080
2394,79.93,boneka-asli,0.5316,622,567,1197,1080
2395,79.96,boneka-dummy,0.8809,1249,592,1696,1080
2395,79.96,boneka-asli,0.8004,1722,647,1919,1080
2395,79.96,boneka-dummy,0.5811,0,645,837,1080
2396,80.00,boneka-dummy,0.8713,1250,592,1687,1080
2396,80.00,boneka-asli,0.7468,1715,638,1919,1080
2396,80.00,boneka-dummy,0.6792,0,646,841,1080
2396,80.00,boneka-asli,0.5786,685,555,1196,1080
2397,80.03,boneka-dummy,0.8588,1242,605,1679,1080
2397,80.03,boneka-asli,0.6963,1697,623,1919,1080
2397,80.03,boneka-dummy,0.5837,1,646,832,1080
2398,80.06,boneka-dummy,0.8964,1230,604,1669,1080
2398,80.06,boneka-dummy,0.6990,214,655,833,1080
2398,80.06,boneka-asli,0.6318,689,566,1189,1080
2398,80.06,boneka-asli,0.6136,1678,621,1919,1080
2399,80.10,boneka-dummy,0.8899,1215,604,1654,1080
2399,80.10,boneka-asli,0.7825,1666,629,1919,1080
2399,80.10,boneka-dummy,0.7727,135,658,811,1080
2399,80.10,boneka-asli,0.6371,668,573,1183,1080
2400,80.13,boneka-dummy,0.8597,1211,606,1637,1080
2400,80.13,boneka-asli,0.7974,1668,634,1919,1080
2401,80.16,boneka-asli,0.8358,1635,637,1918,1080
2401,80.16,boneka-dummy,0.8325,1198,722,1609,1080
2402,80.20,boneka-asli,0.8778,1628,644,1917,1080
2402,80.20,boneka-dummy,0.8292,1191,627,1597,1080
2402,80.20,boneka-asli,0.6934,645,597,1115,1080
2403,80.23,boneka-dummy,0.8400,1175,672,1585,1080
2403,80.23,boneka-asli,0.8038,1639,650,1918,1080
2404,80.26,boneka-dummy,0.8283,1162,614,1575,1080
2404,80.26,boneka-asli,0.7949,1603,650,1918,1080
2405,80.30,boneka-asli,0.8497,1570,645,1917,1080
2405,80.30,boneka-dummy,0.8242,1153,625,1551,1080
2405,80.30,boneka-dummy,0.5586,0,696,733,1080
2406,80.33,boneka-asli,0.8803,1567,646,1917,1080
2406,80.33,boneka-dummy,0.8344,1148,609,1541,1080
2407,80.36,boneka-asli,0.8688,1557,641,1917,1080
2407,80.36,boneka-dummy,0.8063,1140,612,1538,1080
2407,80.36,boneka-dummy,0.7425,0,691,754,1080
2408,80.40,boneka-asli,0.8825,1546,630,1916,1080
2408,80.40,boneka-dummy,0.7339,1144,603,1534,1080
2408,80.40,boneka-asli,0.5658,0,671,750,1080
2408,80.40,boneka-dummy,0.5481,0,667,763,1080
2409,80.43,boneka-asli,0.8665,1549,611,1918,1080
2409,80.43,boneka-dummy,0.8207,1147,648,1538,1080
2409,80.43,boneka-asli,0.7343,584,560,1071,1080
2409,80.43,boneka-dummy,0.5759,6,645,760,1080
2410,80.46,boneka-dummy,0.8091,1152,594,1541,1058
2410,80.46,boneka-asli,0.6002,636,542,1079,1080
2411,80.50,boneka-dummy,0.7350,1149,556,1538,1034
2411,80.50,boneka-asli,0.5271,644,523,1082,1080
2412,80.53,boneka-dummy,0.5998,1148,543,1531,1022
2412,80.53,boneka-asli,0.5577,1539,580,1919,1080
2413,80.56,boneka-dummy,0.7401,1140,651,1514,1029
2413,80.56,boneka-dummy,0.5974,653,513,1088,1080
2414,80.60,boneka-dummy,0.7989,1141,650,1518,1017
2414,80.60,boneka-dummy,0.6254,665,515,1089,1080
2414,80.60,boneka-asli,0.5396,1528,580,1919,1078
2415,80.63,boneka-dummy,0.8349,1146,656,1508,1005
2415,80.63,boneka-asli,0.6075,1529,580,1919,1076
2416,80.66,boneka-dummy,0.8317,1145,651,1507,1005
2417,80.70,boneka-dummy,0.8224,1150,643,1506,1007
2417,80.70,boneka-asli,0.6770,701,539,1096,1080
2417,80.70,boneka-asli,0.5377,1525,592,1919,1068
2418,80.73,boneka-dummy,0.7212,1149,666,1504,1013
2418,80.73,boneka-dummy,0.5783,1523,601,1915,1072
2419,80.76,boneka-dummy,0.8244,1151,634,1504,1016
2419,80.76,boneka-dummy,0.6956,1522,606,1914,1079
2419,80.76,boneka-asli,0.6170,734,561,1114,1080
2420,80.80,boneka-dummy,0.8522,1159,584,1505,1015
2420,80.80,boneka-asli,0.6855,728,578,1112,1080
2420,80.80,boneka-dummy,0.5400,1523,611,1911,1080
2420,80.80,boneka-asli,0.5248,1529,611,1910,1079
2421,80.83,boneka-dummy,0.8674,1160,594,1501,1013
2421,80.83,boneka-asli,0.6034,1522,617,1904,1079
2422,80.86,boneka-asli,0.8385,1507,624,1888,1080
2422,80.86,boneka-dummy,0.8350,1153,698,1494,1011
2423,80.90,boneka-asli,0.8770,1502,631,1870,1080
2423,80.90,boneka-dummy,0.8611,1153,701,1485,1018
2424,80.93,boneka-dummy,0.8509,1146,706,1480,1018
2424,80.93,boneka-asli,0.8082,1491,641,1860,1080
2425,80.96,boneka-dummy,0.8266,1134,712,1471,1026
2425,80.96,boneka-asli,0.8043,1480,648,1841,1080
2426,81.00,boneka-dummy,0.8380,1124,680,1455,1032
2426,81.00,boneka-asli,0.7992,1470,651,1826,1080
2426,81.00,boneka-asli,0.5539,786,645,1088,869
2427,81.03,boneka-dummy,0.8307,1123,630,1446,1041
2427,81.03,boneka-asli,0.7675,1458,658,1812,1080
2427,81.03,boneka-dummy,0.5504,1454,650,1817,1080
2427,81.03,boneka-dummy,0.5047,770,654,1073,874
2428,81.06,boneka-dummy,0.8550,1123,641,1435,1049
2428,81.06,boneka-asli,0.8064,1448,666,1802,1080
2428,81.06,boneka-asli,0.5269,782,666,1072,887
2429,81.10,boneka-dummy,0.8672,1117,727,1430,1052
2429,81.10,boneka-asli,0.7897,1453,679,1785,1080
2429,81.10,boneka-asli,0.5715,781,680,1076,904
2429,81.10,boneka-asli,0.5076,1116,659,1431,1055
2430,81.13,boneka-dummy,0.8591,1120,734,1433,1056
2430,81.13,boneka-asli,0.7626,1445,685,1784,1080
2431,81.17,boneka-asli,0.8340,1450,695,1783,1080
2431,81.17,boneka-dummy,0.8197,1120,676,1436,1075
2431,81.17,boneka-asli,0.5454,698,702,1082,923
2432,81.20,boneka-dummy,0.8668,1131,681,1443,1078
2432,81.20,boneka-asli,0.8203,1451,710,1786,1080
2432,81.20,boneka-asli,0.6122,634,726,1098,962
2433,81.23,boneka-dummy,0.8877,1146,782,1460,1080
2433,81.23,boneka-asli,0.8594,1480,724,1800,1080
2433,81.23,boneka-asli,0.5245,832,748,1119,963
2434,81.27,boneka-dummy,0.8560,1174,799,1481,1080
2434,81.27,boneka-asli,0.8485,1502,735,1820,1080
2435,81.30,boneka-dummy,0.8462,1204,801,1516,1080
2435,81.30,boneka-asli,0.8425,1542,748,1845,1080
2435,81.30,boneka-asli,0.5616,761,777,1193,1080
2436,81.33,boneka-dummy,0.8537,1243,808,1550,1080
2436,81.33,boneka-asli,0.8520,1585,758,1889,1080
2437,81.37,boneka-asli,0.8277,1626,770,1905,1080
2437,81.37,boneka-dummy,0.8209,1289,758,1596,1080
2437,81.37,boneka-asli,0.5735,936,806,1300,1078
2438,81.40,boneka-asli,0.8218,1670,779,1915,1080
2438,81.40,boneka-dummy,0.7970,1334,772,1648,1080
2438,81.40,boneka-dummy,0.5483,923,817,1362,1080
2439,81.43,boneka-dummy,0.7236,1392,838,1672,1080
2439,81.43,boneka-asli,0.6934,1737,783,1919,1080
2440,81.47,boneka-dummy,0.7691,1119,844,1518,1080
2440,81.47,boneka-dummy,0.7414,1447,803,1739,1080
2441,81.50,boneka-dummy,0.7986,1535,780,1802,1080
2441,81.50,boneka-dummy,0.7631,1233,851,1605,1079
2442,81.53,boneka-dummy,0.7447,1609,796,1859,1080
2443,81.57,boneka-dummy,0.7279,1375,855,1785,1076
2443,81.57,boneka-dummy,0.7105,1686,816,1917,1080
2444,81.60,boneka-dummy,0.7349,1500,861,1853,1076
2445,81.63,boneka-dummy,0.8351,1582,859,1920,1080
2446,81.67,boneka-dummy,0.6007,1650,870,1920,1076
2464,82.27,boneka-dummy,0.5480,1011,39,1629,641
2472,82.53,boneka-dummy,0.5568,480,188,843,554
2475,82.63,boneka-asli,0.6370,233,438,378,556
2476,82.67,boneka-dummy,0.5937,246,424,387,533
2477,82.70,boneka-asli,0.5470,247,414,386,525
2478,82.73,boneka-asli,0.7315,248,410,388,517
2479,82.77,boneka-asli,0.6004,243,414,384,524
2480,82.80,boneka-asli,0.7036,234,420,382,527
2481,82.83,boneka-asli,0.7179,229,425,377,530
2481,82.83,boneka-dummy,0.5229,170,615,315,677
2487,83.03,boneka-dummy,0.5793,0,16,395,825
2491,83.17,boneka-dummy,0.5897,61,709,210,806
2492,83.20,boneka-dummy,0.5313,23,702,172,810
2494,83.27,boneka-asli,0.6844,51,465,192,637
2496,83.34,boneka-asli,0.7121,0,466,134,651
2497,83.37,boneka-asli,0.5729,0,456,105,655
2497,83.37,boneka-asli,0.5683,0,585,517,1080
2497,83.37,boneka-dummy,0.5492,0,0,107,405
2498,83.40,boneka-asli,0.8162,0,593,451,1080
2500,83.47,boneka-asli,0.6184,0,600,377,1080
2531,84.50,boneka-dummy,0.7899,1462,730,1920,1080
2532,84.54,boneka-dummy,0.7269,1736,632,1920,1078
2532,84.54,boneka-dummy,0.7174,1328,711,1915,1080
2533,84.57,boneka-dummy,0.7131,1630,634,1920,1080
2533,84.57,boneka-dummy,0.5668,1228,692,1802,1080
2534,84.60,boneka-dummy,0.8587,1519,597,1920,1067
2534,84.60,boneka-asli,0.6819,1048,664,1681,1080
2534,84.60,boneka-dummy,0.6648,0,203,292,948
2535,84.64,boneka-dummy,0.8644,0,256,349,1001
2535,84.64,boneka-dummy,0.8134,1472,584,1860,1019
2535,84.64,boneka-asli,0.7519,992,649,1572,1080
2536,84.67,boneka-dummy,0.8237,1430,570,1793,1004
2536,84.67,boneka-dummy,0.7551,0,220,403,1068
2536,84.67,boneka-asli,0.6850,861,629,1468,1080
2537,84.70,boneka-dummy,0.8409,0,227,439,1077
2537,84.70,boneka-asli,0.8008,1727,534,1919,971
2537,84.70,boneka-asli,0.7796,833,610,1385,1080
2537,84.70,boneka-dummy,0.7415,1344,545,1725,997
2538,84.74,boneka-dummy,0.9006,0,231,496,1080
2538,84.74,boneka-asli,0.8230,786,605,1334,1080
2538,84.74,boneka-dummy,0.8005,1308,541,1682,980
2538,84.74,boneka-asli,0.7503,1692,528,1919,980
2539,84.77,boneka-dummy,0.8975,0,290,565,1080
2539,84.77,boneka-asli,0.8736,1658,520,1919,987
2539,84.77,boneka-dummy,0.8478,1282,539,1665,983
2539,84.77,boneka-asli,0.6380,721,602,1313,1080
2539,84.77,boneka-asli,0.5804,605,812,889,1080
2539,84.77,boneka-asli,0.5511,800,611,1280,866
2540,84.80,boneka-asli,0.8506,1644,510,1919,968
2540,84.80,boneka-dummy,0.8358,1,306,598,1080
2540,84.80,boneka-dummy,0.7409,1261,531,1641,973
2540,84.80,boneka-asli,0.6152,739,599,1249,864
2540,84.80,boneka-asli,0.5510,686,589,1295,1080
2541,84.84,boneka-asli,0.8823,1627,502,1919,953
2541,84.84,boneka-dummy,0.8089,1,346,594,1076
2541,84.84,boneka-dummy,0.7924,1234,562,1626,974
2541,84.84,boneka-asli,0.7675,774,585,1229,855
2541,84.84,boneka-asli,0.5342,0,0,525,540
2541,84.84,boneka-asli,0.5299,639,727,1060,1080
2542,84.87,boneka-asli,0.9208,1607,495,1918,969
2542,84.87,boneka-asli,0.7618,743,579,1186,852
2542,84.87,boneka-dummy,0.7605,1216,510,1599,970
2542,84.87,boneka-asli,0.6997,0,0,411,523
2542,84.87,boneka-dummy,0.6353,3,297,608,1066
2543,84.90,boneka-asli,0.9091,1583,496,1918,969
2543,84.90,boneka-dummy,0.7411,1192,558,1580,977
2543,84.90,boneka-asli,0.6465,670,579,1152,844
2543,84.90,boneka-asli,0.5121,0,0,412,482
2544,84.94,boneka-asli,0.8682,1560,495,1919,963
2544,84.94,boneka-dummy,0.8208,105,258,624,862
2544,84.94,boneka-asli,0.7171,0,0,577,443
2544,84.94,boneka-dummy,0.6273,1166,514,1553,971
2544,84.94,boneka-asli,0.5750,472,560,1154,1080
2545,84.97,boneka-dummy,0.7686,1144,509,1533,974
2545,84.97,boneka-asli,0.7178,1540,495,1919,965
2545,84.97,boneka-dummy,0.6452,114,117,637,785
2545,84.97,boneka-asli,0.5863,640,576,1091,856
2545,84.97,boneka-asli,0.5773,406,702,854,1080
2546,85.00,boneka-asli,0.8006,1515,494,1917,967
2546,85.00,boneka-dummy,0.7383,1116,505,1503,977
2546,85.00,boneka-asli,0.6047,627,564,1080,1080
2546,85.00,boneka-asli,0.5808,228,705,815,1080
2547,85.04,boneka-asli,0.8488,1480,486,1893,956
2547,85.04,boneka-dummy,0.7854,1091,508,1474,969
2547,85.04,boneka-asli,0.6949,595,553,1029,1080
2547,85.04,boneka-asli,0.6938,23,691,745,1080
2548,85.07,boneka-asli,0.8149,1451,485,1857,955
2548,85.07,boneka-asli,0.7908,491,540,1014,1080
2548,85.07,boneka-dummy,0.7302,1048,507,1441,1066
2548,85.07,boneka-asli,0.6841,1,0,164,233
2548,85.07,boneka-asli,0.6582,0,665,687,1080
2548,85.07,boneka-dummy,0.5485,322,62,799,648
2548,85.07,boneka-dummy,0.5389,0,668,686,1080
2549,85.10,boneka-asli,0.8627,2,0,220,237
2549,85.10,boneka-dummy,0.7995,1032,491,1423,961
2549,85.10,boneka-asli,0.7962,0,647,660,1080
2549,85.10,boneka-dummy,0.7609,393,8,845,616
2549,85.10,boneka-asli,0.7064,1431,482,1848,955
2549,85.10,boneka-asli,0.6800,407,508,987,1080
2549,85.10,boneka-asli,0.5902,188,1,615,266
2550,85.14,boneka-dummy,0.8320,448,0,893,620
2550,85.14,boneka-asli,0.7991,28,0,280,262
2550,85.14,boneka-dummy,0.7966,1001,504,1389,1027
2550,85.14,boneka-asli,0.7942,350,507,931,1080
2550,85.14,boneka-asli,0.7380,1406,486,1829,960
2550,85.14,boneka-asli,0.7295,0,652,621,1080
2550,85.14,boneka-asli,0.5015,214,1,667,293
2551,85.17,boneka-dummy,0.8308,479,177,935,660
2551,85.17,boneka-dummy,0.8308,989,511,1370,1039
2551,85.17,boneka-asli,0.7736,1378,490,1795,969
2551,85.17,boneka-asli,0.7614,53,0,341,293
2551,85.17,boneka-dummy,0.7225,1,660,553,1080
2551,85.17,boneka-asli,0.5727,312,543,879,1080
2552,85.20,boneka-dummy,0.8811,529,223,976,695
2552,85.20,boneka-dummy,0.8426,964,512,1351,1013
2552,85.20,boneka-dummy,0.8030,0,683,505,1080
2552,85.20,boneka-asli,0.7537,82,0,381,313
2552,85.20,boneka-asli,0.7290,303,556,835,1080
2552,85.20,boneka-asli,0.6445,1357,493,1766,971
2552,85.20,boneka-asli,0.5388,194,0,780,331
2553,85.24,boneka-dummy,0.8914,560,70,1004,706
2553,85.24,boneka-asli,0.8340,149,6,415,320
2553,85.24,boneka-asli,0.8066,246,548,804,1080
2553,85.24,boneka-dummy,0.7737,940,509,1322,1057
2553,85.24,boneka-dummy,0.7519,0,679,457,1080
2553,85.24,boneka-asli,0.6863,1337,493,1749,964
2553,85.24,boneka-asli,0.6473,271,0,789,342
2554,85.27,boneka-asli,0.8573,207,546,784,1080
2554,85.27,boneka-dummy,0.8555,918,507,1298,991
2554,85.27,boneka-dummy,0.8350,578,240,1028,728
2554,85.27,boneka-asli,0.8081,1309,488,1733,963
2554,85.27,boneka-asli,0.7950,294,46,560,348
2554,85.27,boneka-dummy,0.6560,166,29,447,341
2554,85.27,boneka-dummy,0.6220,0,674,435,1080
2554,85.27,boneka-asli,0.5695,271,0,836,357
2555,85.31,boneka-asli,0.8554,1281,485,1696,962
2555,85.31,boneka-dummy,0.8489,590,296,1053,765
2555,85.31,boneka-asli,0.8177,170,544,775,1080
2555,85.31,boneka-dummy,0.7769,887,504,1283,973
2555,85.31,boneka-asli,0.7378,304,53,567,387
2555,85.31,boneka-dummy,0.7186,0,657,351,1080
2555,85.31,boneka-dummy,0.5580,180,96,457,372
2556,85.34,boneka-asli,0.8497,128,543,706,1080
2556,85.34,boneka-dummy,0.8398,603,339,1050,831
2556,85.34,boneka-dummy,0.8298,864,511,1256,979
2556,85.34,boneka-asli,0.7917,1257,488,1672,964
2556,85.34,boneka-asli,0.7568,314,84,576,434
2556,85.34,boneka-asli,0.5297,28,0,483,427
2557,85.37,boneka-asli,0.8563,91,542,694,1080
2557,85.37,boneka-dummy,0.8222,598,400,1049,882
2557,85.37,boneka-asli,0.7635,1239,485,1655,962
2557,85.37,boneka-dummy,0.7612,843,504,1239,968
2557,85.37,boneka-asli,0.7463,330,122,579,478
2557,85.37,boneka-asli,0.5900,19,0,485,467
2557,85.37,boneka-asli,0.5485,906,508,1108,684
2558,85.41,boneka-asli,0.8612,61,539,658,1080
2558,85.41,boneka-asli,0.8047,1225,482,1643,961
2558,85.41,boneka-asli,0.7050,328,174,581,519
2559,85.44,boneka-asli,0.8578,12,535,648,1080
2559,85.44,boneka-asli,0.8310,1200,479,1623,959
2559,85.44,boneka-asli,0.7756,348,193,590,564
2559,85.44,boneka-dummy,0.7618,593,498,1074,1030
2559,85.44,boneka-dummy,0.5014,887,505,1073,671
2560,85.47,boneka-asli,0.8304,356,171,620,609
2560,85.47,boneka-asli,0.8282,1192,481,1611,963
2560,85.47,boneka-asli,0.7995,5,526,644,1080
2560,85.47,boneka-dummy,0.7365,884,504,1057,660
2560,85.47,boneka-dummy,0.5557,579,481,1190,1080
2560,85.47,boneka-dummy,0.5083,0,895,232,1080
2561,85.51,boneka-asli,0.8083,1183,480,1608,963
2561,85.51,boneka-asli,0.7900,385,260,631,627
2561,85.51,boneka-dummy,0.7641,887,504,1056,663
2561,85.51,boneka-dummy,0.7505,629,511,1199,1080
2561,85.51,boneka-asli,0.7357,6,526,632,1080
2561,85.51,boneka-dummy,0.5621,0,901,226,1079
2562,85.54,boneka-dummy,0.8993,655,487,1196,1080
2562,85.54,boneka-asli,0.8465,420,262,654,626
2562,85.54,boneka-asli,0.8106,1179,478,1608,963
2562,85.54,boneka-asli,0.7927,4,523,627,1080
2562,85.54,boneka-dummy,0.5008,1,896,215,1080
2563,85.57,boneka-dummy,0.8682,693,505,1196,1080
2563,85.57,boneka-asli,0.8382,2,506,610,1080
2563,85.57,boneka-asli,0.8263,458,247,692,619
2563,85.57,boneka-asli,0.7970,1178,474,1611,958
2563,85.57,boneka-asli,0.5998,338,325,573,606
2564,85.61,boneka-dummy,0.8698,713,483,1203,1080
2564,85.61,boneka-asli,0.8238,2,500,606,1080
2564,85.61,boneka-asli,0.8011,1180,471,1609,954
2564,85.61,boneka-asli,0.7977,492,289,729,618
2565,85.64,boneka-dummy,0.8852,775,552,1257,1080
2565,85.64,boneka-asli,0.8069,1189,468,1613,952
2565,85.64,boneka-asli,0.8033,2,498,610,1080
2565,85.64,boneka-asli,0.7228,535,296,784,613
2566,85.67,boneka-asli,0.8421,2,503,621,1080
2566,85.67,boneka-asli,0.8308,1203,467,1633,953
2566,85.67,boneka-dummy,0.7280,769,550,1333,1080
2566,85.67,boneka-asli,0.5894,598,306,850,604
2567,85.71,boneka-asli,0.8686,1239,466,1642,955
2567,85.71,boneka-asli,0.8495,2,502,630,1080
2567,85.71,boneka-dummy,0.6828,1,902,219,1080
2568,85.74,boneka-asli,0.8489,1,495,645,1080
2568,85.74,boneka-dummy,0.8201,813,483,1187,1080
2568,85.74,boneka-dummy,0.7782,1014,498,1494,1080
2568,85.74,boneka-asli,0.7546,1290,468,1664,947
2569,85.77,boneka-asli,0.6637,0,489,666,1080
2569,85.77,boneka-dummy,0.5876,716,299,1220,1080
2570,85.81,boneka-asli,0.7303,7,477,685,1080
2570,85.81,boneka-dummy,0.6476,792,336,1250,1079
2570,85.81,boneka-dummy,0.5771,1075,436,1605,1080
2571,85.84,boneka-dummy,0.7143,796,298,1265,1010
2571,85.84,boneka-asli,0.6926,19,480,699,1080
2572,85.87,boneka-dummy,0.8171,864,361,1279,1079
2572,85.87,boneka-asli,0.5643,56,491,716,1080
2572,85.87,boneka-dummy,0.5046,1007,334,1216,597
2573,85.91,boneka-asli,0.7891,1188,268,1713,1080
2573,85.91,boneka-dummy,0.7733,873,612,1293,989
2573,85.91,boneka-asli,0.6895,87,509,728,1080
2574,85.94,boneka-dummy,0.8346,888,496,1306,997
2574,85.94,boneka-asli,0.7605,101,517,763,1080
2574,85.94,boneka-asli,0.6910,1282,449,1774,1080
2575,85.97,boneka-dummy,0.8749,898,493,1322,1013
2575,85.97,boneka-dummy,0.8454,1317,489,1888,1080
2575,85.97,boneka-asli,0.7342,140,528,782,1080
2576,86.01,boneka-dummy,0.8886,908,493,1331,1019
2576,86.01,boneka-dummy,0.8565,1343,491,1919,1080
2576,86.01,boneka-asli,0.7902,163,531,792,1080
2577,86.04,boneka-dummy,0.9072,1462,553,1918,1080
2577,86.04,boneka-dummy,0.8745,921,496,1337,1022
2577,86.04,boneka-asli,0.7379,161,533,794,1080
2577,86.04,boneka-dummy,0.5891,0,637,335,1080
2578,86.07,boneka-dummy,0.8824,1460,544,1918,1080
2578,86.07,boneka-dummy,0.8726,925,499,1334,1018
2578,86.07,boneka-asli,0.5517,162,538,794,1080
2578,86.07,boneka-dummy,0.5265,0,638,338,1080
2579,86.11,boneka-dummy,0.8840,920,504,1329,1023
2579,86.11,boneka-dummy,0.8489,1472,551,1918,1080
2579,86.11,boneka-asli,0.7218,161,538,791,1080
2580,86.14,boneka-dummy,0.8817,910,502,1321,1015
2580,86.14,boneka-dummy,0.8095,1430,542,1919,1080
2580,86.14,boneka-asli,0.7093,163,537,784,1080
2581,86.17,boneka-dummy,0.8828,900,497,1316,1023
2581,86.17,boneka-asli,0.7575,158,527,772,1080
2581,86.17,boneka-dummy,0.7569,1400,556,1916,1080
2582,86.21,boneka-dummy,0.8748,903,496,1316,1027
2582,86.21,boneka-dummy,0.8202,1439,549,1919,1080
2582,86.21,boneka-asli,0.7361,170,517,765,1080
2582,86.21,boneka-dummy,0.5261,0,623,325,1080
2583,86.24,boneka-dummy,0.8061,915,493,1323,1031
2583,86.24,boneka-asli,0.7461,169,510,764,1080
2583,86.24,boneka-dummy,0.6395,0,608,332,1080
2583,86.24,boneka-dummy,0.6280,1376,532,1916,1080
2584,86.27,boneka-dummy,0.7494,918,489,1328,1027
2584,86.27,boneka-asli,0.6433,143,502,774,1080
2585,86.31,boneka-dummy,0.7464,916,481,1341,997
2585,86.31,boneka-asli,0.5700,148,498,784,1080
2586,86.34,boneka-dummy,0.8080,934,490,1350,1045
2586,86.34,boneka-asli,0.6769,166,499,803,1080
2587,86.37,boneka-dummy,0.7546,944,492,1368,1021
2587,86.37,boneka-asli,0.6873,177,499,821,1080
2588,86.41,boneka-dummy,0.8759,966,499,1384,1044
2588,86.41,boneka-asli,0.7715,219,499,821,1080
2589,86.44,boneka-dummy,0.8789,978,502,1403,1048
2589,86.44,boneka-dummy,0.7052,1350,310,1577,597
2589,86.44,boneka-asli,0.6561,0,610,402,1080
2589,86.44,boneka-asli,0.6537,227,515,860,1080
2590,86.47,boneka-dummy,0.9051,1010,506,1437,1052
2590,86.47,boneka-dummy,0.7580,0,626,449,1080
2590,86.47,boneka-dummy,0.6184,253,524,891,1080
2591,86.51,boneka-dummy,0.9003,1028,521,1464,1058
2591,86.51,boneka-dummy,0.6354,1425,479,1828,1026
2591,86.51,boneka-dummy,0.5765,0,657,526,1080
2591,86.51,boneka-asli,0.5245,278,542,944,1080
2592,86.54,boneka-dummy,0.9251,1043,540,1486,1076
2592,86.54,boneka-asli,0.7331,0,691,561,1080
2592,86.54,boneka-dummy,0.5423,314,566,976,1080
2593,86.57,boneka-dummy,0.8932,1070,553,1508,1080
2593,86.57,boneka-dummy,0.6082,1529,372,1831,745
2594,86.61,boneka-dummy,0.9111,1094,566,1537,1080
2594,86.61,boneka-dummy,0.8004,1519,391,1919,1080
2594,86.61,boneka-asli,0.5005,2,750,713,1080
2595,86.64,boneka-dummy,0.9062,1118,577,1561,1080
2595,86.64,boneka-dummy,0.8367,1510,388,1919,1080
2596,86.67,boneka-dummy,0.9125,1130,578,1575,1080
2596,86.67,boneka-dummy,0.7967,1537,410,1919,1080
2597,86.71,boneka-dummy,0.9223,1136,567,1578,1080
2597,86.71,boneka-dummy,0.8845,1567,436,1919,1080
2597,86.71,boneka-asli,0.5045,523,614,1106,1080
2598,86.74,boneka-dummy,0.9257,1130,564,1575,1080
2598,86.74,boneka-dummy,0.8493,1563,456,1919,1080
2599,86.77,boneka-dummy,0.9201,1123,564,1570,1080
2599,86.77,boneka-dummy,0.8126,1546,418,1919,1080
2599,86.77,boneka-dummy,0.5265,0,748,747,1080
2600,86.81,boneka-dummy,0.9135,1118,562,1559,1080
2600,86.81,boneka-dummy,0.8414,1554,398,1919,1080
2600,86.81,boneka-dummy,0.5838,0,738,768,1080
2601,86.84,boneka-dummy,0.9128,1113,573,1556,1080
2601,86.84,boneka-dummy,0.8303,1557,439,1918,1080
2601,86.84,boneka-dummy,0.6646,1590,402,1910,762
2602,86.87,boneka-dummy,0.9078,1112,570,1557,1080
2602,86.87,boneka-dummy,0.8831,1558,550,1918,1080
2602,86.87,boneka-asli,0.5232,425,600,1047,1080
2603,86.91,boneka-dummy,0.9072,1118,563,1564,1080
2603,86.91,boneka-dummy,0.8494,1572,550,1918,1080
2604,86.94,boneka-dummy,0.9083,1121,561,1577,1080
2604,86.94,boneka-dummy,0.5772,451,577,1084,1080
2605,86.97,boneka-dummy,0.9159,1132,563,1588,1080
2605,86.97,boneka-asli,0.8149,1598,551,1920,1080
2606,87.01,boneka-dummy,0.8786,1145,568,1603,1080
2606,87.01,boneka-asli,0.8366,1619,560,1920,1080
2606,87.01,boneka-dummy,0.6789,1504,0,1919,326
2607,87.04,boneka-asli,0.8956,1634,574,1918,1080
2607,87.04,boneka-dummy,0.8838,1166,586,1627,1080
2608,87.07,boneka-dummy,0.8745,1178,594,1643,1080
2608,87.07,boneka-asli,0.8612,1649,583,1919,1080
2609,87.11,boneka-dummy,0.8305,1184,632,1646,1080
2609,87.11,boneka-asli,0.7767,1666,598,1919,1080
2610,87.14,boneka-dummy,0.8373,1201,600,1673,1080
2610,87.14,boneka-asli,0.7904,1703,599,1920,1080
2611,87.17,boneka-dummy,0.8396,1238,603,1685,1080
2611,87.17,boneka-asli,0.6966,1713,604,1920,1080
2612,87.21,boneka-dummy,0.8765,1250,601,1720,1080
2612,87.21,boneka-asli,0.7115,1727,614,1920,1080
2613,87.24,boneka-dummy,0.8957,1274,596,1745,1080
2613,87.24,boneka-asli,0.7783,1752,639,1919,1080
2614,87.27,boneka-dummy,0.8973,1298,591,1769,1080
2615,87.31,boneka-dummy,0.8720,1334,592,1803,1080
2616,87.34,boneka-dummy,0.8810,1368,590,1836,1080
2616,87.34,boneka-asli,0.6772,484,578,1425,1080
2617,87.38,boneka-dummy,0.8974,1387,586,1854,1080
2617,87.38,boneka-asli,0.7256,636,574,1466,1080
2618,87.41,boneka-dummy,0.8937,1398,583,1863,1080
2618,87.41,boneka-asli,0.8086,697,563,1475,1080
2619,87.44,boneka-dummy,0.9088,1402,578,1870,1080
2619,87.44,boneka-asli,0.8128,729,550,1473,1080
2620,87.48,boneka-dummy,0.8878,1392,574,1868,1080
2620,87.48,boneka-asli,0.8141,730,541,1474,1080
2621,87.51,boneka-dummy,0.9044,1373,573,1854,1080
2621,87.51,boneka-asli,0.7895,690,535,1478,1080
2622,87.54,boneka-dummy,0.8909,1405,568,1833,1080
2622,87.54,boneka-asli,0.7452,651,513,1467,1080
2623,87.58,boneka-dummy,0.9116,1341,568,1814,1080
2623,87.58,boneka-asli,0.7118,581,511,1442,1080
2624,87.61,boneka-dummy,0.8758,1327,570,1786,1080
2624,87.61,boneka-asli,0.7288,583,505,1382,1080
2625,87.64,boneka-dummy,0.9020,1289,567,1765,1080
2625,87.64,boneka-asli,0.7668,563,525,1380,1080
2625,87.64,boneka-asli,0.5474,1768,615,1919,1080
2625,87.64,boneka-dummy,0.5473,1766,604,1919,1080
2626,87.68,boneka-dummy,0.8958,1281,578,1746,1080
2626,87.68,boneka-asli,0.8451,1753,626,1919,1080
2626,87.68,boneka-asli,0.7383,490,540,1333,1080
2627,87.71,boneka-dummy,0.9056,1279,588,1724,1080
2627,87.71,boneka-asli,0.7625,1731,638,1919,1080
2627,87.71,boneka-asli,0.7454,515,563,1325,1080
2628,87.74,boneka-dummy,0.8924,1268,600,1704,1080
2628,87.74,boneka-asli,0.7612,1719,631,1919,1080
2628,87.74,boneka-asli,0.6050,503,578,1313,1080
2629,87.78,boneka-dummy,0.8326,1253,610,1680,1080
2629,87.78,boneka-asli,0.7992,1701,629,1919,1080
2629,87.78,boneka-asli,0.7307,490,593,1305,1080
2630,87.81,boneka-dummy,0.7549,1248,628,1671,1080
2630,87.81,boneka-asli,0.7513,1683,653,1919,1080
2630,87.81,boneka-asli,0.5043,472,623,1294,1080
2630,87.81,boneka-dummy,0.5036,855,631,1257,955
2631,87.84,boneka-asli,0.8089,1684,664,1919,1080
2631,87.84,boneka-dummy,0.8036,1243,642,1651,1080
2632,87.88,boneka-dummy,0.7756,1222,664,1597,1080
2632,87.88,boneka-asli,0.6732,1683,680,1919,1080
2633,87.91,boneka-asli,0.7573,1681,699,1919,1080
2633,87.91,boneka-dummy,0.6804,1214,673,1577,1080
2634,87.94,boneka-asli,0.7322,1672,707,1919,1080
2634,87.94,boneka-dummy,0.6525,1211,790,1528,1080
2635,87.98,boneka-asli,0.8136,1646,710,1920,1080
2635,87.98,boneka-dummy,0.6737,1207,768,1505,1080
2635,87.98,boneka-dummy,0.5656,773,711,1193,1015
2636,88.01,boneka-asli,0.8026,1639,711,1920,1080
2636,88.01,boneka-dummy,0.6560,1190,800,1500,1080
2637,88.04,boneka-asli,0.7956,1634,708,1919,1080
2637,88.04,boneka-dummy,0.6513,1179,693,1486,1080
2638,88.08,boneka-asli,0.7828,1628,703,1919,1080
2638,88.08,boneka-dummy,0.7324,1172,686,1539,1080
2638,88.08,boneka-dummy,0.6434,794,705,1168,998
2639,88.11,boneka-asli,0.8454,1604,696,1918,1080
2639,88.11,boneka-dummy,0.6670,1160,771,1542,1080
2639,88.11,boneka-dummy,0.5724,787,700,1151,989
2640,88.14,boneka-asli,0.7793,1587,690,1917,1080
2640,88.14,boneka-dummy,0.6393,782,692,1145,978
2640,88.14,boneka-dummy,0.6313,1159,767,1542,1080
2641,88.18,boneka-asli,0.7699,1577,689,1915,1080
2641,88.18,boneka-dummy,0.6703,1139,719,1534,1080
2642,88.21,boneka-dummy,0.7886,1135,770,1517,1080
2642,88.21,boneka-asli,0.7688,1535,684,1895,1080
2642,88.21,boneka-dummy,0.5910,770,685,1142,960
2643,88.24,boneka-dummy,0.7985,1120,766,1504,1080
2643,88.24,boneka-asli,0.7942,1532,675,1886,1080
2643,88.24,boneka-dummy,0.6924,763,682,1104,950
2643,88.24,boneka-dummy,0.5145,1789,847,1919,1043
2644,88.28,boneka-dummy,0.8033,1114,767,1483,1080
2644,88.28,boneka-asli,0.7847,1492,675,1866,1080
2644,88.28,boneka-dummy,0.6915,750,682,1094,950
2645,88.31,boneka-asli,0.8166,1489,680,1857,1080
2645,88.31,boneka-dummy,0.7709,1103,777,1476,1080
2645,88.31,boneka-asli,0.6471,725,687,1089,955
2645,88.31,boneka-dummy,0.5731,1735,845,1917,1072
2646,88.34,boneka-asli,0.8026,1477,679,1831,1080
2646,88.34,boneka-dummy,0.7719,1094,655,1459,1080
2646,88.34,boneka-asli,0.5569,430,820,887,1080
2646,88.34,boneka-dummy,0.5362,1714,851,1916,1080
2646,88.34,boneka-asli,0.5071,623,692,1095,961
2647,88.38,boneka-asli,0.8103,1466,682,1826,1080
2647,88.38,boneka-dummy,0.7701,1099,723,1451,1080
2647,88.38,boneka-dummy,0.6715,1702,848,1918,1046
2648,88.41,boneka-dummy,0.8587,1086,771,1441,1080
2648,88.41,boneka-asli,0.7940,1454,681,1812,1080
2648,88.41,boneka-asli,0.6857,466,821,885,1079
2648,88.41,boneka-asli,0.6446,678,697,1066,956
2648,88.41,boneka-dummy,0.6341,1671,841,1917,1080
2649,88.44,boneka-dummy,0.8662,1085,764,1434,1080
2649,88.44,boneka-asli,0.8426,1442,671,1789,1080
2649,88.44,boneka-dummy,0.6756,1651,831,1917,1079
2650,88.48,boneka-dummy,0.8343,1083,722,1432,1080
2650,88.48,boneka-asli,0.8180,1442,662,1785,1080
2650,88.48,boneka-dummy,0.5638,1640,814,1917,1080
2650,88.48,boneka-dummy,0.5061,729,680,1050,924
2651,88.51,boneka-asli,0.8463,1441,659,1757,1079
2651,88.51,boneka-dummy,0.8032,1084,747,1427,1077
2651,88.51,boneka-asli,0.6005,445,661,1073,1080
2652,88.54,boneka-dummy,0.8457,1076,703,1416,1052
2652,88.54,boneka-asli,0.8078,1433,645,1753,1079
2652,88.54,boneka-asli,0.6309,380,637,1080,1080
2652,88.54,boneka-dummy,0.5230,1422,640,1743,1080
2652,88.54,boneka-dummy,0.5149,736,659,1045,901
2653,88.58,boneka-dummy,0.8549,1074,720,1407,1044
2653,88.58,boneka-asli,0.7032,1427,641,1747,1063
2653,88.58,boneka-dummy,0.5672,741,651,1051,884
2653,88.58,boneka-asli,0.5340,370,630,1095,1080
2654,88.61,boneka-dummy,0.8501,1074,716,1400,1028
2654,88.61,boneka-asli,0.7851,1407,635,1704,1058
2654,88.61,boneka-dummy,0.5918,1594,784,1894,1080
2654,88.61,boneka-asli,0.5391,729,641,1049,879
2655,88.64,boneka-dummy,0.8191,1067,703,1391,1009
2655,88.64,boneka-asli,0.8057,1401,624,1691,1044
2656,88.68,boneka-asli,0.8664,1398,616,1685,1018
2656,88.68,boneka-dummy,0.8150,1063,702,1382,1003
2656,88.68,boneka-dummy,0.5851,1557,760,1836,1080
2656,88.68,boneka-asli,0.5501,732,622,1033,856
2656,88.68,boneka-asli,0.5475,1083,612,1379,1010
2657,88.71,boneka-dummy,0.8498,1059,674,1376,995
2657,88.71,boneka-asli,0.7695,1390,607,1684,1006
2657,88.71,boneka-dummy,0.6135,1526,738,1822,1080
2658,88.74,boneka-asli,0.7750,1381,597,1680,988
2658,88.74,boneka-dummy,0.7498,1056,680,1363,968
2658,88.74,boneka-dummy,0.7317,1499,767,1811,1080
2658,88.74,boneka-dummy,0.5949,748,600,1053,1080
2659,88.78,boneka-asli,0.8376,1363,582,1657,972
2659,88.78,boneka-dummy,0.8333,1053,656,1355,957
2659,88.78,boneka-dummy,0.7803,1489,708,1804,1080
2659,88.78,boneka-dummy,0.5377,780,587,1046,1080
2660,88.81,boneka-asli,0.8657,1356,571,1632,954
2660,88.81,boneka-dummy,0.8565,1055,591,1343,945
2660,88.81,boneka-dummy,0.8005,1475,697,1787,1080
2660,88.81,boneka-asli,0.5739,515,562,1032,1080
2661,88.84,boneka-dummy,0.8492,1032,555,1336,928
2661,88.84,boneka-dummy,0.8041,1464,726,1779,1080
2661,88.84,boneka-asli,0.8037,1352,567,1636,939
2661,88.84,boneka-dummy,0.6881,763,557,1024,1076
2662,88.88,boneka-dummy,0.8376,1040,586,1328,914
2662,88.88,boneka-dummy,0.8261,1453,665,1771,1080
2662,88.88,boneka-asli,0.7953,1345,554,1638,933
2662,88.88,boneka-dummy,0.5701,764,548,1031,1066
2663,88.91,boneka-dummy,0.8114,1032,613,1326,905
2663,88.91,boneka-asli,0.7968,1344,546,1623,918
2663,88.91,boneka-dummy,0.7015,1448,661,1762,1080
2664,88.94,boneka-dummy,0.8218,1043,608,1322,891
2664,88.94,boneka-asli,0.7901,1343,535,1614,907
2664,88.94,boneka-asli,0.5776,1045,524,1317,898
2664,88.94,boneka-dummy,0.5669,1448,651,1750,1063
2664,88.94,boneka-dummy,0.5505,772,517,1019,1024
2664,88.94,boneka-asli,0.5488,412,534,880,1080
2665,88.98,boneka-dummy,0.8446,1034,606,1318,882
2665,88.98,boneka-asli,0.7880,1338,525,1584,891
2665,88.98,boneka-dummy,0.6397,777,511,1022,1003
2665,88.98,boneka-dummy,0.5606,1444,645,1745,1048
2666,89.01,boneka-dummy,0.8645,1033,535,1313,869
2666,89.01,boneka-asli,0.8552,1334,522,1578,887
2666,89.01,boneka-dummy,0.7936,426,517,870,1080
2666,89.01,boneka-dummy,0.6801,1441,626,1749,1037
2667,89.04,boneka-dummy,0.8240,1036,580,1313,856
2667,89.04,boneka-dummy,0.8205,424,497,874,1080
2667,89.04,boneka-asli,0.7537,1332,518,1598,872
2667,89.04,boneka-dummy,0.5287,1435,623,1735,1023
2668,89.08,boneka-dummy,0.8251,412,482,871,1080
2668,89.08,boneka-dummy,0.8098,1031,593,1304,842
2668,89.08,boneka-dummy,0.7920,1428,626,1732,1011
2668,89.08,boneka-asli,0.6216,1321,504,1583,865
2668,89.08,boneka-asli,0.5012,1347,963,1713,1076
2669,89.11,boneka-dummy,0.8436,406,475,862,1080
2669,89.11,boneka-dummy,0.7978,1021,575,1299,845
2669,89.11,boneka-dummy,0.7976,1426,605,1722,998
2669,89.11,boneka-asli,0.7722,1315,496,1587,855
2669,89.11,boneka-dummy,0.5631,787,466,1010,953
2670,89.14,boneka-dummy,0.8637,1015,565,1293,837
2670,89.14,boneka-dummy,0.8225,404,469,861,1080
2670,89.14,boneka-asli,0.8113,1307,489,1586,841
2670,89.14,boneka-dummy,0.7654,1412,590,1708,987
2670,89.14,boneka-dummy,0.6603,781,457,1011,940
2671,89.18,boneka-asli,0.8607,1304,479,1551,831
2671,89.18,boneka-dummy,0.8400,1009,534,1287,821
2671,89.18,boneka-dummy,0.7928,396,451,855,1080
2671,89.18,boneka-dummy,0.6728,1406,580,1702,972
2672,89.21,boneka-dummy,0.8560,391,445,857,1080
2672,89.21,boneka-dummy,0.8477,1013,488,1278,814
2672,89.21,boneka-asli,0.8429,1302,473,1556,827
2672,89.21,boneka-dummy,0.6450,1401,599,1702,962
2673,89.24,boneka-dummy,0.8878,389,446,848,1080
2673,89.24,boneka-dummy,0.8519,1000,531,1271,808
2673,89.24,boneka-asli,0.8331,1289,471,1538,822
2673,89.24,boneka-dummy,0.7503,1395,574,1681,956
2674,89.28,boneka-asli,0.8189,1285,464,1532,806
2674,89.28,boneka-dummy,0.7935,1005,538,1265,797
2674,89.28,boneka-dummy,0.7760,1384,591,1676,947
2674,89.28,boneka-dummy,0.7498,384,434,882,1080
2675,89.31,boneka-dummy,0.8309,383,431,852,1080
2675,89.31,boneka-dummy,0.8283,1381,592,1675,942
2675,89.31,boneka-asli,0.8061,1278,455,1541,798
2675,89.31,boneka-dummy,0.7585,1003,520,1261,793
2675,89.31,boneka-asli,0.6103,0,680,491,1080
2676,89.34,boneka-dummy,0.8092,380,421,844,1079
2676,89.34,boneka-asli,0.7857,1279,450,1543,799
2676,89.34,boneka-dummy,0.7638,1380,547,1670,933
2676,89.34,boneka-dummy,0.7336,994,516,1260,788
2676,89.34,boneka-asli,0.6641,1004,443,1256,788
2677,89.38,boneka-dummy,0.8271,379,413,844,1077
2677,89.38,boneka-dummy,0.8142,985,511,1259,782
2677,89.38,boneka-asli,0.7511,1274,445,1541,791
2677,89.38,boneka-dummy,0.7206,1379,546,1670,928
2677,89.38,boneka-asli,0.6168,988,430,1257,784
2678,89.41,boneka-dummy,0.8262,376,407,844,1072
2678,89.41,boneka-asli,0.7738,1268,443,1543,792
2678,89.41,boneka-dummy,0.7656,982,500,1254,781
2678,89.41,boneka-dummy,0.7203,1375,544,1661,923
2678,89.41,boneka-asli,0.6945,982,427,1255,782
2679,89.45,boneka-dummy,0.8438,377,407,846,1070
2679,89.45,boneka-asli,0.8084,1265,440,1543,791
2679,89.45,boneka-dummy,0.8005,980,484,1254,776
2679,89.45,boneka-dummy,0.6959,1375,542,1658,921
2679,89.45,boneka-asli,0.6113,977,426,1255,778
2679,89.45,boneka-asli,0.5228,1301,876,1642,1075
2680,89.48,boneka-dummy,0.8451,984,500,1255,774
2680,89.48,boneka-asli,0.8240,1262,434,1534,788
2680,89.48,boneka-dummy,0.8096,376,402,843,1065
2680,89.48,boneka-dummy,0.7473,1374,549,1665,919
2680,89.48,boneka-asli,0.7383,20,687,503,1080
2680,89.48,boneka-asli,0.6926,1300,869,1644,1076
2680,89.48,boneka-asli,0.5184,901,700,1119,923
2681,89.51,boneka-dummy,0.8676,980,505,1254,772
2681,89.51,boneka-dummy,0.8524,375,396,848,1072
2681,89.51,boneka-asli,0.8130,1265,431,1537,785
2681,89.51,boneka-dummy,0.8124,1374,577,1669,915
2681,89.51,boneka-asli,0.7114,1302,863,1636,1077
2681,89.51,boneka-asli,0.6238,4,685,533,1080
2682,89.55,boneka-dummy,0.8533,377,395,845,1073
2682,89.55,boneka-dummy,0.8183,985,479,1250,766
2682,89.55,boneka-asli,0.8174,1266,428,1534,783
2682,89.55,boneka-dummy,0.7186,1373,535,1666,914
2682,89.55,boneka-asli,0.6140,1301,854,1637,1077
2683,89.58,boneka-dummy,0.8698,380,390,857,1077
2683,89.58,boneka-asli,0.8120,1265,425,1531,780
2683,89.58,boneka-dummy,0.8047,991,480,1250,761
2683,89.58,boneka-asli,0.7015,1301,850,1634,1078
2683,89.58,boneka-dummy,0.6650,1376,526,1648,906
2683,89.58,boneka-asli,0.5253,10,683,500,1080
2684,89.61,boneka-dummy,0.8681,375,389,843,1071
2684,89.61,boneka-asli,0.8164,1264,425,1529,779
2684,89.61,boneka-dummy,0.8074,981,489,1248,757
2684,89.61,boneka-dummy,0.6826,1366,522,1657,902
2685,89.65,boneka-dummy,0.8459,373,386,848,1071
2685,89.65,boneka-dummy,0.8114,976,487,1249,754
2685,89.65,boneka-asli,0.7841,1262,424,1526,780
2685,89.65,boneka-dummy,0.6488,1368,520,1649,898
2686,89.68,boneka-dummy,0.8535,366,382,853,1070
2686,89.68,boneka-asli,0.8091,1259,423,1529,775
2686,89.68,boneka-dummy,0.7805,975,463,1246,755
2686,89.68,boneka-dummy,0.7208,1366,518,1647,897
2686,89.68,boneka-dummy,0.5535,741,421,974,847
2687,89.71,boneka-asli,0.8122,1256,424,1532,775
2687,89.71,boneka-dummy,0.7845,358,381,847,1069
2687,89.71,boneka-dummy,0.7088,974,411,1241,756
2687,89.71,boneka-dummy,0.6700,1360,524,1657,901
2687,89.71,boneka-dummy,0.5626,729,458,965,847
2688,89.75,boneka-dummy,0.8409,965,469,1238,756
2688,89.75,boneka-asli,0.8218,1253,424,1522,777
2688,89.75,boneka-dummy,0.7740,347,384,836,1076
2688,89.75,boneka-dummy,0.6748,1355,519,1653,903
2688,89.75,boneka-dummy,0.5615,732,389,960,849
2689,89.78,boneka-dummy,0.8470,959,492,1233,758
2689,89.78,boneka-asli,0.8238,1249,423,1518,781
2689,89.78,boneka-dummy,0.7587,340,380,858,1071
2689,89.78,boneka-dummy,0.6969,1353,525,1649,905
2689,89.78,boneka-asli,0.5377,455,383,957,663
2690,89.81,boneka-dummy,0.8334,962,481,1227,758
2690,89.81,boneka-asli,0.8282,1248,423,1513,775
2690,89.81,boneka-dummy,0.7784,326,389,817,1070
2690,89.81,boneka-dummy,0.7061,1348,522,1632,905
2690,89.81,boneka-asli,0.6067,0,657,465,1080
2691,89.85,boneka-dummy,0.8613,963,475,1220,761
2691,89.85,boneka-asli,0.8178,1237,424,1494,778
2691,89.85,boneka-dummy,0.7939,1342,531,1636,912
2691,89.85,boneka-dummy,0.7869,318,389,833,1068
2691,89.85,boneka-asli,0.6739,1263,864,1600,1077
2691,89.85,boneka-asli,0.5057,0,657,481,1080
2692,89.88,boneka-dummy,0.8384,956,454,1215,765
2692,89.88,boneka-asli,0.8289,1229,426,1498,782
2692,89.88,boneka-dummy,0.8076,302,391,796,1072
2692,89.88,boneka-dummy,0.7801,1337,544,1631,917
2692,89.88,boneka-asli,0.6590,1272,870,1580,1076
2692,89.88,boneka-asli,0.5391,0,665,437,1080
2693,89.91,boneka-asli,0.8449,1224,427,1492,784
2693,89.91,boneka-dummy,0.8350,943,469,1211,767
2693,89.91,boneka-dummy,0.7635,1332,572,1631,920
2693,89.91,boneka-dummy,0.7556,293,397,787,1079
2693,89.91,boneka-asli,0.5268,296,385,926,1080
2694,89.95,boneka-dummy,0.8727,940,480,1210,767
2694,89.95,boneka-asli,0.8414,1219,429,1487,786
2694,89.95,boneka-dummy,0.8141,285,397,776,1080
2694,89.95,boneka-dummy,0.6136,1327,563,1631,925
2695,89.98,boneka-dummy,0.8793,934,479,1209,771
2695,89.98,boneka-asli,0.8475,1218,429,1485,789
2695,89.98,boneka-dummy,0.7784,279,402,768,1080
2695,89.98,boneka-dummy,0.7615,1324,564,1624,929
2695,89.98,boneka-asli,0.5511,280,390,916,1080
2695,89.98,boneka-asli,0.5204,0,688,409,1080
2696,90.01,boneka-dummy,0.8709,934,469,1207,771
2696,90.01,boneka-asli,0.8191,1216,431,1486,790
2696,90.01,boneka-dummy,0.7913,276,402,766,1080
2696,90.01,boneka-dummy,0.7385,1324,532,1619,928
2696,90.01,boneka-asli,0.5747,0,683,394,1080
2696,90.01,boneka-asli,0.5147,277,390,914,1080
2697,90.05,boneka-dummy,0.8676,935,466,1207,772
2697,90.05,boneka-asli,0.8357,1214,431,1484,793
2697,90.05,boneka-dummy,0.7988,275,399,764,1080
2697,90.05,boneka-dummy,0.7482,1321,534,1617,930
2697,90.05,boneka-asli,0.5800,0,680,393,1080
2698,90.08,boneka-dummy,0.8658,936,481,1206,774
2698,90.08,boneka-asli,0.8227,1214,432,1481,793
2698,90.08,boneka-dummy,0.7958,274,400,765,1080
2698,90.08,boneka-dummy,0.7534,1324,533,1619,935
2699,90.11,boneka-dummy,0.8713,938,508,1207,772
2699,90.11,boneka-asli,0.8165,1216,433,1483,792
2699,90.11,boneka-dummy,0.7824,275,405,768,1080
2699,90.11,boneka-dummy,0.7424,1323,543,1617,933
2700,90.15,boneka-dummy,0.8752,939,503,1210,774
2700,90.15,boneka-asli,0.8444,1221,430,1485,791
2700,90.15,boneka-dummy,0.7761,1329,545,1627,933
2700,90.15,boneka-dummy,0.7731,280,407,771,1080
2700,90.15,boneka-asli,0.5210,282,396,906,1080
2700,90.15,boneka-asli,0.5199,841,701,1081,933
2701,90.18,boneka-asli,0.8685,1228,431,1485,791
2701,90.18,boneka-dummy,0.8517,940,475,1214,773
2701,90.18,boneka-dummy,0.8161,285,407,773,1080
2701,90.18,boneka-dummy,0.7949,1334,545,1629,939
2702,90.21,boneka-asli,0.8611,1234,431,1495,794
2702,90.21,boneka-dummy,0.8232,943,457,1224,779
2702,90.21,boneka-dummy,0.8042,1342,574,1639,940
2702,90.21,boneka-dummy,0.7997,299,398,787,1080
2703,90.25,boneka-asli,0.8479,1241,435,1485,794
2703,90.25,boneka-dummy,0.8332,307,400,799,1080
2703,90.25,boneka-dummy,0.8109,1346,539,1647,941
2703,90.25,boneka-dummy,0.8100,943,488,1230,783
2704,90.28,boneka-dummy,0.8623,307,403,801,1080
2704,90.28,boneka-asli,0.8199,1250,443,1536,805
2704,90.28,boneka-dummy,0.8142,948,483,1238,788
2704,90.28,boneka-dummy,0.8062,1354,561,1648,945
2704,90.28,boneka-asli,0.6593,857,708,1119,937
2705,90.31,boneka-dummy,0.8105,956,497,1244,788
2705,90.31,boneka-dummy,0.8071,316,406,821,1080
2705,90.31,boneka-dummy,0.8062,1363,555,1660,949
2705,90.31,boneka-asli,0.8056,1256,445,1540,806
2705,90.31,boneka-asli,0.6451,874,708,1134,947
2706,90.35,boneka-asli,0.8145,1272,450,1553,809
2706,90.35,boneka-dummy,0.8099,1371,587,1676,956
2706,90.35,boneka-dummy,0.8030,326,410,835,1080
2706,90.35,boneka-dummy,0.6424,974,498,1252,790
2706,90.35,boneka-asli,0.5618,1288,907,1663,1074
2706,90.35,boneka-dummy,0.5607,716,401,966,898
2707,90.38,boneka-dummy,0.8531,1385,578,1685,961
2707,90.38,boneka-asli,0.8427,1279,450,1546,809
2707,90.38,boneka-dummy,0.8075,343,414,852,1080
2707,90.38,boneka-dummy,0.7121,984,504,1262,794
2707,90.38,boneka-asli,0.6537,0,665,466,1080
2707,90.38,boneka-asli,0.6380,990,432,1258,795
2707,90.38,boneka-asli,0.6154,1303,911,1662,1074
2707,90.38,boneka-dummy,0.5846,724,409,974,899
2708,90.41,boneka-dummy,0.8774,356,428,850,1080
2708,90.41,boneka-asli,0.8416,1289,454,1549,817
2708,90.41,boneka-dummy,0.8146,994,460,1277,801
2708,90.41,boneka-dummy,0.7197,1400,574,1696,964
2708,90.41,boneka-asli,0.7089,0,653,472,1080
2709,90.45,boneka-dummy,0.8332,1013,545,1286,805
2709,90.45,boneka-asli,0.8199,1304,461,1587,821
2709,90.45,boneka-dummy,0.7708,374,426,865,1080
2709,90.45,boneka-dummy,0.7066,1411,570,1715,972
2709,90.45,boneka-asli,0.6835,920,721,1141,962
2709,90.45,boneka-asli,0.5984,0,657,477,1080
2710,90.48,boneka-asli,0.8699,1314,469,1584,827
2710,90.48,boneka-dummy,0.8384,391,434,876,1080
2710,90.48,boneka-dummy,0.7645,1423,582,1730,978
2710,90.48,boneka-dummy,0.6501,1021,546,1300,806
2710,90.48,boneka-asli,0.5370,393,421,1017,1080
2710,90.48,boneka-asli,0.5089,1021,459,1303,810
2711,90.51,boneka-asli,0.8954,1331,471,1584,836
2711,90.51,boneka-dummy,0.8670,407,436,894,1080
2711,90.51,boneka-dummy,0.7806,1040,538,1314,810
2711,90.51,boneka-dummy,0.7386,1441,574,1743,984
2711,90.51,boneka-asli,0.5021,948,739,1152,974
2712,90.55,boneka-dummy,0.8767,426,442,903,1080
2712,90.55,boneka-asli,0.8584,1345,475,1625,837
2712,90.55,boneka-dummy,0.8554,1052,472,1330,817
2712,90.55,boneka-dummy,0.7709,1456,585,1756,989
2712,90.55,boneka-asli,0.5777,0,665,534,1079
2713,90.58,boneka-asli,0.8454,1355,483,1645,844
2713,90.58,boneka-dummy,0.8415,1069,535,1349,828
2713,90.58,boneka-dummy,0.8290,461,455,932,1080
2713,90.58,boneka-dummy,0.7427,1475,631,1780,1001
2713,90.58,boneka-dummy,0.5512,846,447,1071,931
2713,90.58,boneka-asli,0.5197,0,675,549,1080
2714,90.61,boneka-dummy,0.8068,1085,543,1367,835
2714,90.61,boneka-asli,0.7938,1382,495,1660,858
2714,90.61,boneka-dummy,0.7642,467,457,948,1080
2714,90.61,boneka-dummy,0.7237,1498,601,1799,1011
2714,90.61,boneka-asli,0.5132,1367,962,1794,1075
2715,90.65,boneka-asli,0.8149,1403,504,1699,868
2715,90.65,boneka-dummy,0.6896,1120,569,1392,840
2715,90.65,boneka-dummy,0.5620,1522,617,1840,1024
2715,90.65,boneka-dummy,0.5400,520,475,981,1080
2716,90.68,boneka-dummy,0.8316,1158,587,1432,856
2716,90.68,boneka-asli,0.8201,1439,519,1745,880
2716,90.68,boneka-dummy,0.7768,1567,624,1877,1044
2716,90.68,boneka-asli,0.6252,567,479,1065,1080
2717,90.71,boneka-asli,0.7965,1478,528,1784,893
2717,90.71,boneka-dummy,0.6860,1608,644,1920,1062
2717,90.71,boneka-dummy,0.6537,1199,566,1468,872
2717,90.71,boneka-asli,0.6082,625,493,1172,1080
2718,90.75,boneka-asli,0.8337,1518,542,1833,913
2718,90.75,boneka-dummy,0.6904,1225,580,1513,888
2718,90.75,boneka-asli,0.6715,687,513,1230,1080
2718,90.75,boneka-asli,0.6081,1232,521,1508,892
2718,90.75,boneka-dummy,0.5978,1660,663,1918,1080
2719,90.78,boneka-asli,0.8288,1570,559,1896,930
2719,90.78,boneka-dummy,0.7925,1269,628,1563,905
2719,90.78,boneka-dummy,0.7453,1719,686,1919,1080
2719,90.78,boneka-asli,0.7112,772,538,1290,1080
2720,90.81,boneka-asli,0.8541,1627,567,1920,1042
2720,90.81,boneka-dummy,0.8414,1330,575,1621,923
2720,90.81,boneka-dummy,0.8092,1784,748,1919,1080
2720,90.81,boneka-asli,0.7832,841,550,1360,1080
2721,90.85,boneka-asli,0.8471,1694,593,1919,968
2721,90.85,boneka-dummy,0.8221,1407,651,1685,943
2721,90.85,boneka-asli,0.7536,939,570,1444,1080
2722,90.88,boneka-dummy,0.7944,1483,590,1767,967
2722,90.88,boneka-asli,0.6120,1066,590,1565,1080
2722,90.88,boneka-asli,0.5397,1769,629,1919,988
2723,90.91,boneka-dummy,0.7817,1591,703,1877,995
2723,90.91,boneka-dummy,0.6383,1176,629,1669,1080
2724,90.95,boneka-dummy,0.6788,1693,644,1919,1048
2724,90.95,boneka-dummy,0.6038,1307,653,1858,1080
2725,90.98,boneka-dummy,0.7539,1463,666,1919,1080
2726,91.01,boneka-asli,0.5242,1687,714,1920,1080
2769,92.45,boneka-dummy,0.5065,0,573,101,791
2770,92.48,boneka-dummy,0.6220,0,576,138,786
2771,92.52,boneka-dummy,0.6973,26,578,174,785
2772,92.55,boneka-dummy,0.7371,59,571,207,778
2773,92.58,boneka-dummy,0.7459,95,565,244,771
2774,92.62,boneka-asli,0.8154,131,558,272,759
2775,92.65,boneka-asli,0.8307,145,553,303,748
2776,92.68,boneka-asli,0.6314,187,545,321,738
2777,92.72,boneka-asli,0.8512,195,537,339,730
2778,92.75,boneka-asli,0.7084,220,526,356,712
2779,92.78,boneka-asli,0.7657,232,509,364,703
2780,92.82,boneka-asli,0.8114,241,492,374,688
2781,92.85,boneka-asli,0.8696,241,475,380,666
2782,92.88,boneka-asli,0.7907,242,465,383,658
2783,92.92,boneka-dummy,0.7404,236,457,385,639
2784,92.95,boneka-dummy,0.5520,247,449,385,630
2785,92.98,boneka-asli,0.6686,237,449,387,634
2786,93.02,boneka-asli,0.7241,243,449,385,633
2787,93.05,boneka-asli,0.7933,241,448,385,632
2788,93.08,boneka-asli,0.7723,244,450,386,630
2789,93.12,boneka-asli,0.7074,249,449,387,633
2790,93.15,boneka-asli,0.7865,246,456,387,630
2791,93.18,boneka-asli,0.7968,241,456,390,635
2792,93.22,boneka-asli,0.7477,249,458,385,631
2793,93.25,boneka-asli,0.7375,250,458,383,628
2794,93.28,boneka-asli,0.7961,246,458,384,627
2794,93.28,boneka-asli,0.5990,299,722,675,903
2795,93.32,boneka-asli,0.7873,248,458,377,625
2796,93.35,boneka-asli,0.7887,247,459,377,627
2797,93.38,boneka-asli,0.7803,235,459,375,628
2798,93.42,boneka-asli,0.7592,233,460,373,632
2799,93.45,boneka-asli,0.7583,227,457,369,634
2799,93.45,boneka-asli,0.5035,809,265,962,411
2800,93.49,boneka-asli,0.7967,214,457,352,629
2800,93.49,boneka-asli,0.5506,784,269,946,417
2801,93.52,boneka-asli,0.7993,218,459,357,639
2802,93.55,boneka-asli,0.8174,228,457,372,633
2803,93.59,boneka-asli,0.8199,232,450,389,618
2804,93.62,boneka-asli,0.7749,233,440,398,603
2805,93.65,boneka-asli,0.7851,253,430,413,590
2806,93.69,boneka-asli,0.7825,260,427,417,588
2807,93.72,boneka-asli,0.8081,251,431,406,580
2808,93.75,boneka-asli,0.7838,233,431,389,579
2809,93.79,boneka-asli,0.7984,224,434,375,596
2809,93.79,boneka-dummy,0.5089,0,433,534,925
2810,93.82,boneka-asli,0.7154,198,440,371,595
2811,93.85,boneka-asli,0.7439,187,449,343,593
2812,93.89,boneka-asli,0.7463,159,448,327,589
2813,93.92,boneka-asli,0.5944,136,444,306,588
2813,93.92,boneka-dummy,0.5758,882,509,1020,594
2813,93.92,boneka-dummy,0.5040,0,443,441,913
2814,93.95,boneka-dummy,0.7025,876,530,1012,601
2814,93.95,boneka-asli,0.6639,113,451,293,593
2815,93.99,boneka-asli,0.7016,98,466,279,618
2815,93.99,boneka-dummy,0.5770,826,536,971,610
2816,94.02,boneka-asli,0.7567,94,480,270,640
2816,94.02,boneka-dummy,0.5095,842,547,960,624
2817,94.05,boneka-asli,0.7552,91,498,267,661
2818,94.09,boneka-asli,0.8211,91,523,259,668
2819,94.12,boneka-asli,0.7956,90,540,263,680
2819,94.12,boneka-dummy,0.5705,857,614,992,684
2820,94.15,boneka-asli,0.8209,90,558,257,706
2820,94.15,boneka-dummy,0.6476,861,635,994,698
2820,94.15,boneka-dummy,0.5300,816,609,909,691
2821,94.19,boneka-asli,0.8043,88,572,262,725
2821,94.19,boneka-dummy,0.6481,840,648,995,719
2822,94.22,boneka-asli,0.7644,87,583,267,733
2822,94.22,boneka-dummy,0.6404,874,668,1001,737
2823,94.25,boneka-asli,0.7505,86,587,261,737
2823,94.25,boneka-dummy,0.5404,832,671,961,732
2825,94.32,boneka-asli,0.6406,72,610,256,754
2826,94.35,boneka-asli,0.5628,75,622,258,770
2827,94.39,boneka-asli,0.6757,61,641,243,789
2828,94.42,boneka-asli,0.7737,46,663,235,816
2828,94.42,boneka-dummy,0.5530,774,734,873,790
2829,94.45,boneka-asli,0.7084,36,675,232,830
2830,94.49,boneka-dummy,0.7357,765,762,866,821
2830,94.49,boneka-asli,0.6661,34,688,220,857
2830,94.49,boneka-dummy,0.5928,852,780,959,838
2832,94.55,boneka-dummy,0.5478,1308,168,1920,1080
2833,94.59,boneka-dummy,0.6477,1293,181,1920,1080
2835,94.65,boneka-dummy,0.6591,1299,199,1919,1069
2836,94.69,boneka-dummy,0.6187,1255,200,1919,1060
2837,94.72,boneka-dummy,0.6703,1336,205,1917,910
2838,94.75,boneka-dummy,0.5906,1386,210,1918,856
2841,94.85,boneka-dummy,0.6069,1364,209,1824,848
2843,94.92,boneka-dummy,0.5517,1388,199,1831,843
2847,95.05,boneka-asli,0.5990,1,917,444,1080
2872,95.89,boneka-asli,0.5542,113,909,662,1078
2883,96.26,boneka-asli,0.6105,4,0,356,289
2884,96.29,boneka-asli,0.5654,0,0,382,354
2889,96.46,boneka-dummy,0.6485,1619,316,1919,982
2890,96.49,boneka-dummy,0.5781,1582,329,1919,982
2893,96.59,boneka-dummy,0.5694,1633,485,1919,975
2906,97.02,boneka-asli,0.5996,0,396,135,940
2907,97.06,boneka-dummy,0.6737,1678,252,1919,893
2907,97.06,boneka-asli,0.6256,0,367,240,818
2909,97.12,boneka-dummy,0.7387,59,188,350,582
2910,97.16,boneka-dummy,0.8138,28,0,393,464
2912,97.22,boneka-dummy,0.5010,0,0,406,164
2915,97.32,boneka-dummy,0.5503,1478,96,1920,1080
2916,97.36,boneka-dummy,0.7623,1407,1,1920,1080
2917,97.39,boneka-asli,0.5576,1183,0,1920,1080
2918,97.42,boneka-asli,0.5799,0,701,758,1080
2920,97.49,boneka-dummy,0.5119,749,543,861,604
2921,97.52,boneka-dummy,0.6918,1456,578,1920,1080
2927,97.73,boneka-dummy,0.5394,1358,264,1523,465
2935,97.99,boneka-dummy,0.5046,224,147,804,797
2936,98.03,boneka-dummy,0.5418,199,154,779,792
2937,98.06,boneka-dummy,0.5309,1790,442,1919,953
2940,98.16,boneka-dummy,0.6077,139,509,386,795
2952,98.56,boneka-asli,0.5192,1573,737,1919,1052
2957,98.73,boneka-dummy,0.6238,1815,643,1920,840
2958,98.76,boneka-dummy,0.6660,1795,625,1920,839
2959,98.79,boneka-dummy,0.6830,1794,618,1920,872
2960,98.83,boneka-dummy,0.7743,1796,622,1919,890
2961,98.86,boneka-dummy,0.7813,1797,625,1919,901
2962,98.89,boneka-dummy,0.5883,1781,628,1920,913
2963,98.93,boneka-dummy,0.5350,1772,639,1919,944
2965,98.99,boneka-asli,0.6230,1681,677,1915,981
2966,99.03,boneka-asli,0.7661,1652,702,1858,1006
2966,99.03,boneka-dummy,0.5337,1807,698,1919,886
2967,99.06,boneka-asli,0.7396,1781,717,1919,904
2967,99.06,boneka-asli,0.6434,1644,733,1824,1029
2968,99.09,boneka-asli,0.6471,1738,734,1878,920
2968,99.09,boneka-asli,0.6090,1603,737,1773,1045
2968,99.09,boneka-dummy,0.5534,1844,795,1919,975
2969,99.13,boneka-asli,0.6977,1532,758,1722,1066
2969,99.13,boneka-dummy,0.6720,1798,811,1919,972
2969,99.13,boneka-dummy,0.5465,1683,746,1841,887
2970,99.16,boneka-asli,0.7355,1640,760,1799,927
2970,99.16,boneka-asli,0.6693,1487,762,1690,1080
2971,99.19,boneka-asli,0.8328,1598,770,1750,979
2971,99.19,boneka-asli,0.7450,1440,781,1635,1080
2971,99.19,boneka-dummy,0.6987,1704,843,1840,1000
2972,99.23,boneka-asli,0.8533,1553,785,1706,983
2972,99.23,boneka-asli,0.7897,1388,793,1588,1079
2973,99.26,boneka-asli,0.8012,1530,791,1679,986
2973,99.26,boneka-asli,0.7823,1354,802,1546,1076
2973,99.26,boneka-dummy,0.6889,1630,865,1768,1025
2974,99.29,boneka-asli,0.8666,1510,805,1654,985
2974,99.29,boneka-asli,0.7820,1343,809,1521,1078
2974,99.29,boneka-dummy,0.7272,1610,872,1736,1036
2975,99.33,boneka-asli,0.8319,1498,815,1638,1003
2975,99.33,boneka-dummy,0.7566,1600,886,1734,1056
2975,99.33,boneka-asli,0.6530,1313,820,1503,1080
2975,99.33,boneka-asli,0.6258,982,923,1366,1076
2976,99.36,boneka-asli,0.7869,1488,825,1628,1000
2976,99.36,boneka-dummy,0.7730,1591,896,1720,1073
2976,99.36,boneka-asli,0.7174,1308,828,1487,1080
2977,99.39,boneka-asli,0.8341,1477,832,1618,1004
2977,99.39,boneka-dummy,0.6887,1577,906,1705,1074
2977,99.39,boneka-asli,0.5489,1288,849,1478,1079
2978,99.43,boneka-asli,0.8804,1462,838,1615,1024
2978,99.43,boneka-dummy,0.6729,1566,912,1696,1079
2978,99.43,boneka-asli,0.6685,1279,848,1467,1080
2979,99.46,boneka-asli,0.8558,1456,845,1599,1060
2979,99.46,boneka-dummy,0.7092,1555,920,1681,1080
2979,99.46,boneka-asli,0.5202,1302,853,1455,1072
2980,99.49,boneka-asli,0.8616,1454,854,1598,1065
2980,99.49,boneka-dummy,0.6531,1551,928,1681,1080
2980,99.49,boneka-asli,0.6044,1284,857,1459,1050
2981,99.53,boneka-asli,0.8158,1455,852,1604,1072
2981,99.53,boneka-dummy,0.7822,1552,924,1686,1079
2981,99.53,boneka-asli,0.6278,1269,856,1464,1066
2982,99.56,boneka-dummy,0.6465,1562,928,1694,1080
2982,99.56,boneka-dummy,0.6208,1464,850,1618,1024
2982,99.56,boneka-asli,0.6052,1255,857,1469,1075
2983,99.59,boneka-asli,0.6985,1467,847,1624,1035
2983,99.59,boneka-dummy,0.5493,1568,919,1699,1080
2984,99.63,boneka-asli,0.7833,1479,839,1633,1034
2984,99.63,boneka-asli,0.6042,1257,854,1475,1080
2984,99.63,boneka-dummy,0.5196,1576,916,1709,1079
2985,99.66,boneka-asli,0.8143,1487,839,1638,1031
2985,99.66,boneka-dummy,0.6425,1583,917,1719,1079
2985,99.66,boneka-asli,0.5143,1264,865,1485,1079
2986,99.70,boneka-asli,0.7254,1489,839,1642,1025
2986,99.70,boneka-dummy,0.6608,1585,915,1722,1079
2987,99.73,boneka-asli,0.8453,1498,839,1653,1030
2987,99.73,boneka-dummy,0.7040,1595,916,1732,1080
2987,99.73,boneka-asli,0.6342,1373,845,1502,1026
2987,99.73,boneka-asli,0.5782,1263,876,1463,1079
2988,99.76,boneka-asli,0.8530,1506,840,1665,1043
2988,99.76,boneka-dummy,0.7724,1602,914,1738,1080
2988,99.76,boneka-asli,0.6513,1264,877,1465,1079
2988,99.76,boneka-asli,0.5718,1372,849,1513,1035
2989,99.80,boneka-asli,0.8321,1515,837,1668,1063
2989,99.80,boneka-dummy,0.6831,1608,917,1739,1080
2989,99.80,boneka-asli,0.6559,1268,876,1450,1079
2989,99.80,boneka-asli,0.5988,1383,845,1516,1034
2990,99.83,boneka-asli,0.8171,1514,839,1673,1068
2990,99.83,boneka-asli,0.6807,1264,878,1446,1080
2990,99.83,boneka-dummy,0.6435,1607,921,1735,1080
2990,99.83,boneka-dummy,0.5343,505,46,659,375
2991,99.86,boneka-asli,0.8323,1525,843,1678,1073
2991,99.86,boneka-dummy,0.6727,1621,932,1742,1080
2991,99.86,boneka-asli,0.5876,1281,890,1446,1076
2991,99.86,boneka-dummy,0.5494,1398,849,1521,1041
2992,99.90,boneka-asli,0.8299,1529,850,1690,1073
2992,99.90,boneka-dummy,0.5564,1625,937,1745,1080
2993,99.93,boneka-asli,0.8493,1545,853,1707,1069
2993,99.93,boneka-dummy,0.6064,1636,944,1780,1080
2993,99.93,boneka-asli,0.5057,1392,856,1538,1056
2994,99.96,boneka-asli,0.8489,1556,848,1715,1067
2994,99.96,boneka-asli,0.6437,1410,846,1552,1041
2994,99.96,boneka-dummy,0.6346,1658,940,1779,1080
2994,99.96,boneka-asli,0.5083,1295,889,1463,1077
2994,99.96,boneka-dummy,0.5056,1420,840,1554,1040
2995,100.00,boneka-asli,0.8476,1573,835,1739,1071
2995,100.00,boneka-asli,0.7614,1308,882,1478,1077
2995,100.00,boneka-dummy,0.6499,1430,842,1570,1032
2995,100.00,boneka-dummy,0.6025,1666,925,1809,1079
2996,100.03,boneka-asli,0.8300,1599,828,1767,1071
2996,100.03,boneka-asli,0.7939,1308,867,1495,1078
2996,100.03,boneka-dummy,0.7794,1455,823,1595,1031
2996,100.03,boneka-dummy,0.7427,1692,916,1831,1079
2997,100.06,boneka-asli,0.8327,1628,815,1806,1021
2997,100.06,boneka-asli,0.6435,1335,858,1535,1079
2997,100.06,boneka-dummy,0.6162,1466,822,1625,1018
2997,100.06,boneka-dummy,0.5703,1724,912,1869,1078
2998,100.10,boneka-asli,0.8330,1662,802,1844,1024
2998,100.10,boneka-asli,0.7176,1362,839,1563,1080
2998,100.10,boneka-dummy,0.6537,1499,797,1662,1005
2998,100.10,boneka-dummy,0.6528,1762,893,1918,1080
2999,100.13,boneka-asli,0.8276,1707,789,1895,1014
2999,100.13,boneka-dummy,0.7251,1543,781,1708,999
2999,100.13,boneka-asli,0.7203,1393,824,1594,1080
2999,100.13,boneka-dummy,0.6364,1803,881,1919,1076
3000,100.16,boneka-dummy,0.7694,1592,765,1774,986
3000,100.16,boneka-asli,0.7098,1414,805,1671,1078
3000,100.16,boneka-asli,0.6869,1747,762,1919,1071
3001,100.20,boneka-dummy,0.7598,1805,736,1920,978
3001,100.20,boneka-asli,0.5510,1449,772,1794,1080
3001,100.20,boneka-dummy,0.5277,1639,736,1822,962
3002,100.23,boneka-dummy,0.8342,1709,715,1887,950
3002,100.23,boneka-asli,0.7941,1495,749,1803,1080
3003,100.26,boneka-asli,0.7099,1561,717,1916,1080
3003,100.26,boneka-dummy,0.5421,1746,684,1918,954
3004,100.30,boneka-asli,0.8611,1626,707,1917,1080
3005,100.33,boneka-asli,0.6277,1685,701,1919,1080
3016,100.70,boneka-dummy,0.5513,1627,523,1919,1080
3017,100.73,boneka-asli,0.6315,1613,521,1920,1080
3019,100.80,boneka-dummy,0.6169,1800,445,1919,774
3019,100.80,boneka-dummy,0.5733,1529,497,1919,1080
3020,100.83,boneka-dummy,0.5958,1500,497,1912,1080
3020,100.83,boneka-dummy,0.5148,1759,434,1919,780
3021,100.86,boneka-dummy,0.7433,1748,477,1917,755
3021,100.86,boneka-dummy,0.6763,1454,489,1849,1080
3022,100.90,boneka-asli,0.8199,1412,490,1805,1080
3022,100.90,boneka-dummy,0.7618,1708,439,1918,753
3023,100.93,boneka-dummy,0.8325,1671,427,1917,750
3023,100.93,boneka-asli,0.5472,1356,493,1753,1080
3024,100.96,boneka-dummy,0.8644,1627,421,1915,764
3025,101.00,boneka-dummy,0.8626,1618,427,1882,762
3025,101.00,boneka-dummy,0.6845,974,878,1305,1080
3026,101.03,boneka-dummy,0.8721,1591,430,1858,763
3026,101.03,boneka-dummy,0.5453,921,906,1242,1080
3026,101.03,boneka-dummy,0.5328,1199,506,1630,1080
3027,101.06,boneka-dummy,0.8395,1549,444,1832,762
3027,101.06,boneka-asli,0.7566,1146,511,1567,1080
3027,101.06,boneka-dummy,0.6261,876,883,1203,1080
3027,101.06,boneka-dummy,0.6096,1824,459,1919,764
3028,101.10,boneka-dummy,0.8343,1507,452,1801,773
3028,101.10,boneka-dummy,0.7783,1802,462,1919,778
3029,101.13,boneka-dummy,0.8433,1484,476,1771,786
3029,101.13,boneka-dummy,0.6692,1781,471,1920,790
3029,101.13,boneka-asli,0.5789,1071,538,1510,1080
3030,101.16,boneka-dummy,0.8565,1457,467,1738,792
3030,101.16,boneka-asli,0.8109,1022,547,1489,1080
3030,101.16,boneka-asli,0.7709,1744,465,1919,803
3030,101.16,boneka-asli,0.6924,1459,464,1736,793
3031,101.20,boneka-asli,0.8650,1721,477,1919,819
3031,101.20,boneka-dummy,0.8591,1432,473,1712,805
3031,101.20,boneka-asli,0.8115,990,571,1447,1080
3031,101.20,boneka-dummy,0.7141,1818,687,1919,1016
3032,101.23,boneka-dummy,0.8431,1404,499,1686,819
3032,101.23,boneka-asli,0.8033,957,586,1424,1080
3032,101.23,boneka-asli,0.7912,1693,500,1919,838
3032,101.23,boneka-dummy,0.7016,1783,644,1919,1071
3033,101.26,boneka-dummy,0.8654,1370,511,1659,838
3033,101.26,boneka-asli,0.8294,895,609,1384,1080
3033,101.26,boneka-asli,0.8136,1659,520,1917,851
3033,101.26,boneka-dummy,0.8043,1744,673,1919,1080
3033,101.26,boneka-asli,0.5979,1374,512,1655,842
3034,101.30,boneka-dummy,0.8768,1716,706,1919,1080
3034,101.30,boneka-dummy,0.8548,1343,540,1630,855
3034,101.30,boneka-asli,0.8175,1631,534,1918,870
3034,101.30,boneka-asli,0.6321,850,630,1349,1080
3035,101.33,boneka-dummy,0.8553,1686,721,1918,1080
3035,101.33,boneka-asli,0.8316,1609,549,1899,889
3035,101.33,boneka-dummy,0.8166,1320,537,1604,872
3035,101.33,boneka-asli,0.8102,865,650,1317,1074
3035,101.33,boneka-asli,0.6375,1321,542,1601,874
3036,101.36,boneka-dummy,0.8539,1294,552,1580,887
3036,101.36,boneka-asli,0.8272,1586,566,1898,900
3036,101.36,boneka-asli,0.8093,823,665,1289,1080
3036,101.36,boneka-dummy,0.7579,1662,739,1918,1080
3036,101.36,boneka-asli,0.5390,1303,556,1575,891
3037,101.40,boneka-dummy,0.8752,1273,562,1559,904
3037,101.40,boneka-asli,0.8662,1570,569,1866,913
3037,101.40,boneka-asli,0.7318,775,673,1260,1080
3037,101.40,boneka-dummy,0.7199,1644,749,1918,1080
3037,101.40,boneka-asli,0.6138,1283,565,1547,909
3038,101.43,boneka-dummy,0.8676,1253,569,1545,908
3038,101.43,boneka-asli,0.8451,1546,576,1853,922
3038,101.43,boneka-dummy,0.8039,1627,758,1916,1080
3038,101.43,boneka-asli,0.5899,793,694,1237,1080
3039,101.46,boneka-asli,0.8695,1536,588,1842,939
3039,101.46,boneka-dummy,0.8654,1239,577,1529,926
3039,101.46,boneka-dummy,0.8072,1609,768,1920,1080
3039,101.46,boneka-asli,0.6411,884,705,1219,908
3039,101.46,boneka-asli,0.5573,169,787,796,1080
3040,101.50,boneka-dummy,0.8759,1225,588,1517,939
3040,101.50,boneka-asli,0.8541,1523,603,1831,953
3040,101.50,boneka-dummy,0.8456,1596,786,1918,1080
3040,101.50,boneka-asli,0.5302,839,713,1193,948
3041,101.53,boneka-asli,0.8650,1511,614,1823,965
3041,101.53,boneka-dummy,0.8587,1215,595,1503,949
3041,101.53,boneka-dummy,0.7455,1595,795,1902,1080
3041,101.53,boneka-asli,0.7094,1223,601,1497,954
3042,101.56,boneka-asli,0.8801,1488,627,1809,985
3042,101.56,boneka-dummy,0.8745,1195,610,1485,956
3042,101.56,boneka-dummy,0.7398,1583,815,1867,1080
3042,101.56,boneka-asli,0.5057,200,796,751,1080
3043,101.60,boneka-dummy,0.8869,1168,612,1463,976
3043,101.60,boneka-asli,0.8296,1462,641,1778,996
3043,101.60,boneka-dummy,0.6843,1582,832,1840,1080
3043,101.60,boneka-asli,0.6672,807,738,1131,1068
3043,101.60,boneka-asli,0.5996,670,922,919,1078
3044,101.63,boneka-asli,0.8887,1449,664,1772,1010
3044,101.63,boneka-dummy,0.8543,1155,634,1450,988
3044,101.63,boneka-dummy,0.6725,1536,864,1823,1079
3044,101.63,boneka-asli,0.6521,756,759,1101,1073
3044,101.63,boneka-asli,0.6083,1155,641,1446,989
3045,101.66,boneka-asli,0.8782,1439,678,1761,1043
3045,101.66,boneka-dummy,0.8635,1144,646,1436,1002
3045,101.66,boneka-asli,0.6488,1149,652,1417,1009
3046,101.70,boneka-dummy,0.9015,1131,654,1430,1013
3046,101.70,boneka-asli,0.8973,1435,687,1756,1058
3046,101.70,boneka-asli,0.6287,733,770,1068,1080
3046,101.70,boneka-dummy,0.6212,1553,894,1784,1080
3047,101.73,boneka-dummy,0.9036,1129,658,1425,1014
3047,101.73,boneka-asli,0.8788,1431,689,1754,1066
3047,101.73,boneka-dummy,0.5489,1558,892,1786,1080
3048,101.77,boneka-dummy,0.8871,1124,650,1425,1012
3048,101.77,boneka-asli,0.8851,1427,688,1759,1064
3048,101.77,boneka-dummy,0.6665,1554,894,1794,1080
3048,101.77,boneka-asli,0.5338,539,924,836,1079
3049,101.80,boneka-dummy,0.8678,1125,643,1429,1011
3049,101.80,boneka-asli,0.8235,1430,685,1769,1067
3049,101.80,boneka-dummy,0.7004,1540,891,1794,1080
3049,101.80,boneka-asli,0.6312,579,914,829,1079
3049,101.80,boneka-asli,0.5944,753,739,1065,979
3049,101.80,boneka-dummy,0.5291,1427,682,1779,1075
3050,101.83,boneka-dummy,0.8687,1126,640,1433,1009
3050,101.83,boneka-asli,0.8454,1433,682,1775,1065
3050,101.83,boneka-dummy,0.6194,1535,887,1800,1080
3050,101.83,boneka-asli,0.5853,492,894,844,1078
3050,101.83,boneka-asli,0.5818,720,728,1075,1072
3051,101.87,boneka-dummy,0.8609,1132,641,1443,1014
3051,101.87,boneka-asli,0.8173,1439,684,1772,1070
3051,101.87,boneka-dummy,0.6816,1553,891,1796,1080
3052,101.90,boneka-dummy,0.8673,1139,641,1449,1024
3052,101.90,boneka-asli,0.8127,1437,688,1805,1078
3052,101.90,boneka-dummy,0.7004,1563,893,1820,1080
3052,101.90,boneka-dummy,0.5740,1439,685,1813,1080
3052,101.90,boneka-asli,0.5026,523,882,849,1078
3053,101.93,boneka-dummy,0.8768,1134,649,1444,1033
3053,101.93,boneka-asli,0.8202,1443,703,1807,1079
3053,101.93,boneka-dummy,0.7060,1563,899,1813,1080
3053,101.93,boneka-dummy,0.5708,1439,699,1810,1080
3053,101.93,boneka-asli,0.5386,534,880,835,1078
3053,101.93,boneka-asli,0.5261,0,778,660,1080
3054,101.97,boneka-dummy,0.8801,1130,659,1444,1036
3054,101.97,boneka-asli,0.8299,1439,706,1803,1080
3054,101.97,boneka-dummy,0.6842,1562,903,1810,1080
3054,101.97,boneka-asli,0.5352,0,778,643,1080
3054,101.97,boneka-asli,0.5101,454,877,819,1078
3055,102.00,boneka-dummy,0.8648,1124,665,1441,1044
3055,102.00,boneka-asli,0.8531,1437,711,1806,1080
3055,102.00,boneka-asli,0.7068,514,867,803,1079
3055,102.00,boneka-asli,0.6343,716,713,1060,1080
3055,102.00,boneka-dummy,0.6300,1557,916,1797,1080
3055,102.00,boneka-asli,0.5985,1148,662,1430,1046
3056,102.03,boneka-dummy,0.8554,1124,695,1442,1056
3056,102.03,boneka-asli,0.7259,1436,714,1809,1080
3056,102.03,boneka-asli,0.6949,504,867,801,1078
3056,102.03,boneka-dummy,0.6818,1559,928,1805,1080
3056,102.03,boneka-asli,0.6634,708,711,1056,1080
3056,102.03,boneka-asli,0.6049,1127,664,1425,1058
3057,102.07,boneka-dummy,0.8640,1121,732,1443,1060
3057,102.07,boneka-asli,0.7967,1439,725,1809,1080
3057,102.07,boneka-asli,0.7245,685,711,1045,1080
3057,102.07,boneka-dummy,0.6422,1566,929,1787,1079
3057,102.07,boneka-asli,0.5965,488,857,782,1080
3057,102.07,boneka-asli,0.5096,1120,667,1419,1060
3058,102.10,boneka-dummy,0.8666,1117,711,1439,1070
3058,102.10,boneka-asli,0.7541,1435,723,1811,1080
3058,102.10,boneka-asli,0.6242,1114,669,1421,1065
3058,102.10,boneka-asli,0.6179,468,840,768,1080
3058,102.10,boneka-asli,0.5818,659,707,1041,1080
3058,102.10,boneka-dummy,0.5595,1557,930,1803,1080
3059,102.13,boneka-dummy,0.8602,1110,675,1442,1078
3059,102.13,boneka-asli,0.8098,1431,736,1807,1080
3059,102.13,boneka-asli,0.6826,680,708,1036,1080
3059,102.13,boneka-dummy,0.5389,1566,939,1786,1078
3060,102.17,boneka-dummy,0.8799,1101,675,1437,1080
3060,102.17,boneka-asli,0.8215,1432,747,1810,1080
3060,102.17,boneka-dummy,0.6131,399,825,720,1080
3061,102.20,boneka-dummy,0.8877,1094,696,1432,1080
3061,102.20,boneka-asli,0.7330,1432,759,1801,1080
3061,102.20,boneka-dummy,0.6820,1556,972,1772,1080
3061,102.20,boneka-asli,0.6125,625,713,992,1080
3061,102.20,boneka-dummy,0.5434,394,832,704,1080
3062,102.23,boneka-dummy,0.8584,1081,742,1413,1080
3062,102.23,boneka-asli,0.7696,1456,769,1812,1080
3062,102.23,boneka-asli,0.5946,357,833,671,1078
3063,102.27,boneka-asli,0.8807,1447,784,1806,1080
3063,102.27,boneka-dummy,0.8568,1070,708,1397,1080
3063,102.27,boneka-dummy,0.5412,593,726,962,1080
3064,102.30,boneka-dummy,0.8602,1062,727,1391,1080
3064,102.30,boneka-asli,0.8559,1456,795,1799,1080
3065,102.33,boneka-dummy,0.8614,1048,736,1389,1080
3065,102.33,boneka-asli,0.8584,1450,808,1791,1080
3065,102.33,boneka-dummy,0.5241,481,725,929,1080
3066,102.37,boneka-dummy,0.8602,1032,754,1373,1080
3066,102.37,boneka-asli,0.7570,1435,831,1779,1080
3066,102.37,boneka-asli,0.5377,34,828,543,1080
3067,102.40,boneka-dummy,0.7954,1024,778,1349,1080
3067,102.40,boneka-asli,0.6587,1433,859,1775,1078
3067,102.40,boneka-asli,0.6083,406,740,881,1080
3067,102.40,boneka-dummy,0.5655,1433,860,1773,1077
3068,102.43,boneka-asli,0.8310,1415,876,1768,1080
3068,102.43,boneka-dummy,0.8056,1025,792,1353,1080
3068,102.43,boneka-asli,0.6779,392,744,863,1080
3069,102.47,boneka-dummy,0.7866,1023,849,1351,1080
3069,102.47,boneka-asli,0.7818,1412,895,1767,1079
3069,102.47,boneka-asli,0.6653,0,827,432,1079
3069,102.47,boneka-asli,0.5350,1027,805,1330,1080
3070,102.50,boneka-asli,0.8190,1425,911,1772,1080
3070,102.50,boneka-asli,0.7424,0,810,417,1080
3070,102.50,boneka-dummy,0.7366,1024,906,1344,1080
3071,102.53,boneka-asli,0.7661,1413,914,1776,1080
3071,102.53,boneka-dummy,0.6243,670,0,1491,1080
3071,102.53,boneka-dummy,0.6027,306,733,818,1080
3071,102.53,boneka-dummy,0.5711,1016,928,1334,1080
3072,102.57,boneka-asli,0.7461,3,776,439,1080
3072,102.57,boneka-dummy,0.6933,705,0,1508,1080
3072,102.57,boneka-dummy,0.6216,1441,917,1784,1080
3072,102.57,boneka-dummy,0.5445,331,720,833,1080
3072,102.57,boneka-dummy,0.5140,901,0,1374,484
3073,102.60,boneka-dummy,0.7567,991,52,1392,533
3073,102.60,boneka-dummy,0.7302,782,156,1482,1080
3073,102.60,boneka-dummy,0.6488,1428,928,1802,1080
3073,102.60,boneka-dummy,0.5797,371,720,877,1080
3074,102.63,boneka-dummy,0.7811,810,313,1521,1080
3074,102.63,boneka-dummy,0.6724,0,734,502,1080
3074,102.63,boneka-dummy,0.6194,1057,152,1415,589
3074,102.63,boneka-asli,0.5758,1430,932,1814,1080
3074,102.63,boneka-asli,0.5670,65,749,491,1080
3075,102.67,boneka-dummy,0.7185,863,374,1497,1080
3075,102.67,boneka-dummy,0.6144,1,723,531,1080
3075,102.67,boneka-asli,0.6007,1442,958,1824,1080
3075,102.67,boneka-dummy,0.5546,1095,223,1432,639
3075,102.67,boneka-asli,0.5267,177,0,1542,1017
3076,102.70,boneka-dummy,0.8122,902,451,1477,1080
3076,102.70,boneka-dummy,0.6719,1150,296,1432,691
3076,102.70,boneka-dummy,0.6617,1,732,562,1080
3077,102.73,boneka-dummy,0.7945,0,714,585,1080
3077,102.73,boneka-dummy,0.7083,918,480,1521,1080
3077,102.73,boneka-dummy,0.6781,1170,348,1436,730
3077,102.73,boneka-dummy,0.6456,438,729,965,1080
3077,102.73,boneka-asli,0.5370,1488,990,1797,1080
3078,102.77,boneka-dummy,0.8256,0,705,599,1080
3078,102.77,boneka-dummy,0.7721,461,737,968,1080
3078,102.77,boneka-dummy,0.5843,947,506,1525,1080
3078,102.77,boneka-asli,0.5698,1484,1012,1800,1080
3078,102.77,boneka-asli,0.5135,170,732,594,1080
3079,102.80,boneka-dummy,0.8298,0,709,603,1080
3079,102.80,boneka-dummy,0.7847,474,749,982,1080
3079,102.80,boneka-asli,0.5061,290,0,1433,1005
3080,102.83,boneka-dummy,0.8537,0,716,608,1080
3080,102.83,boneka-dummy,0.8410,491,754,994,1080
3080,102.83,boneka-asli,0.5275,341,0,1530,1071
3080,102.83,boneka-dummy,0.5158,1021,576,1562,1080
3081,102.87,boneka-dummy,0.8779,0,731,621,1080
3081,102.87,boneka-dummy,0.8221,484,762,1003,1080
3082,102.90,boneka-dummy,0.6314,490,771,1008,1080
3083,102.93,boneka-dummy,0.5388,515,783,1011,1080
3084,102.97,boneka-dummy,0.5846,1,742,642,1080
3084,102.97,boneka-asli,0.5519,637,816,1001,1080
3084,102.97,boneka-asli,0.5312,204,777,627,1080
3085,103.00,boneka-asli,0.5490,600,827,1001,1080
3086,103.03,boneka-dummy,0.6466,1,770,651,1080
3086,103.03,boneka-asli,0.6430,650,832,1002,1080
3087,103.07,boneka-dummy,0.8348,1,773,630,1080
3088,103.10,boneka-dummy,0.8201,0,781,637,1080
3089,103.13,boneka-dummy,0.8082,0,773,620,1080
3089,103.13,boneka-dummy,0.5700,1259,816,1447,1080
3090,103.17,boneka-dummy,0.8066,1,799,628,1080
3090,103.17,boneka-dummy,0.6600,1231,860,1436,1080
3091,103.20,boneka-dummy,0.7926,1,808,635,1080
3091,103.20,boneka-dummy,0.5001,1213,846,1497,1080
3092,103.23,boneka-dummy,0.6754,1,814,637,1080
3093,103.27,boneka-dummy,0.5232,637,920,982,1080
3095,103.33,boneka-dummy,0.5563,0,871,666,1080
3102,103.57,boneka-asli,0.5133,135,0,1187,1069
3105,103.67,boneka-asli,0.5333,6,0,980,1071
3106,103.70,boneka-asli,0.5381,0,0,914,1080
3107,103.73,boneka-asli,0.6234,0,0,851,1080
3108,103.77,boneka-asli,0.6401,0,0,811,1071
3109,103.80,boneka-asli,0.6742,0,0,785,1063
3110,103.84,boneka-asli,0.7601,0,0,773,1057
3111,103.87,boneka-asli,0.7597,0,0,773,1047
3112,103.90,boneka-asli,0.7649,0,0,761,1036
3113,103.94,boneka-asli,0.7492,0,0,749,1044
3115,104.00,boneka-asli,0.6654,1,0,706,1019
3118,104.10,boneka-asli,0.5008,0,0,639,1046
3119,104.14,boneka-asli,0.6411,845,922,1322,1077
3120,104.17,boneka-asli,0.7311,835,876,1345,1079
3121,104.20,boneka-asli,0.7877,917,842,1370,1080
3121,104.20,boneka-asli,0.6640,1628,875,1874,1080
3122,104.24,boneka-asli,0.7981,917,820,1387,1080
3122,104.24,boneka-asli,0.5848,1637,842,1905,1080
3123,104.27,boneka-asli,0.8200,922,817,1407,1080
3123,104.27,boneka-dummy,0.7325,1636,814,1917,1080
3124,104.30,boneka-dummy,0.7763,1600,791,1919,1080
3124,104.30,boneka-asli,0.7556,857,822,1418,1080
3125,104.34,boneka-asli,0.6689,861,838,1457,1080
3125,104.34,boneka-dummy,0.5970,1592,774,1917,1080
3126,104.37,boneka-asli,0.7328,900,856,1461,1079
3126,104.37,boneka-dummy,0.5783,1627,762,1919,1080
3126,104.37,boneka-dummy,0.5736,1,530,703,1080
3127,104.40,boneka-dummy,0.7022,1661,746,1919,1080
3127,104.40,boneka-asli,0.6753,958,873,1479,1080
3127,104.40,boneka-asli,0.6318,302,786,619,1080
3127,104.40,boneka-dummy,0.5809,0,580,666,1080
3128,104.44,boneka-asli,0.7098,957,880,1493,1080
3128,104.44,boneka-dummy,0.7017,0,599,664,1080
3128,104.44,boneka-asli,0.6968,311,818,608,1079
3128,104.44,boneka-dummy,0.6824,1661,739,1919,1080
3129,104.47,boneka-dummy,0.7555,0,647,663,1080
3129,104.47,boneka-dummy,0.7045,1673,744,1919,1080
3129,104.47,boneka-asli,0.6561,960,911,1522,1078
3130,104.50,boneka-dummy,0.7147,0,678,665,1080
3130,104.50,boneka-dummy,0.6660,1682,749,1919,1080
3130,104.50,boneka-asli,0.5518,933,925,1552,1078
3131,104.54,boneka-dummy,0.7332,0,677,653,1080
3131,104.54,boneka-dummy,0.5490,1695,760,1919,1080
3131,104.54,boneka-asli,0.5085,955,968,1547,1077
3132,104.57,boneka-asli,0.7175,2,664,651,1080
3132,104.57,boneka-dummy,0.6179,1685,776,1920,1080
3133,104.60,boneka-asli,0.8153,1,641,613,1080
3133,104.60,boneka-dummy,0.7097,1700,789,1920,1080
3134,104.64,boneka-asli,0.7887,0,608,611,1080
3134,104.64,boneka-dummy,0.6532,1732,809,1919,1080
3135,104.67,boneka-asli,0.8550,0,592,605,1080
3135,104.67,boneka-dummy,0.6761,1691,818,1920,1080
3136,104.70,boneka-asli,0.7518,0,588,578,1080
3136,104.70,boneka-dummy,0.7440,1633,818,1917,1080
3137,104.74,boneka-dummy,0.7341,1626,807,1920,1080
3137,104.74,boneka-dummy,0.6146,0,586,512,1080
3137,104.74,boneka-asli,0.5555,0,575,511,1080
3138,104.77,boneka-dummy,0.7830,1594,792,1920,1080
3138,104.77,boneka-asli,0.6326,0,604,459,1080
3138,104.77,boneka-dummy,0.5062,0,612,452,1080
3139,104.80,boneka-dummy,0.6956,1587,763,1919,1080
3140,104.84,boneka-dummy,0.8131,1548,738,1918,1080
3140,104.84,boneka-dummy,0.5857,181,917,588,1080
3141,104.87,boneka-dummy,0.8253,1545,715,1919,1080
3141,104.87,boneka-asli,0.5801,841,914,1488,1077
3142,104.90,boneka-dummy,0.8501,1547,697,1919,1080
3142,104.90,boneka-asli,0.7300,909,886,1434,1078
3142,104.90,boneka-asli,0.6592,175,870,575,1077
3143,104.94,boneka-dummy,0.8509,1508,686,1914,1080
3143,104.94,boneka-asli,0.6902,884,875,1425,1079
3143,104.94,boneka-asli,0.5575,170,845,566,1078
3144,104.97,boneka-dummy,0.7866,1477,681,1857,1080
3144,104.97,boneka-asli,0.7558,823,871,1382,1079
3144,104.97,boneka-dummy,0.6597,154,840,560,1080
3145,105.00,boneka-dummy,0.8408,1460,676,1833,1080
3145,105.00,boneka-asli,0.7686,808,865,1342,1080
3145,105.00,boneka-dummy,0.6044,145,828,566,1078
3145,105.00,boneka-asli,0.5228,142,828,557,1076
3146,105.04,boneka-dummy,0.7908,1443,674,1855,1080
3146,105.04,boneka-asli,0.7904,814,861,1311,1078
3146,105.04,boneka-dummy,0.6899,138,815,553,1078
3147,105.07,boneka-dummy,0.8363,1428,670,1850,1080
3147,105.07,boneka-asli,0.7923,772,862,1295,1078
3148,105.10,boneka-dummy,0.8513,1414,665,1829,1080
3148,105.10,boneka-asli,0.8037,787,855,1276,1078
3148,105.10,boneka-asli,0.6235,132,811,546,1074
3149,105.14,boneka-dummy,0.8489,1401,661,1810,1080
3149,105.14,boneka-asli,0.8050,857,845,1273,1078
3149,105.14,boneka-dummy,0.6367,134,801,574,1078
3149,105.14,boneka-asli,0.5156,137,802,558,1076
3150,105.17,boneka-dummy,0.8647,1395,650,1794,1080
3150,105.17,boneka-asli,0.8268,905,842,1253,1078
3150,105.17,boneka-dummy,0.6306,130,793,567,1080
3151,105.20,boneka-dummy,0.8900,1389,647,1781,1080
3151,105.20,boneka-asli,0.7671,897,828,1258,1079
3151,105.20,boneka-dummy,0.6147,1784,696,1919,1080
3151,105.20,boneka-asli,0.5889,128,776,571,1080
3152,105.24,boneka-dummy,0.8873,1382,637,1774,1080
3152,105.24,boneka-asli,0.7828,890,823,1237,1080
3152,105.24,boneka-asli,0.7492,139,764,568,1080
3152,105.24,boneka-dummy,0.6136,1776,683,1919,1080
3152,105.24,boneka-dummy,0.5732,471,925,798,1076
3153,105.27,boneka-dummy,0.8814,1384,631,1774,1080
3153,105.27,boneka-asli,0.7633,886,814,1246,1080
3153,105.27,boneka-dummy,0.7496,1775,683,1919,1080
3153,105.27,boneka-dummy,0.5869,479,917,784,1077
3154,105.30,boneka-dummy,0.8671,1379,625,1771,1080
3154,105.30,boneka-dummy,0.7131,1773,678,1919,1080
3154,105.30,boneka-asli,0.7123,909,806,1245,1075
3154,105.30,boneka-dummy,0.6468,160,753,591,1080
3154,105.30,boneka-asli,0.5108,487,909,873,1075
3155,105.34,boneka-dummy,0.8641,1378,611,1768,1080
3155,105.34,boneka-asli,0.6666,904,800,1230,1071
3155,105.34,boneka-dummy,0.6398,167,743,590,1080
3155,105.34,boneka-asli,0.5862,1771,671,1919,1080
3156,105.37,boneka-dummy,0.8669,1377,604,1768,1062
3156,105.37,boneka-asli,0.6470,175,735,606,1080
3156,105.37,boneka-asli,0.6220,892,791,1254,1068
3156,105.37,boneka-asli,0.5762,1776,668,1919,1080
3157,105.40,boneka-dummy,0.8775,1378,600,1767,1057
3157,105.40,boneka-asli,0.6974,174,732,620,1080
3157,105.40,boneka-asli,0.5964,880,790,1239,1069
3157,105.40,boneka-asli,0.5450,1772,669,1919,1080
3158,105.44,boneka-dummy,0.8723,1377,601,1758,1050
3158,105.44,boneka-asli,0.5387,189,727,635,1080
3158,105.44,boneka-asli,0.5160,861,787,1262,1067
3159,105.47,boneka-dummy,0.8719,1374,622,1752,1044
3159,105.47,boneka-asli,0.6100,1755,657,1919,1067
3159,105.47,boneka-asli,0.5854,858,777,1280,1044
3159,105.47,boneka-dummy,0.5253,1753,661,1919,1072
3159,105.47,boneka-asli,0.5180,213,716,648,1080
3160,105.50,boneka-dummy,0.8723,1381,596,1753,1026
3160,105.50,boneka-asli,0.5990,224,705,649,1080
3160,105.50,boneka-asli,0.5586,1755,654,1919,1065
3160,105.50,boneka-dummy,0.5321,1754,659,1919,1067
3161,105.54,boneka-dummy,0.8691,1383,589,1752,1020
3161,105.54,boneka-asli,0.7069,226,695,664,1080
3161,105.54,boneka-dummy,0.6071,1756,656,1919,1056
3162,105.57,boneka-dummy,0.8693,1392,583,1750,1003
3162,105.57,boneka-asli,0.7074,252,689,681,1080
3163,105.60,boneka-dummy,0.8732,1397,570,1748,984
3163,105.60,boneka-asli,0.7156,271,671,695,1080
3163,105.60,boneka-dummy,0.5239,1753,633,1919,1019
3164,105.64,boneka-dummy,0.8591,1400,578,1746,969
3164,105.64,boneka-dummy,0.6392,1748,616,1919,1005
3164,105.64,boneka-asli,0.5927,766,955,1048,1078
3164,105.64,boneka-asli,0.5292,912,720,1309,1079
3165,105.67,boneka-dummy,0.8775,1398,550,1739,956
3165,105.67,boneka-asli,0.6027,907,704,1332,1080
3165,105.67,boneka-asli,0.5841,309,641,720,1080
3165,105.67,boneka-asli,0.5475,642,918,1102,1078
3165,105.67,boneka-asli,0.5459,1397,556,1735,960
3166,105.70,boneka-dummy,0.8484,1392,539,1729,947
3166,105.70,boneka-asli,0.6410,685,904,1096,1076
3166,105.70,boneka-dummy,0.6179,1735,578,1920,977
3166,105.70,boneka-asli,0.6145,319,628,725,1080
3167,105.74,boneka-dummy,0.8365,1384,532,1723,931
3167,105.74,boneka-asli,0.7002,801,874,1096,1077
3167,105.74,boneka-dummy,0.5182,317,609,732,1075
3168,105.77,boneka-dummy,0.8408,1382,520,1715,915
3168,105.77,boneka-asli,0.7830,332,603,726,1047
3168,105.77,boneka-asli,0.7124,1387,522,1715,919
3168,105.77,boneka-dummy,0.7001,1716,558,1920,947
3168,105.77,boneka-asli,0.6208,676,866,1102,1077
3169,105.81,boneka-dummy,0.8336,1374,546,1700,902
3169,105.81,boneka-asli,0.7888,1707,536,1919,930
3169,105.81,boneka-asli,0.7525,329,593,724,1032
3169,105.81,boneka-asli,0.7392,809,853,1110,1080
3169,105.81,boneka-asli,0.7317,1381,517,1693,907
3169,105.81,boneka-dummy,0.6335,926,648,1337,1080
3169,105.81,boneka-asli,0.6169,926,651,1335,1080
3169,105.81,boneka-dummy,0.5036,1786,810,1919,1077
3170,105.84,boneka-dummy,0.8761,1362,511,1687,896
3170,105.84,boneka-dummy,0.8627,931,644,1325,1080
3170,105.84,boneka-asli,0.7385,1689,532,1919,919
3170,105.84,boneka-asli,0.7185,911,642,1320,1080
3170,105.84,boneka-asli,0.6804,804,836,1101,1080
3170,105.84,boneka-dummy,0.5801,1767,786,1920,1076
3170,105.84,boneka-asli,0.5771,334,581,722,1004
3170,105.84,boneka-dummy,0.5348,306,952,565,1080
3170,105.84,boneka-dummy,0.5285,328,584,728,1019
3171,105.87,boneka-dummy,0.8669,1355,492,1672,882
3171,105.87,boneka-dummy,0.8291,954,632,1312,1080
3171,105.87,boneka-asli,0.7927,1677,523,1919,902
3171,105.87,boneka-asli,0.7840,756,821,1082,1079
3171,105.87,boneka-asli,0.7657,341,568,718,991
3171,105.87,boneka-dummy,0.5726,1739,737,1919,1080
3171,105.87,boneka-asli,0.5295,934,632,1310,1080
3172,105.91,boneka-dummy,0.8515,1341,493,1654,865
3172,105.91,boneka-asli,0.8182,334,556,717,980
3172,105.91,boneka-asli,0.8174,1659,515,1919,895
3172,105.91,boneka-dummy,0.7843,1722,722,1919,1080
3172,105.91,boneka-asli,0.7274,1368,499,1641,869
3172,105.91,boneka-asli,0.6687,801,806,1060,1076
3173,105.94,boneka-dummy,0.8477,915,604,1284,1072
3173,105.94,boneka-dummy,0.8359,1330,489,1641,858
3173,105.94,boneka-asli,0.8198,1644,507,1919,877
3173,105.94,boneka-dummy,0.7929,1704,703,1919,1080
3173,105.94,boneka-asli,0.7425,330,546,707,972
3173,105.94,boneka-asli,0.6406,1333,486,1635,860
3174,105.97,boneka-dummy,0.8661,1315,479,1623,858
3174,105.97,boneka-asli,0.8464,1630,499,1919,873
3174,105.97,boneka-dummy,0.8245,1682,694,1919,1080
3174,105.97,boneka-asli,0.8146,332,530,695,933
3174,105.97,boneka-dummy,0.6486,919,598,1259,1044
3174,105.97,boneka-asli,0.6423,916,602,1257,1036
3174,105.97,boneka-dummy,0.5553,330,530,697,935
3175,106.01,boneka-dummy,0.8885,1307,468,1606,839
3175,106.01,boneka-asli,0.8807,325,517,686,934
3175,106.01,boneka-dummy,0.8459,1661,682,1918,1080
3175,106.01,boneka-asli,0.8316,1614,486,1914,850
3175,106.01,boneka-asli,0.5626,915,581,1244,1013
3175,106.01,boneka-asli,0.5292,1308,468,1604,840
3176,106.04,boneka-dummy,0.8517,1293,454,1596,816
3176,106.04,boneka-dummy,0.8143,1645,683,1919,1080
3176,106.04,boneka-asli,0.7885,322,503,681,916
3176,106.04,boneka-asli,0.7253,1595,474,1886,845
3176,106.04,boneka-dummy,0.6304,902,567,1241,1004
3176,106.04,boneka-asli,0.5545,901,566,1238,1003
3177,106.07,boneka-dummy,0.8032,1283,443,1581,809
3177,106.07,boneka-dummy,0.7904,1626,666,1919,1080
3177,106.07,boneka-asli,0.7698,1588,468,1875,831
3177,106.07,boneka-asli,0.7104,1286,444,1579,811
3177,106.07,boneka-asli,0.6609,307,485,673,893
3177,106.07,boneka-dummy,0.5852,905,549,1235,991
3177,106.07,boneka-asli,0.5753,622,717,1026,1080
3177,106.07,boneka-asli,0.5747,900,553,1227,988
3177,106.07,boneka-dummy,0.5463,304,486,675,901
3178,106.11,boneka-dummy,0.8509,1271,432,1571,791
3178,106.11,boneka-dummy,0.8196,1607,647,1918,1076
3178,106.11,boneka-asli,0.8048,1576,449,1861,808
3178,106.11,boneka-asli,0.7813,310,469,668,861
3178,106.11,boneka-asli,0.6154,1275,425,1568,793
3178,106.11,boneka-dummy,0.5900,878,534,1210,965
3178,106.11,boneka-asli,0.5401,633,701,1015,1080
3178,106.11,boneka-asli,0.5289,877,536,1211,960
3179,106.14,boneka-dummy,0.8589,1266,408,1561,762
3179,106.14,boneka-dummy,0.8065,871,511,1203,939
3179,106.14,boneka-asli,0.7095,1560,435,1911,788
3179,106.14,boneka-dummy,0.6830,294,442,667,826
3179,106.14,boneka-asli,0.6814,296,444,663,829
3179,106.14,boneka-asli,0.5759,860,516,1197,936
3179,106.14,boneka-asli,0.5266,617,673,1011,1080
3180,106.17,boneka-dummy,0.8570,1260,431,1554,744
3180,106.17,boneka-asli,0.7851,298,422,648,807
3180,106.17,boneka-asli,0.7015,1560,423,1905,765
3180,106.17,boneka-asli,0.6018,858,491,1189,905
3180,106.17,boneka-asli,0.5470,1260,394,1550,746
3181,106.21,boneka-dummy,0.8639,1249,397,1545,728
3181,106.21,boneka-asli,0.7996,285,403,643,784
3181,106.21,boneka-asli,0.7670,1543,400,1855,752
3181,106.21,boneka-dummy,0.6745,855,470,1191,890
3181,106.21,boneka-asli,0.6526,842,470,1188,890
3181,106.21,boneka-dummy,0.6440,1570,592,1912,999
3182,106.24,boneka-asli,0.8922,282,384,635,800
3182,106.24,boneka-dummy,0.8361,570,596,985,1080
3182,106.24,boneka-asli,0.8180,1535,387,1866,741
3182,106.24,boneka-dummy,0.8019,1240,369,1532,717
3182,106.24,boneka-asli,0.6240,1244,370,1530,718
3182,106.24,boneka-dummy,0.6031,861,456,1181,879
3182,106.24,boneka-dummy,0.5184,1549,579,1911,984
3183,106.27,boneka-asli,0.8867,281,371,627,777
3183,106.27,boneka-dummy,0.8226,574,580,974,1080
3183,106.27,boneka-dummy,0.8016,841,443,1156,869
3183,106.27,boneka-dummy,0.7792,1230,353,1519,713
3183,106.27,boneka-asli,0.7752,1235,357,1513,715
3183,106.27,boneka-asli,0.7366,1523,379,1850,848
3183,106.27,boneka-dummy,0.6204,1543,564,1898,975
3184,106.31,boneka-dummy,0.8430,1221,372,1508,696
3184,106.31,boneka-dummy,0.8376,841,427,1157,858
3184,106.31,boneka-asli,0.8254,278,359,625,757
3184,106.31,boneka-dummy,0.8110,1532,550,1877,961
3184,106.31,boneka-dummy,0.7669,568,563,964,1079
3184,106.31,boneka-asli,0.7230,1221,342,1502,700
3184,106.31,boneka-asli,0.7109,1511,372,1838,714
3185,106.34,boneka-asli,0.8552,275,343,620,746
3185,106.34,boneka-dummy,0.8421,570,551,960,1079
3185,106.34,boneka-dummy,0.7637,823,412,1156,838
3185,106.34,boneka-asli,0.7532,1498,359,1817,703
3185,106.34,boneka-dummy,0.7526,1217,332,1500,689
3185,106.34,boneka-asli,0.7004,1216,330,1495,690
3185,106.34,boneka-dummy,0.5976,1523,541,1856,948
3186,106.37,boneka-asli,0.8613,281,335,619,742
3186,106.37,boneka-dummy,0.8426,1213,331,1496,678
3186,106.37,boneka-dummy,0.7759,565,537,955,1080
3186,106.37,boneka-asli,0.7701,1495,356,1818,697
3186,106.37,boneka-asli,0.7157,110,714,489,1080
3186,106.37,boneka-asli,0.6513,827,411,1141,819
3186,106.37,boneka-asli,0.6000,1214,327,1492,680
3186,106.37,boneka-dummy,0.5772,844,408,1148,835
3186,106.37,boneka-dummy,0.5274,1513,536,1856,935
3187,106.41,boneka-asli,0.8733,279,331,617,724
3187,106.41,boneka-dummy,0.8494,1208,332,1487,669
3187,106.41,boneka-dummy,0.7329,563,536,950,1077
3187,106.41,boneka-dummy,0.6918,1504,533,1845,926
3187,106.41,boneka-asli,0.6891,1490,346,1815,695
3187,106.41,boneka-asli,0.6458,823,404,1139,812
3187,106.41,boneka-asli,0.6213,1210,326,1485,670
3187,106.41,boneka-dummy,0.5821,834,401,1144,818
3187,106.41,boneka-asli,0.5761,109,707,488,1080
3188,106.44,boneka-asli,0.8681,280,327,618,731
3188,106.44,boneka-dummy,0.8397,1204,328,1485,669
3188,106.44,boneka-dummy,0.7754,558,528,950,1072
3188,106.44,boneka-asli,0.7209,1486,346,1811,690
3188,106.44,boneka-asli,0.6786,112,698,476,1080
3188,106.44,boneka-asli,0.6554,1205,325,1482,670
3188,106.44,boneka-dummy,0.6437,837,399,1143,814
3188,106.44,boneka-asli,0.6099,821,401,1137,810
3188,106.44,boneka-dummy,0.5905,1499,530,1840,921
3189,106.47,boneka-asli,0.8861,281,326,615,719
3189,106.47,boneka-dummy,0.8357,1198,322,1479,665
3189,106.47,boneka-asli,0.7751,1480,345,1801,683
3189,106.47,boneka-dummy,0.7454,1495,518,1839,918
3189,106.47,boneka-dummy,0.6487,556,521,946,1066
3189,106.47,boneka-asli,0.6411,113,688,499,1080
3189,106.47,boneka-asli,0.6370,1201,322,1477,666
3189,106.47,boneka-asli,0.5787,815,398,1134,802
3190,106.51,boneka-asli,0.8766,275,324,612,713
3190,106.51,boneka-dummy,0.7698,1487,522,1817,915
3190,106.51,boneka-asli,0.7499,1197,322,1472,662
3190,106.51,boneka-asli,0.7219,1472,345,1789,684
3190,106.51,boneka-dummy,0.6950,1194,321,1472,661
3190,106.51,boneka-asli,0.6419,815,398,1132,802
3190,106.51,boneka-asli,0.5928,111,682,500,1080
3190,106.51,boneka-dummy,0.5031,551,522,939,1062
3191,106.54,boneka-asli,0.8595,275,328,606,718
3191,106.54,boneka-dummy,0.7764,1191,324,1458,665
3191,106.54,boneka-asli,0.7450,1194,326,1457,666
3191,106.54,boneka-dummy,0.7132,1474,530,1818,917
3191,106.54,boneka-asli,0.6579,810,402,1113,805
3191,106.54,boneka-asli,0.6327,107,664,478,1080
3191,106.54,boneka-dummy,0.6307,535,533,936,1078
3191,106.54,boneka-asli,0.5119,222,667,491,914
3192,106.57,boneka-dummy,0.8660,1181,328,1456,668
3192,106.57,boneka-asli,0.8492,266,333,603,721
3192,106.57,boneka-dummy,0.7091,829,407,1108,810
3192,106.57,boneka-dummy,0.6342,532,540,923,1060
3192,106.57,boneka-asli,0.5954,812,413,1103,807
3192,106.57,boneka-dummy,0.5251,1467,539,1804,922
3192,106.57,boneka-asli,0.5248,1643,585,1918,1080
3192,106.57,boneka-asli,0.5131,1455,358,1762,693
3193,106.61,boneka-asli,0.8524,265,339,594,726
3193,106.61,boneka-dummy,0.8335,1177,333,1451,670
3193,106.61,boneka-dummy,0.7983,534,553,921,1049
3193,106.61,boneka-asli,0.7549,1453,365,1767,692
3193,106.61,boneka-dummy,0.7474,828,414,1106,815
3193,106.61,boneka-asli,0.6330,1177,330,1448,671
3193,106.61,boneka-asli,0.5720,1646,574,1918,1080
3193,106.61,boneka-asli,0.5652,812,421,1100,809
3194,106.64,boneka-asli,0.8879,256,347,591,735
3194,106.64,boneka-asli,0.8465,102,668,473,1080
3194,106.64,boneka-asli,0.7785,1173,335,1443,679
3194,106.64,boneka-dummy,0.7613,530,559,917,1045
3194,106.64,boneka-dummy,0.7050,810,420,1102,827
3194,106.64,boneka-dummy,0.6926,1454,556,1785,933
3194,106.64,boneka-asli,0.6463,1451,374,1763,752
3194,106.64,boneka-asli,0.6034,1639,623,1918,1080
3194,106.64,boneka-dummy,0.5674,1171,368,1448,676
3194,106.64,boneka-asli,0.5425,785,424,1099,817
3195,106.67,boneka-asli,0.8856,258,356,588,742
3195,106.67,boneka-dummy,0.8475,525,570,914,1061
3195,106.67,boneka-asli,0.8133,102,715,470,1080
3195,106.67,boneka-dummy,0.7830,1166,395,1442,685
3195,106.67,boneka-asli,0.7328,1167,347,1440,685
3195,106.67,boneka-asli,0.7325,1442,376,1755,694
3195,106.67,boneka-dummy,0.6697,1448,550,1772,941
3195,106.67,boneka-dummy,0.6267,802,432,1095,829
3196,106.71,boneka-asli,0.8749,253,363,584,748
3196,106.71,boneka-dummy,0.8540,1165,360,1436,692
3196,106.71,boneka-dummy,0.8177,1445,565,1763,955
3196,106.71,boneka-asli,0.7777,1437,385,1750,720
3196,106.71,boneka-asli,0.7484,1166,355,1432,695
3196,106.71,boneka-dummy,0.6831,526,580,900,1077
3196,106.71,boneka-dummy,0.6407,808,442,1090,836
3197,106.74,boneka-asli,0.8903,246,374,582,756
3197,106.74,boneka-dummy,0.8529,1159,365,1430,699
3197,106.74,boneka-dummy,0.8077,521,591,897,1080
3197,106.74,boneka-dummy,0.7627,1438,579,1763,961
3197,106.74,boneka-asli,0.7505,1168,367,1425,707
3197,106.74,boneka-asli,0.7123,94,710,434,1080
3197,106.74,boneka-asli,0.6943,1430,394,1735,725
3197,106.74,boneka-dummy,0.5457,785,448,1084,850
3198,106.77,boneka-dummy,0.8767,1151,376,1423,710
3198,106.77,boneka-asli,0.8703,243,382,577,770
3198,106.77,boneka-asli,0.8346,92,706,430,1080
3198,106.77,boneka-dummy,0.7929,519,597,893,1079
3198,106.77,boneka-dummy,0.7766,1427,589,1749,967
3198,106.77,boneka-asli,0.6405,764,464,1079,856
3198,106.77,boneka-asli,0.6100,1429,400,1731,954
3198,106.77,boneka-asli,0.5822,1164,375,1407,713
3199,106.81,boneka-dummy,0.8821,1147,377,1411,711
3199,106.81,boneka-asli,0.8424,243,388,573,767
3199,106.81,boneka-dummy,0.8235,515,610,875,1076
3199,106.81,boneka-asli,0.7070,765,470,1072,858
3199,106.81,boneka-asli,0.6857,1416,405,1721,728
3199,106.81,boneka-dummy,0.6447,1420,594,1761,974
3199,106.81,boneka-asli,0.5453,1596,690,1916,1080
3200,106.84,boneka-dummy,0.8860,497,613,872,1077
3200,106.84,boneka-asli,0.8755,235,398,568,782
3200,106.84,boneka-dummy,0.8630,1141,381,1404,716
3200,106.84,boneka-asli,0.8365,1596,661,1918,1080
3200,106.84,boneka-asli,0.7895,1411,406,1717,972
3200,106.84,boneka-dummy,0.7014,765,469,1057,863
3200,106.84,boneka-asli,0.6897,740,472,1051,862
3200,106.84,boneka-dummy,0.5531,1408,593,1736,976
3201,106.87,boneka-asli,0.8940,229,399,553,789
3201,106.87,boneka-dummy,0.8806,483,613,865,1078
3201,106.87,boneka-dummy,0.8496,1130,385,1400,716
3201,106.87,boneka-asli,0.7642,1577,694,1917,1080
3201,106.87,boneka-dummy,0.7561,1397,592,1740,983
3201,106.87,boneka-asli,0.7448,1399,419,1718,980
3201,106.87,boneka-asli,0.6589,52,739,424,1080
3201,106.87,boneka-asli,0.6224,753,475,1051,881
3201,106.87,boneka-dummy,0.5478,769,474,1053,879
3202,106.91,boneka-asli,0.8761,217,402,546,785
3202,106.91,boneka-dummy,0.8113,480,617,855,1080
3202,106.91,boneka-asli,0.7235,1393,417,1707,981
3202,106.91,boneka-asli,0.7046,724,478,1044,882
3202,106.91,boneka-dummy,0.6988,1120,390,1390,718
3202,106.91,boneka-asli,0.6963,1123,385,1389,721
3202,106.91,boneka-asli,0.5263,1572,664,1916,1080
3203,106.94,boneka-asli,0.8956,213,404,540,788
3203,106.94,boneka-dummy,0.7919,478,620,851,1080
3203,106.94,boneka-asli,0.7564,1120,384,1385,720
3203,106.94,boneka-asli,0.6657,721,484,1044,877
3203,106.94,boneka-asli,0.6612,1387,421,1688,755
3203,106.94,boneka-dummy,0.6418,1120,393,1387,718
3203,106.94,boneka-asli,0.6417,1568,667,1917,1080
3203,106.94,boneka-dummy,0.5716,1385,608,1701,986
3203,106.94,boneka-asli,0.5676,1582,626,1894,896
3204,106.97,boneka-asli,0.8894,211,404,537,777
3204,106.97,boneka-dummy,0.8562,475,619,848,1080
3204,106.97,boneka-asli,0.7435,1117,382,1380,720
3204,106.97,boneka-asli,0.7003,725,484,1038,874
3204,106.97,boneka-dummy,0.6930,1116,398,1381,720
3204,106.97,boneka-dummy,0.5761,1375,615,1697,982
3204,106.97,boneka-asli,0.5674,31,743,403,1080
3204,106.97,boneka-asli,0.5055,1389,420,1681,774
3205,107.01,boneka-asli,0.8918,204,404,534,785
3205,107.01,boneka-dummy,0.8703,469,619,841,1080
3205,107.01,boneka-dummy,0.7544,1109,396,1378,716
3205,107.01,boneka-asli,0.6973,725,482,1031,884
3205,107.01,boneka-asli,0.6800,1112,384,1377,717
3205,107.01,boneka-asli,0.6687,1574,631,1864,888
3205,107.01,boneka-dummy,0.6404,1370,612,1690,983
3205,107.01,boneka-asli,0.5546,1457,418,1664,744
3205,107.01,boneka-asli,0.5051,31,742,370,1080
3206,107.04,boneka-asli,0.8865,198,404,531,779
3206,107.04,boneka-dummy,0.8407,1103,392,1366,716
3206,107.04,boneka-dummy,0.8157,463,618,837,1080
3206,107.04,boneka-asli,0.7068,733,481,1023,878
3206,107.04,boneka-dummy,0.6942,1365,599,1687,982
3206,107.04,boneka-asli,0.6936,25,722,381,1080
3206,107.04,boneka-asli,0.6035,1366,420,1670,767
3207,107.07,boneka-asli,0.8835,197,402,528,783
3207,107.07,boneka-dummy,0.8407,1100,389,1363,717
3207,107.07,boneka-dummy,0.7594,1360,595,1681,980
3207,107.07,boneka-asli,0.7232,22,727,394,1080
3207,107.07,boneka-dummy,0.6763,456,622,833,1080
3207,107.07,boneka-asli,0.6719,1364,420,1669,802
3207,107.07,boneka-asli,0.6718,711,480,1018,883
3208,107.11,boneka-asli,0.8828,195,402,528,784
3208,107.11,boneka-dummy,0.7675,457,620,832,1080
3208,107.11,boneka-asli,0.7275,1362,423,1666,975
3208,107.11,boneka-dummy,0.6763,1357,596,1677,980
3208,107.11,boneka-dummy,0.6683,1099,388,1361,719
3208,107.11,boneka-asli,0.6638,1103,383,1358,719
3208,107.11,boneka-asli,0.5525,22,723,383,1080
3208,107.11,boneka-asli,0.5520,715,481,1010,879
3208,107.11,boneka-asli,0.5494,1562,621,1838,883
3209,107.14,boneka-asli,0.8830,195,404,526,782
3209,107.14,boneka-dummy,0.8417,1094,396,1357,718
3209,107.14,boneka-asli,0.8367,1358,420,1662,975
3209,107.14,boneka-dummy,0.8037,457,621,825,1080
3209,107.14,boneka-dummy,0.6732,1353,601,1682,979
3209,107.14,boneka-asli,0.6718,21,719,382,1080
3209,107.14,boneka-asli,0.5672,715,482,1011,882
3210,107.17,boneka-asli,0.8865,194,407,525,790
3210,107.17,boneka-asli,0.8749,1354,422,1658,975
3210,107.17,boneka-dummy,0.8584,456,636,828,1080
3210,107.17,boneka-dummy,0.7940,1093,437,1356,717
3210,107.17,boneka-dummy,0.5968,728,488,1009,872
3210,107.17,boneka-asli,0.5727,1546,629,1845,890
3210,107.17,boneka-asli,0.5721,23,715,375,1080
3210,107.17,boneka-asli,0.5570,1097,389,1351,720
3211,107.21,boneka-asli,0.8697,193,412,523,780
3211,107.21,boneka-asli,0.8689,1352,422,1656,977
3211,107.21,boneka-dummy,0.8494,454,639,828,1080
3211,107.21,boneka-dummy,0.7671,1090,444,1352,720
3211,107.21,boneka-asli,0.6329,1092,396,1348,723
3211,107.21,boneka-asli,0.5032,700,495,1005,881
3212,107.24,boneka-asli,0.8720,195,419,523,794
3212,107.24,boneka-dummy,0.8311,1086,441,1351,733
3212,107.24,boneka-dummy,0.8173,452,643,824,1080
3212,107.24,boneka-asli,0.7505,1346,430,1640,764
3212,107.24,boneka-asli,0.6263,1089,402,1345,734
3212,107.24,boneka-dummy,0.6087,1349,622,1644,992
3212,107.24,boneka-asli,0.5896,709,499,1001,883
3213,107.27,boneka-asli,0.8837,192,422,522,807
3213,107.27,boneka-dummy,0.8834,450,650,824,1080
3213,107.27,boneka-dummy,0.8529,1086,403,1344,732
3213,107.27,boneka-dummy,0.7570,1344,635,1643,996
3213,107.27,boneka-asli,0.7541,1366,434,1638,778
3213,107.27,boneka-asli,0.6629,713,507,999,884
3213,107.27,boneka-asli,0.6433,1088,406,1341,733
3213,107.27,boneka-asli,0.5699,1549,645,1817,905
3213,107.27,boneka-dummy,0.5367,711,507,996,884
3213,107.27,boneka-asli,0.5127,1519,699,1881,1080
3214,107.31,boneka-asli,0.8792,193,423,522,803
3214,107.31,boneka-dummy,0.8791,1085,403,1345,731
3214,107.31,boneka-dummy,0.8638,448,659,821,1080
3214,107.31,boneka-dummy,0.7722,1344,636,1638,997
3214,107.31,boneka-asli,0.7498,1345,439,1640,775
3214,107.31,boneka-asli,0.6525,708,510,1002,884
3214,107.31,boneka-dummy,0.5375,710,509,1001,886
3214,107.31,boneka-asli,0.5332,1546,636,1827,907
3215,107.34,boneka-asli,0.8875,192,425,523,808
3215,107.34,boneka-dummy,0.8565,1081,406,1343,736
3215,107.34,boneka-dummy,0.8018,445,662,816,1080
3215,107.34,boneka-asli,0.7500,713,515,1003,889
3215,107.34,boneka-asli,0.7082,1085,409,1339,738
3215,107.34,boneka-asli,0.7001,1342,439,1635,787
3215,107.34,boneka-dummy,0.6759,1339,639,1639,1000
3216,107.37,boneka-asli,0.8909,192,425,522,803
3216,107.37,boneka-dummy,0.8578,1078,406,1340,734
3216,107.37,boneka-dummy,0.8036,444,662,816,1080
3216,107.37,boneka-asli,0.7681,712,514,1002,889
3216,107.37,boneka-dummy,0.7215,1338,633,1645,1000
3216,107.37,boneka-asli,0.7122,1082,409,1336,735
3216,107.37,boneka-asli,0.6382,1345,437,1644,1003
3217,107.41,boneka-asli,0.8935,192,426,521,810
3217,107.41,boneka-dummy,0.8365,1076,407,1339,736
3217,107.41,boneka-asli,0.7907,711,516,1001,890
3217,107.41,boneka-dummy,0.7686,444,665,811,1080
3217,107.41,boneka-asli,0.7611,1080,410,1335,737
3217,107.41,boneka-dummy,0.7006,1334,640,1632,1000
3217,107.41,boneka-asli,0.6415,1339,442,1629,785
3217,107.41,boneka-asli,0.5508,444,668,808,1080
3218,107.44,boneka-asli,0.8935,190,427,521,803
3218,107.44,boneka-dummy,0.8787,1075,407,1338,739
3218,107.44,boneka-asli,0.7907,693,519,998,892
3218,107.44,boneka-dummy,0.7535,1333,643,1636,1002
3218,107.44,boneka-dummy,0.7455,443,672,815,1080
3218,107.44,boneka-asli,0.6644,1078,412,1334,740
3218,107.44,boneka-asli,0.6311,1340,440,1636,1003
3218,107.44,boneka-asli,0.5021,22,609,400,1080
3219,107.47,boneka-asli,0.8934,193,426,521,808
3219,107.47,boneka-dummy,0.8377,1074,406,1336,731
3219,107.47,boneka-asli,0.8081,713,517,998,892
3219,107.47,boneka-asli,0.7564,1076,409,1332,733
3219,107.47,boneka-dummy,0.7534,448,673,813,1080
3219,107.47,boneka-asli,0.6748,1339,436,1627,1001
3219,107.47,boneka-dummy,0.6306,1331,640,1628,1000
3219,107.47,boneka-asli,0.5987,452,673,804,1080
3220,107.51,boneka-asli,0.8881,192,424,521,807
3220,107.51,boneka-dummy,0.8589,1072,404,1338,730
3220,107.51,boneka-asli,0.7838,709,516,996,887
3220,107.51,boneka-dummy,0.7640,448,672,813,1080
3220,107.51,boneka-asli,0.7553,1336,438,1630,994
3220,107.51,boneka-asli,0.6664,1075,407,1334,732
3220,107.51,boneka-dummy,0.6250,1329,636,1628,1000
3220,107.51,boneka-asli,0.5458,453,671,807,1080
3221,107.54,boneka-asli,0.8972,191,424,523,816
3221,107.54,boneka-dummy,0.8531,1073,402,1337,731
3221,107.54,boneka-asli,0.7573,705,516,996,883
3221,107.54,boneka-asli,0.7534,1337,432,1630,1002
3221,107.54,boneka-dummy,0.7520,450,672,811,1080
3221,107.54,boneka-asli,0.6071,1076,404,1334,732
3221,107.54,boneka-dummy,0.6028,1328,634,1626,1000
3221,107.54,boneka-asli,0.5929,454,671,804,1080
3222,107.57,boneka-asli,0.8946,193,423,523,811
3222,107.57,boneka-asli,0.7993,700,516,998,883
3222,107.57,boneka-dummy,0.7533,1073,401,1335,723
3222,107.57,boneka-dummy,0.7359,451,673,812,1080
3222,107.57,boneka-asli,0.7291,1337,428,1632,1004
3222,107.57,boneka-asli,0.7247,1075,403,1333,727
3222,107.57,boneka-dummy,0.5830,1328,632,1633,1000
3222,107.57,boneka-asli,0.5432,454,673,809,1080
3223,107.61,boneka-asli,0.8825,193,420,523,802
3223,107.61,boneka-asli,0.7880,1078,402,1333,724
3223,107.61,boneka-asli,0.7387,1338,423,1629,996
3223,107.61,boneka-asli,0.7382,689,515,1000,882
3223,107.61,boneka-dummy,0.7167,451,671,814,1080
3223,107.61,boneka-dummy,0.6876,1330,633,1633,999
3223,107.61,boneka-dummy,0.6237,1075,399,1336,721
3223,107.61,boneka-asli,0.5850,451,673,812,1080
3224,107.64,boneka-asli,0.8821,192,421,524,802
3224,107.64,boneka-asli,0.7924,1076,400,1334,721
3224,107.64,boneka-dummy,0.7731,451,672,813,1080
3224,107.64,boneka-asli,0.7712,1337,423,1629,998
3224,107.64,boneka-asli,0.7537,688,516,1001,882
3224,107.64,boneka-dummy,0.5748,1074,401,1337,718
3224,107.64,boneka-dummy,0.5634,1329,632,1624,1000
3225,107.67,boneka-asli,0.8805,192,421,522,797
3225,107.67,boneka-dummy,0.7955,1071,419,1337,720
3225,107.67,boneka-asli,0.7934,685,515,998,882
3225,107.67,boneka-asli,0.7859,1336,424,1630,1001
3225,107.67,boneka-dummy,0.7081,449,677,812,1080
3225,107.67,boneka-dummy,0.6823,1329,636,1634,1000
3225,107.67,boneka-asli,0.6446,1074,400,1334,723
3225,107.67,boneka-asli,0.6064,446,679,810,1080
3226,107.71,boneka-asli,0.8804,192,422,519,793
3226,107.71,boneka-asli,0.8009,678,514,996,885
3226,107.71,boneka-dummy,0.7944,1331,636,1631,1002
3226,107.71,boneka-asli,0.7609,1074,398,1336,726
3226,107.71,boneka-asli,0.7493,1340,424,1634,997
3226,107.71,boneka-dummy,0.7013,1071,404,1338,722
3226,107.71,boneka-dummy,0.7006,451,673,812,1080
3226,107.71,boneka-asli,0.6432,447,682,812,1080
3227,107.74,boneka-asli,0.8809,186,421,521,800
3227,107.74,boneka-asli,0.8193,677,514,1001,886
3227,107.74,boneka-dummy,0.8016,1333,637,1627,1002
3227,107.74,boneka-dummy,0.7795,1074,399,1338,720
3227,107.74,boneka-asli,0.7649,1341,421,1633,1000
3227,107.74,boneka-asli,0.6879,1076,397,1336,723
3227,107.74,boneka-dummy,0.6840,450,678,814,1080
3227,107.74,boneka-asli,0.6594,448,686,811,1080
3228,107.77,boneka-asli,0.8829,185,423,520,796
3228,107.77,boneka-dummy,0.8177,445,683,814,1080
3228,107.77,boneka-asli,0.7756,679,517,1004,890
3228,107.77,boneka-asli,0.7561,1340,423,1637,1009
3228,107.77,boneka-dummy,0.7316,1332,642,1640,1005
3228,107.77,boneka-asli,0.7183,1075,397,1338,728
3228,107.77,boneka-dummy,0.6683,1073,401,1340,724
3228,107.77,boneka-asli,0.6529,443,690,811,1080
3229,107.81,boneka-asli,0.8663,186,425,527,797
3229,107.81,boneka-dummy,0.8281,1076,398,1343,735
3229,107.81,boneka-dummy,0.7922,446,694,814,1080
3229,107.81,boneka-asli,0.7057,1077,400,1340,736
3229,107.81,boneka-asli,0.6662,680,522,1004,898
3229,107.81,boneka-asli,0.6460,1365,432,1639,818
3229,107.81,boneka-dummy,0.5970,1337,645,1638,1012
3229,107.81,boneka-asli,0.5030,1507,686,1831,1080
3230,107.84,boneka-asli,0.8877,187,425,526,803
3230,107.84,boneka-dummy,0.8540,1082,399,1346,733
3230,107.84,boneka-dummy,0.8066,457,705,819,1080
3230,107.84,boneka-asli,0.7878,1366,436,1644,786
3230,107.84,boneka-dummy,0.6388,708,528,1000,901
3230,107.84,boneka-asli,0.6062,695,531,1000,899
3230,107.84,boneka-dummy,0.5549,1338,646,1652,1017
3230,107.84,boneka-asli,0.5496,1083,402,1342,734
3231,107.88,boneka-asli,0.8903,187,427,527,809
3231,107.88,boneka-dummy,0.8720,1086,400,1352,737
3231,107.88,boneka-asli,0.8296,1350,438,1650,784
3231,107.88,boneka-dummy,0.7778,716,529,1009,906
3231,107.88,boneka-asli,0.7173,1524,663,1829,1080
3231,107.88,boneka-dummy,0.7136,465,712,823,1080
3231,107.88,boneka-dummy,0.5704,1345,651,1671,1025
3231,107.88,boneka-asli,0.5502,486,713,822,1080
3232,107.91,boneka-asli,0.8753,189,427,529,811
3232,107.91,boneka-dummy,0.8658,1092,398,1357,738
3232,107.91,boneka-asli,0.8359,1531,640,1815,1080
3232,107.91,boneka-asli,0.8301,1362,438,1660,785
3232,107.91,boneka-dummy,0.7929,708,526,1011,905
3232,107.91,boneka-dummy,0.7908,1352,654,1676,1030
3232,107.91,boneka-asli,0.7011,507,720,824,1080
3232,107.91,boneka-asli,0.5782,1096,401,1353,738
3233,107.94,boneka-asli,0.8875,190,427,535,816
3233,107.94,boneka-dummy,0.8703,1094,397,1363,738
3233,107.94,boneka-asli,0.8139,1363,439,1666,781
3233,107.94,boneka-dummy,0.7979,1353,653,1678,1027
3233,107.94,boneka-dummy,0.7632,724,526,1016,904
3233,107.94,boneka-asli,0.7413,530,725,829,1080
3233,107.94,boneka-asli,0.6288,1097,399,1358,740
3233,107.94,boneka-asli,0.6044,1558,652,1839,930
3234,107.98,boneka-asli,0.8937,192,423,535,815
3234,107.98,boneka-asli,0.8521,1367,435,1668,772
3234,107.98,boneka-asli,0.7827,1098,397,1363,737
3234,107.98,boneka-asli,0.7459,520,725,830,1080
3234,107.98,boneka-dummy,0.7316,1361,654,1686,1029
3234,107.98,boneka-dummy,0.6799,1097,394,1365,736
3234,107.98,boneka-asli,0.6550,1537,652,1880,1080
3234,107.98,boneka-dummy,0.6532,734,526,1022,903
3235,108.01,boneka-asli,0.8885,188,420,535,808
3235,108.01,boneka-dummy,0.8620,1367,649,1703,1023
3235,108.01,boneka-asli,0.8144,1378,430,1677,769
3235,108.01,boneka-dummy,0.7870,1101,390,1379,722
3235,108.01,boneka-asli,0.7262,481,722,837,1080
3235,108.01,boneka-asli,0.6862,1102,389,1378,725
3235,108.01,boneka-asli,0.6349,723,518,1037,902
3236,108.04,boneka-asli,0.8691,195,412,538,791
3236,108.04,boneka-dummy,0.8540,1369,641,1720,1016
3236,108.04,boneka-dummy,0.8308,1104,379,1390,714
3236,108.04,boneka-asli,0.8076,717,511,1059,893
3236,108.04,boneka-asli,0.7921,1379,421,1683,759
3236,108.04,boneka-dummy,0.7086,479,711,845,1080
3236,108.04,boneka-asli,0.6454,1104,379,1386,716
3236,108.04,boneka-asli,0.5009,1596,626,1844,922
3237,108.08,boneka-dummy,0.8764,1104,376,1385,714
3237,108.08,boneka-asli,0.8729,193,402,540,790
3237,108.08,boneka-dummy,0.8573,476,702,845,1080
3237,108.08,boneka-dummy,0.8444,1368,634,1695,1007
3237,108.08,boneka-asli,0.8215,724,505,1043,877
3237,108.08,boneka-asli,0.7876,1374,417,1679,750
3237,108.08,boneka-asli,0.7557,1105,376,1376,716
3238,108.11,boneka-dummy,0.8757,476,696,846,1080
3238,108.11,boneka-dummy,0.8559,1104,368,1383,713
3238,108.11,boneka-dummy,0.8544,1375,626,1689,1003
3238,108.11,boneka-asli,0.8498,193,396,538,783
3238,108.11,boneka-asli,0.7906,1381,410,1681,741
3238,108.11,boneka-asli,0.7867,1109,370,1375,712
3238,108.11,boneka-asli,0.7365,728,496,1027,877
3239,108.14,boneka-dummy,0.8719,474,688,852,1080
3239,108.14,boneka-asli,0.8210,1385,395,1690,736
3239,108.14,boneka-asli,0.8020,196,382,540,761
3239,108.14,boneka-asli,0.8019,1113,357,1382,704
3239,108.14,boneka-dummy,0.7752,1377,605,1707,1001
3239,108.14,boneka-dummy,0.7492,1109,356,1385,704
3239,108.14,boneka-dummy,0.6905,192,380,544,771
3239,108.14,boneka-asli,0.6076,731,488,1027,869
3239,108.14,boneka-dummy,0.5640,1589,689,1872,901
3240,108.18,boneka-asli,0.8746,194,373,541,757
3240,108.18,boneka-dummy,0.8588,477,677,855,1080
3240,108.18,boneka-dummy,0.8533,1113,349,1390,692
3240,108.18,boneka-asli,0.8274,1395,386,1706,755
3240,108.18,boneka-dummy,0.7844,1385,606,1715,1000
3240,108.18,boneka-asli,0.7432,1115,349,1386,694
3240,108.18,boneka-dummy,0.5649,191,367,549,772
3241,108.21,boneka-asli,0.8544,191,365,541,759
3241,108.21,boneka-asli,0.8542,1392,377,1710,727
3241,108.21,boneka-dummy,0.8531,477,672,856,1080
3241,108.21,boneka-dummy,0.8341,1391,602,1729,995
3241,108.21,boneka-asli,0.7902,1116,339,1389,689
3241,108.21,boneka-dummy,0.7282,1112,351,1394,688
3241,108.21,boneka-dummy,0.6333,731,463,1050,863
3241,108.21,boneka-dummy,0.6060,189,364,545,769
3242,108.24,boneka-dummy,0.8812,478,665,857,1080
3242,108.24,boneka-asli,0.8557,191,354,547,755
3242,108.24,boneka-dummy,0.8467,1394,594,1725,981
3242,108.24,boneka-asli,0.8216,1395,373,1714,708
3242,108.24,boneka-dummy,0.8141,1118,329,1401,675
3242,108.24,boneka-dummy,0.6938,733,464,1058,856
3242,108.24,boneka-asli,0.6508,1119,329,1396,678
3242,108.24,boneka-asli,0.6403,727,466,1050,855
3242,108.24,boneka-dummy,0.5575,189,354,553,760
3243,108.28,boneka-dummy,0.8837,1123,321,1406,668
3243,108.28,boneka-asli,0.8732,190,344,545,742
3243,108.28,boneka-dummy,0.8572,487,655,866,1080
3243,108.28,boneka-dummy,0.7816,1399,589,1732,977
3243,108.28,boneka-asli,0.7507,1395,369,1724,696
3243,108.28,boneka-asli,0.7462,1128,325,1398,670
3243,108.28,boneka-asli,0.6343,729,451,1058,851
3243,108.28,boneka-dummy,0.5897,737,454,1059,852
3244,108.31,boneka-dummy,0.8838,494,649,878,1080
3244,108.31,boneka-dummy,0.8501,1129,310,1416,667
3244,108.31,boneka-asli,0.8449,195,332,550,730
3244,108.31,boneka-dummy,0.8211,1403,584,1741,978
3244,108.31,boneka-asli,0.7714,1131,316,1406,666
3244,108.31,boneka-asli,0.7498,1405,358,1736,687
3244,108.31,boneka-dummy,0.6348,748,443,1061,838
3244,108.31,boneka-dummy,0.5349,193,329,555,732
3245,108.34,boneka-dummy,0.8636,492,637,884,1080
3245,108.34,boneka-dummy,0.8598,1413,574,1742,965
3245,108.34,boneka-dummy,0.8586,1134,302,1418,656
3245,108.34,boneka-asli,0.8491,200,327,555,708
3245,108.34,boneka-asli,0.7444,1411,350,1741,701
3245,108.34,boneka-asli,0.7356,1140,307,1412,656
3245,108.34,boneka-dummy,0.7132,749,437,1060,834
3246,108.38,boneka-asli,0.8859,199,318,562,703
3246,108.38,boneka-dummy,0.8666,1418,563,1774,961
3246,108.38,boneka-dummy,0.8652,501,627,882,1080
3246,108.38,boneka-dummy,0.8516,1138,294,1428,643
3246,108.38,boneka-asli,0.8190,1420,336,1757,691
3246,108.38,boneka-dummy,0.6734,761,429,1082,825
3247,108.41,boneka-asli,0.8830,200,303,572,699
3247,108.41,boneka-dummy,0.8624,500,624,894,1078
3247,108.41,boneka-dummy,0.8485,1426,553,1786,956
3247,108.41,boneka-asli,0.8122,1434,327,1759,696
3247,108.41,boneka-dummy,0.8030,1142,280,1440,635
3247,108.41,boneka-asli,0.6903,1141,280,1436,636
3247,108.41,boneka-dummy,0.6393,775,414,1094,811
3247,108.41,boneka-asli,0.6133,72,682,469,1080
3247,108.41,boneka-asli,0.5265,774,415,1093,807
3248,108.44,boneka-dummy,0.8764,516,606,901,1075
3248,108.44,boneka-asli,0.8620,88,618,473,1080
3248,108.44,boneka-dummy,0.8603,1153,273,1445,620
3248,108.44,boneka-dummy,0.8371,1434,541,1780,927
3248,108.44,boneka-asli,0.8365,212,289,574,693
3248,108.44,boneka-asli,0.7746,1432,320,1765,648
3248,108.44,boneka-asli,0.7656,1188,276,1434,622
3248,108.44,boneka-asli,0.7476,1622,546,1916,1029
3248,108.44,boneka-asli,0.6827,774,402,1098,793
3249,108.48,boneka-asli,0.8824,91,624,465,1080
3249,108.48,boneka-asli,0.8619,219,278,577,683
3249,108.48,boneka-dummy,0.8404,517,586,906,1075
3249,108.48,boneka-asli,0.8056,1439,304,1771,645
3249,108.48,boneka-dummy,0.8033,1442,530,1786,920
3249,108.48,boneka-asli,0.7720,1171,261,1435,613
3249,108.48,boneka-dummy,0.7219,1151,260,1443,613
3249,108.48,boneka-asli,0.5980,781,390,1095,787
3250,108.51,boneka-dummy,0.8795,1446,516,1781,912
3250,108.51,boneka-asli,0.8635,1441,290,1771,637
3250,108.51,boneka-asli,0.8337,220,266,581,659
3250,108.51,boneka-dummy,0.8269,1158,251,1447,600
3250,108.51,boneka-dummy,0.8105,514,577,906,1080
3250,108.51,boneka-asli,0.7813,90,690,459,1080
3250,108.51,boneka-asli,0.6795,1160,250,1441,603
3250,108.51,boneka-dummy,0.5577,72,442,298,626
3251,108.54,boneka-asli,0.8678,1442,280,1770,624
3251,108.54,boneka-dummy,0.8421,1444,509,1784,910
3251,108.54,boneka-asli,0.8421,215,255,577,654
3251,108.54,boneka-dummy,0.8286,518,568,910,1065
3251,108.54,boneka-dummy,0.7887,1161,236,1451,591
3251,108.54,boneka-asli,0.7247,1165,237,1445,591
3251,108.54,boneka-asli,0.6397,89,681,444,1080
3251,108.54,boneka-dummy,0.5765,802,366,1107,768
3251,108.54,boneka-asli,0.5042,783,369,1107,763
3252,108.58,boneka-asli,0.8841,218,243,574,646
3252,108.58,boneka-dummy,0.8775,507,556,906,1070
3252,108.58,boneka-asli,0.8607,1438,273,1771,615
3252,108.58,boneka-dummy,0.8555,1438,499,1785,889
3252,108.58,boneka-dummy,0.8118,1158,231,1450,582
3252,108.58,boneka-asli,0.6528,87,685,442,1065
3252,108.58,boneka-asli,0.6120,788,364,1106,757
3252,108.58,boneka-asli,0.5865,1159,231,1445,585
3253,108.61,boneka-dummy,0.8901,513,555,903,1054
3253,108.61,boneka-asli,0.8715,215,242,572,635
3253,108.61,boneka-dummy,0.8361,1155,229,1449,577
3253,108.61,boneka-asli,0.8216,1436,271,1772,614
3253,108.61,boneka-dummy,0.7736,1436,499,1793,888
3253,108.61,boneka-asli,0.6411,90,650,408,1056
3253,108.61,boneka-asli,0.6387,764,365,1104,746
3253,108.61,boneka-asli,0.6053,1156,230,1444,578
3254,108.64,boneka-asli,0.8645,208,243,573,633
3254,108.64,boneka-dummy,0.8607,515,556,901,1018
3254,108.64,boneka-dummy,0.8385,1423,498,1784,886
3254,108.64,boneka-dummy,0.8074,1147,231,1447,577
3254,108.64,boneka-asli,0.8006,1434,272,1767,610
3254,108.64,boneka-asli,0.7557,1148,231,1442,579
3254,108.64,boneka-asli,0.6670,780,361,1097,747
3254,108.64,boneka-asli,0.6610,88,655,440,1057
3254,108.64,boneka-asli,0.5901,1641,487,1916,786
3254,108.64,boneka-asli,0.5189,1085,733,1301,1025
3255,108.68,boneka-dummy,0.8787,507,558,896,1012
3255,108.68,boneka-asli,0.8631,206,243,572,636
3255,108.68,boneka-dummy,0.8230,1143,230,1446,574
3255,108.68,boneka-dummy,0.8094,1424,499,1785,883
3255,108.68,boneka-asli,0.8080,81,668,397,1065
3255,108.68,boneka-asli,0.7916,1423,273,1763,610
3255,108.68,boneka-asli,0.7056,1144,231,1440,575
3255,108.68,boneka-asli,0.6677,779,360,1097,747
3255,108.68,boneka-asli,0.5110,784,717,1072,981
3255,108.68,boneka-asli,0.5081,1641,511,1915,776
3256,108.71,boneka-asli,0.8811,204,239,568,641
3256,108.71,boneka-dummy,0.8758,501,554,890,1005
3256,108.71,boneka-dummy,0.8615,1141,233,1443,573
3256,108.71,boneka-dummy,0.8486,1422,499,1781,886
3256,108.71,boneka-asli,0.8151,1424,270,1757,609
3256,108.71,boneka-asli,0.6870,777,364,1098,746
3256,108.71,boneka-asli,0.6655,75,662,422,1066
3256,108.71,boneka-asli,0.5605,1142,231,1437,574
3256,108.71,boneka-asli,0.5189,777,723,1072,980
3257,108.74,boneka-asli,0.8878,200,240,564,639
3257,108.74,boneka-dummy,0.8716,497,555,885,1067
3257,108.74,boneka-dummy,0.8297,1139,231,1439,574
3257,108.74,boneka-dummy,0.8172,1419,501,1779,887
3257,108.74,boneka-asli,0.8135,1421,272,1754,609
3257,108.74,boneka-asli,0.7178,1139,230,1433,576
3257,108.74,boneka-asli,0.6800,77,691,407,1070
3257,108.74,boneka-asli,0.6019,1633,546,1915,783
3257,108.74,boneka-asli,0.5564,766,361,1089,751
3257,108.74,boneka-asli,0.5068,1592,575,1916,1080
3258,108.78,boneka-asli,0.8935,195,246,558,633
3258,108.78,boneka-dummy,0.8782,493,556,883,1063
3258,108.78,boneka-dummy,0.8364,1412,500,1780,886
3258,108.78,boneka-dummy,0.7739,1140,231,1430,577
3258,108.78,boneka-asli,0.7425,1140,231,1428,578
3258,108.78,boneka-asli,0.7259,1413,276,1756,608
3258,108.78,boneka-asli,0.6609,67,686,385,1071
3258,108.78,boneka-asli,0.6443,1628,533,1915,782
3258,108.78,boneka-asli,0.5649,774,364,1088,749
3259,108.81,boneka-asli,0.9052,191,246,557,639
3259,108.81,boneka-dummy,0.8375,489,561,881,1065
3259,108.81,boneka-dummy,0.8225,1409,500,1779,887
3259,108.81,boneka-asli,0.7785,1136,231,1426,576
3259,108.81,boneka-dummy,0.7418,1135,231,1431,574
3259,108.81,boneka-asli,0.7113,1416,275,1751,625
3259,108.81,boneka-dummy,0.6549,777,361,1075,748
3259,108.81,boneka-asli,0.6505,1585,574,1916,1080
3259,108.81,boneka-asli,0.6466,1626,565,1915,782
3259,108.81,boneka-asli,0.6299,58,677,381,1075
3259,108.81,boneka-asli,0.5752,772,365,1081,750
3260,108.84,boneka-asli,0.9042,191,246,558,641
3260,108.84,boneka-dummy,0.8672,490,560,881,1066
3260,108.84,boneka-dummy,0.8363,1409,500,1777,888
3260,108.84,boneka-asli,0.7853,1138,231,1425,576
3260,108.84,boneka-asli,0.7582,1415,275,1750,624
3260,108.84,boneka-dummy,0.7234,1138,231,1427,575
3260,108.84,boneka-asli,0.6338,60,678,385,1075
3260,108.84,boneka-dummy,0.6257,775,361,1076,747
3260,108.84,boneka-asli,0.6216,1628,563,1915,782
3260,108.84,boneka-asli,0.6160,1581,572,1916,1080
3260,108.84,boneka-asli,0.5427,771,364,1082,750
3261,108.88,boneka-asli,0.8938,190,242,561,636
3261,108.88,boneka-dummy,0.8801,493,561,881,1063
3261,108.88,boneka-dummy,0.8554,1138,232,1432,572
3261,108.88,boneka-dummy,0.8312,1408,500,1782,889
3261,108.88,boneka-asli,0.7412,1414,277,1756,602
3261,108.88,boneka-dummy,0.6211,770,360,1081,748
3261,108.88,boneka-asli,0.5409,1634,566,1915,782
3261,108.88,boneka-asli,0.5340,1140,231,1427,574
3262,108.91,boneka-asli,0.8766,192,238,559,636
3262,108.91,boneka-dummy,0.8112,486,553,887,1014
3262,108.91,boneka-asli,0.7817,1419,273,1750,609
3262,108.91,boneka-dummy,0.7786,1138,230,1434,571
3262,108.91,boneka-dummy,0.7579,1411,499,1780,885
3262,108.91,boneka-asli,0.6439,1139,230,1428,572
3262,108.91,boneka-asli,0.5765,1072,715,1262,1028
3262,108.91,boneka-asli,0.5406,758,357,1082,750
3262,108.91,boneka-dummy,0.5380,1790,586,1916,740
3262,108.91,boneka-asli,0.5024,68,713,387,1066
3263,108.94,boneka-asli,0.8668,195,238,563,645
3263,108.94,boneka-dummy,0.8278,490,553,886,1008
3263,108.94,boneka-dummy,0.7897,1138,230,1433,572
3263,108.94,boneka-dummy,0.7878,1414,499,1783,888
3263,108.94,boneka-asli,0.7857,1420,273,1752,602
3263,108.94,boneka-asli,0.6734,1140,230,1427,574
3263,108.94,boneka-asli,0.6661,74,673,400,1071
3263,108.94,boneka-asli,0.5997,761,357,1092,750
3263,108.94,boneka-dummy,0.5069,767,357,1092,749
3264,108.98,boneka-asli,0.9004,197,243,561,640
3264,108.98,boneka-dummy,0.8438,492,556,890,1004
3264,108.98,boneka-dummy,0.8268,1140,234,1432,572
3264,108.98,boneka-dummy,0.8102,1416,502,1775,889
3264,108.98,boneka-asli,0.7908,1420,277,1754,604
3264,108.98,boneka-asli,0.7647,77,675,409,1077
3264,108.98,boneka-asli,0.6959,1142,230,1427,574
3264,108.98,boneka-asli,0.5885,769,360,1090,749
3265,109.01,boneka-asli,0.9002,200,245,565,637
3265,109.01,boneka-dummy,0.8467,495,561,892,1005
3265,109.01,boneka-dummy,0.8234,1138,234,1433,573
3265,109.01,boneka-asli,0.7822,1421,277,1757,607
3265,109.01,boneka-dummy,0.7730,1417,502,1775,890
3265,109.01,boneka-asli,0.7685,81,700,393,1061
3265,109.01,boneka-asli,0.7219,1139,231,1428,575
3265,109.01,boneka-asli,0.6100,773,361,1094,746
3265,109.01,boneka-asli,0.6044,1634,520,1915,781
3266,109.04,boneka-asli,0.9173,201,247,560,640
3266,109.04,boneka-dummy,0.8326,497,568,891,1068
3266,109.04,boneka-dummy,0.8167,1416,505,1780,890
3266,109.04,boneka-asli,0.8153,79,691,399,1074
3266,109.04,boneka-dummy,0.8140,1137,234,1433,574
3266,109.04,boneka-asli,0.7931,1421,277,1755,624
3266,109.04,boneka-asli,0.7324,1138,231,1428,576
3266,109.04,boneka-asli,0.6434,1628,546,1915,782
3266,109.04,boneka-asli,0.5850,775,362,1094,750
3267,109.08,boneka-asli,0.9120,198,249,562,636
3267,109.08,boneka-dummy,0.8399,491,571,888,1015
3267,109.08,boneka-asli,0.8166,1140,231,1427,574
3267,109.08,boneka-dummy,0.8120,1411,506,1779,888
3267,109.08,boneka-asli,0.8105,75,674,393,1075
3267,109.08,boneka-asli,0.8096,1419,277,1753,627
3267,109.08,boneka-asli,0.6952,1586,574,1917,1080
3267,109.08,boneka-asli,0.5989,1630,548,1915,785
3267,109.08,boneka-asli,0.5791,775,364,1096,755
3267,109.08,boneka-dummy,0.5715,1141,231,1435,572
3268,109.11,boneka-asli,0.8984,194,252,558,648
3268,109.11,boneka-dummy,0.8291,494,574,882,1065
3268,109.11,boneka-dummy,0.8281,1406,505,1771,889
3268,109.11,boneka-asli,0.8250,1133,232,1423,579
3268,109.11,boneka-asli,0.8098,1414,279,1748,628
3268,109.11,boneka-asli,0.8005,73,670,391,1078
3268,109.11,boneka-asli,0.7224,1589,563,1917,1070
3268,109.11,boneka-asli,0.6531,1629,561,1916,787
3268,109.11,boneka-asli,0.5710,777,368,1080,758
3268,109.11,boneka-dummy,0.5276,783,365,1076,758
3268,109.11,boneka-dummy,0.5266,1135,239,1426,577
3269,109.14,boneka-asli,0.9074,192,253,554,642
3269,109.14,boneka-dummy,0.8480,490,574,883,1061
3269,109.14,boneka-dummy,0.8445,1403,506,1749,886
3269,109.14,boneka-asli,0.8357,1407,280,1740,622
3269,109.14,boneka-asli,0.7953,67,659,408,1078
3269,109.14,boneka-asli,0.7730,1125,233,1417,579
3269,109.14,boneka-dummy,0.7724,773,363,1063,759
3269,109.14,boneka-dummy,0.7074,1124,236,1421,578
3269,109.14,boneka-asli,0.5873,1574,593,1918,1080
3269,109.14,boneka-dummy,0.5110,77,427,271,606
3270,109.18,boneka-asli,0.8685,187,252,557,653
3270,109.18,boneka-dummy,0.8652,1397,508,1740,884
3270,109.18,boneka-asli,0.8340,1402,279,1732,619
3270,109.18,boneka-dummy,0.8019,483,569,878,1015
3270,109.18,boneka-asli,0.7961,58,645,397,1079
3270,109.18,boneka-dummy,0.7521,1117,234,1412,576
3270,109.18,boneka-asli,0.7350,1120,233,1407,578
3270,109.18,boneka-dummy,0.6293,763,364,1059,759
3270,109.18,boneka-asli,0.5954,751,365,1059,757
3270,109.18,boneka-asli,0.5483,1622,533,1917,785
3271,109.21,boneka-asli,0.8769,184,250,544,633
3271,109.21,boneka-dummy,0.8456,1388,503,1735,883
3271,109.21,boneka-asli,0.8192,1394,279,1725,614
3271,109.21,boneka-dummy,0.8049,478,573,867,1066
3271,109.21,boneka-dummy,0.7830,1118,233,1416,573
3271,109.21,boneka-asli,0.7274,31,657,395,1080
3271,109.21,boneka-asli,0.6516,1116,232,1407,577
3271,109.21,boneka-asli,0.6297,1609,526,1914,783
3271,109.21,boneka-asli,0.6001,733,367,1053,751
3272,109.24,boneka-asli,0.8838,180,248,541,628
3272,109.24,boneka-dummy,0.8565,474,569,860,1063
3272,109.24,boneka-dummy,0.8369,1382,501,1746,883
3272,109.24,boneka-asli,0.8303,1391,277,1727,603
3272,109.24,boneka-dummy,0.8038,1119,230,1409,571
3272,109.24,boneka-asli,0.6117,731,364,1058,751
3272,109.24,boneka-asli,0.5835,1606,510,1895,782
3272,109.24,boneka-asli,0.5520,34,670,370,1069
3272,109.24,boneka-asli,0.5245,1116,231,1403,574
3273,109.28,boneka-asli,0.8548,179,239,535,640
3273,109.28,boneka-dummy,0.8096,1120,228,1406,568
3273,109.28,boneka-dummy,0.7946,474,554,859,1018
3273,109.28,boneka-dummy,0.7866,1384,499,1737,878
3273,109.28,boneka-asli,0.7714,1389,274,1727,601
3273,109.28,boneka-asli,0.6368,29,664,395,1077
3273,109.28,boneka-asli,0.5807,718,361,1062,750
3273,109.28,boneka-asli,0.5412,1132,230,1395,572
3274,109.31,boneka-dummy,0.8230,473,550,857,1010
3274,109.31,boneka-asli,0.7963,1137,227,1393,568
3274,109.31,boneka-asli,0.7887,178,237,542,624
3274,109.31,boneka-asli,0.7860,1388,275,1726,598
3274,109.31,boneka-dummy,0.7538,1377,495,1734,875
3274,109.31,boneka-dummy,0.7501,1120,225,1406,565
3274,109.31,boneka-asli,0.6384,733,355,1072,739
3274,109.31,boneka-asli,0.6330,1603,478,1895,772
3274,109.31,boneka-asli,0.5580,25,685,367,1078
3275,109.34,boneka-asli,0.8369,175,234,542,616
3275,109.34,boneka-dummy,0.8272,1121,218,1405,565
3275,109.34,boneka-asli,0.7978,1141,221,1391,566
3275,109.34,boneka-dummy,0.7945,473,546,860,993
3275,109.34,boneka-dummy,0.7667,1377,490,1740,871
3275,109.34,boneka-asli,0.6772,1388,268,1729,596
3275,109.34,boneka-asli,0.5688,29,679,387,1080
3275,109.34,boneka-asli,0.5559,1597,476,1896,766
3275,109.34,boneka-asli,0.5217,1042,691,1284,1020
3275,109.34,boneka-asli,0.5151,723,348,1059,731
3275,109.34,boneka-asli,0.5118,769,716,1031,967
3276,109.38,boneka-asli,0.8710,177,232,537,621
3276,109.38,boneka-dummy,0.8307,1383,489,1731,867
3276,109.38,boneka-dummy,0.7994,472,541,855,1004
3276,109.38,boneka-asli,0.7990,1133,218,1396,567
3276,109.38,boneka-dummy,0.7924,1120,215,1405,566
3276,109.38,boneka-asli,0.7922,1388,263,1730,595
3276,109.38,boneka-asli,0.6164,30,664,367,1080
3276,109.38,boneka-asli,0.5868,763,714,1036,969
3277,109.41,boneka-asli,0.8833,179,229,540,616
3277,109.41,boneka-dummy,0.8412,1382,487,1727,864
3277,109.41,boneka-dummy,0.8114,472,547,855,1001
3277,109.41,boneka-asli,0.7889,1389,261,1726,594
3277,109.41,boneka-asli,0.7811,1129,216,1396,564
3277,109.41,boneka-dummy,0.7530,1119,212,1405,564
3277,109.41,boneka-asli,0.6390,33,668,378,1080
3277,109.41,boneka-asli,0.5386,1564,595,1918,1079
3277,109.41,boneka-asli,0.5283,763,708,1042,968
3277,109.41,boneka-asli,0.5197,1596,546,1912,766
3278,109.44,boneka-asli,0.8743,177,226,542,617
3278,109.44,boneka-dummy,0.8485,1383,483,1732,864
3278,109.44,boneka-asli,0.8160,1390,258,1728,592
3278,109.44,boneka-dummy,0.8154,472,542,857,989
3278,109.44,boneka-dummy,0.8070,1118,211,1405,558
3278,109.44,boneka-asli,0.7224,1125,214,1398,559
3278,109.44,boneka-asli,0.5422,1600,480,1915,764
3278,109.44,boneka-asli,0.5381,34,695,398,1080
3278,109.44,boneka-asli,0.5313,769,706,1016,961
3278,109.44,boneka-asli,0.5152,1560,594,1918,1073
3279,109.48,boneka-asli,0.8571,173,223,544,605
3279,109.48,boneka-dummy,0.8491,1383,482,1733,862
3279,109.48,boneka-asli,0.7976,1125,211,1394,556
3279,109.48,boneka-asli,0.7756,1389,256,1726,593
3279,109.48,boneka-dummy,0.7692,477,538,854,1029
3279,109.48,boneka-dummy,0.6796,1116,210,1403,554
3279,109.48,boneka-asli,0.6039,34,688,383,1080
3279,109.48,boneka-asli,0.5803,772,704,1030,959
3279,109.48,boneka-asli,0.5385,1598,483,1915,761
3279,109.48,boneka-asli,0.5027,1050,715,1285,1006
3280,109.51,boneka-asli,0.8562,169,221,542,598
3280,109.51,boneka-dummy,0.8525,1381,479,1726,862
3280,109.51,boneka-dummy,0.8057,1114,210,1401,552
3280,109.51,boneka-asli,0.7810,1387,256,1724,594
3280,109.51,boneka-dummy,0.7759,469,536,855,982
3280,109.51,boneka-asli,0.7238,1121,210,1393,554
3280,109.51,boneka-asli,0.6296,31,681,400,1080
3280,109.51,boneka-asli,0.5326,1591,515,1902,761
3280,109.51,boneka-asli,0.5197,1039,694,1270,1005
3280,109.51,boneka-asli,0.5062,768,704,1041,957
3281,109.54,boneka-dummy,0.8572,1376,479,1724,860
3281,109.54,boneka-asli,0.8518,165,221,538,595
3281,109.54,boneka-dummy,0.8349,1113,209,1402,553
3281,109.54,boneka-dummy,0.8206,465,535,854,977
3281,109.54,boneka-asli,0.7839,1391,255,1721,600
3281,109.54,boneka-asli,0.6929,1116,210,1395,555
3281,109.54,boneka-asli,0.5855,1594,501,1887,760
3281,109.54,boneka-asli,0.5823,28,640,367,1080
3281,109.54,boneka-asli,0.5708,779,705,1036,954
3282,109.58,boneka-dummy,0.8296,458,537,851,982
3282,109.58,boneka-dummy,0.8260,1374,481,1727,861
3282,109.58,boneka-asli,0.8183,164,221,532,598
3282,109.58,boneka-dummy,0.8174,1108,208,1400,552
3282,109.58,boneka-asli,0.8110,1382,255,1719,591
3282,109.58,boneka-asli,0.7379,1111,210,1393,554
3282,109.58,boneka-asli,0.7096,24,654,368,1080
3282,109.58,boneka-asli,0.5714,768,704,1023,955
3282,109.58,boneka-asli,0.5254,727,341,1052,727
3283,109.61,boneka-asli,0.8319,161,222,525,594
3283,109.61,boneka-asli,0.8198,1381,254,1714,587
3283,109.61,boneka-dummy,0.7914,1372,482,1726,861
3283,109.61,boneka-dummy,0.7774,1099,208,1397,550
3283,109.61,boneka-asli,0.7766,1112,210,1386,552
3283,109.61,boneka-dummy,0.6862,439,539,842,975
3283,109.61,boneka-asli,0.5779,1597,552,1865,760
3283,109.61,boneka-asli,0.5649,737,710,1020,959
3284,109.64,boneka-asli,0.8526,151,220,531,601
3284,109.64,boneka-asli,0.8037,1382,254,1712,591
3284,109.64,boneka-dummy,0.7935,1366,481,1721,862
3284,109.64,boneka-dummy,0.7885,1092,207,1393,552
3284,109.64,boneka-dummy,0.7687,448,541,840,1003
3284,109.64,boneka-asli,0.7682,1112,210,1381,553
3284,109.64,boneka-asli,0.5454,1596,540,1861,759
3284,109.64,boneka-dummy,0.5014,1764,601,1917,741
3285,109.68,boneka-asli,0.8718,144,219,525,601
3285,109.68,boneka-dummy,0.8495,1361,479,1710,863
3285,109.68,boneka-dummy,0.8476,1091,204,1383,551
3285,109.68,boneka-dummy,0.8033,444,536,833,1022
3285,109.68,boneka-asli,0.7618,1375,252,1705,591
3285,109.68,boneka-asli,0.7353,1094,208,1377,551
3285,109.68,boneka-dummy,0.5108,710,340,1018,728
3286,109.71,boneka-asli,0.8884,144,219,502,597
3286,109.71,boneka-dummy,0.8452,1355,476,1686,861
3286,109.71,boneka-dummy,0.7858,1088,205,1378,550
3286,109.71,boneka-asli,0.7822,1094,208,1369,552
3286,109.71,boneka-asli,0.7503,1367,254,1692,587
3286,109.71,boneka-dummy,0.7100,431,535,828,996
3286,109.71,boneka-asli,0.5727,729,710,1000,957
3286,109.71,boneka-asli,0.5193,0,631,385,1080
3287,109.74,boneka-asli,0.8813,135,219,500,609
3287,109.74,boneka-dummy,0.8602,1353,478,1684,863
3287,109.74,boneka-asli,0.8104,1357,252,1687,586
3287,109.74,boneka-dummy,0.7903,1085,205,1371,550
3287,109.74,boneka-asli,0.7898,1089,209,1363,552
3287,109.74,boneka-dummy,0.6967,426,536,813,991
3287,109.74,boneka-dummy,0.6460,1,395,234,582
3288,109.78,boneka-asli,0.8657,129,218,500,614
3288,109.78,boneka-dummy,0.8290,1345,477,1687,862
3288,109.78,boneka-asli,0.8012,1079,209,1360,552
3288,109.78,boneka-asli,0.7921,1352,252,1682,590
3288,109.78,boneka-dummy,0.7823,1079,202,1367,549
3288,109.78,boneka-dummy,0.7608,423,534,809,993
3288,109.78,boneka-dummy,0.6331,1,397,229,584
3288,109.78,boneka-asli,0.5447,673,342,1002,726
3288,109.78,boneka-asli,0.5401,0,614,372,1080
3289,109.81,boneka-asli,0.8724,128,223,499,614
3289,109.81,boneka-dummy,0.8540,1339,479,1681,862
3289,109.81,boneka-asli,0.8230,1350,253,1681,591
3289,109.81,boneka-dummy,0.7901,1073,209,1366,553
3289,109.81,boneka-asli,0.7845,1076,210,1356,555
3289,109.81,boneka-dummy,0.7085,420,538,804,1011
3289,109.81,boneka-asli,0.6827,665,341,1008,723
3289,109.81,boneka-dummy,0.5440,2,395,221,592
3289,109.81,boneka-asli,0.5335,1567,481,1853,760
3290,109.84,boneka-asli,0.8795,129,228,493,617
3290,109.84,boneka-dummy,0.8414,1073,210,1364,558
3290,109.84,boneka-dummy,0.8276,1333,484,1676,862
3290,109.84,boneka-asli,0.8039,1349,257,1682,597
3290,109.84,boneka-asli,0.7506,1077,213,1354,559
3290,109.84,boneka-dummy,0.7484,416,539,806,1012
3290,109.84,boneka-asli,0.7147,669,345,1000,730
3290,109.84,boneka-asli,0.6269,1556,473,1849,760
3290,109.84,boneka-asli,0.5869,727,707,982,958
3290,109.84,boneka-dummy,0.5655,2,400,216,596
3291,109.88,boneka-asli,0.8748,127,233,490,620
3291,109.88,boneka-dummy,0.8279,412,542,805,1026
3291,109.88,boneka-dummy,0.8227,1074,214,1361,564
3291,109.88,boneka-dummy,0.7886,1331,486,1671,864
3291,109.88,boneka-asli,0.7751,1076,217,1352,563
3291,109.88,boneka-asli,0.7583,1348,259,1678,599
3291,109.88,boneka-asli,0.6668,659,350,1000,736
3291,109.88,boneka-asli,0.5594,741,711,973,959
3291,109.88,boneka-asli,0.5131,1555,488,1841,763
3292,109.91,boneka-dummy,0.8889,413,554,806,1014
3292,109.91,boneka-asli,0.8299,133,236,494,625
3292,109.91,boneka-dummy,0.8253,1337,491,1676,867
3292,109.91,boneka-dummy,0.8140,1075,218,1362,564
3292,109.91,boneka-asli,0.7873,1086,222,1350,564
3292,109.91,boneka-asli,0.7300,661,351,1005,730
3292,109.91,boneka-asli,0.6682,1348,265,1683,608
3292,109.91,boneka-asli,0.6643,1565,477,1832,766
3293,109.95,boneka-dummy,0.8697,412,559,806,1038
3293,109.95,boneka-asli,0.8649,132,238,494,640
3293,109.95,boneka-asli,0.8096,663,362,1010,736
3293,109.95,boneka-asli,0.7678,1080,226,1358,565
3293,109.95,boneka-dummy,0.6817,1082,221,1361,565
3293,109.95,boneka-asli,0.6791,1351,268,1679,604
3293,109.95,boneka-dummy,0.6404,1343,493,1676,876
3294,109.98,boneka-asli,0.8860,137,248,500,648
3294,109.98,boneka-dummy,0.8813,414,558,810,1066
3294,109.98,boneka-asli,0.7828,1083,229,1361,572
3294,109.98,boneka-asli,0.7722,666,369,1008,748
3294,109.98,boneka-asli,0.7269,1356,274,1685,600
3294,109.98,boneka-dummy,0.6106,1086,225,1362,571
3294,109.98,boneka-dummy,0.6066,1347,499,1688,879
3294,109.98,boneka-asli,0.5592,1009,726,1224,1021
3295,110.01,boneka-asli,0.8925,139,254,506,654
3295,110.01,boneka-dummy,0.8725,416,564,813,1063
3295,110.01,boneka-dummy,0.8120,1089,230,1371,575
3295,110.01,boneka-dummy,0.7928,1353,502,1686,886
3295,110.01,boneka-asli,0.7747,1366,278,1687,611
3295,110.01,boneka-asli,0.7524,669,371,1009,755
3295,110.01,boneka-asli,0.7191,1089,231,1368,575
3296,110.05,boneka-dummy,0.8818,416,570,817,1061
3296,110.05,boneka-asli,0.8621,141,261,510,652
3296,110.05,boneka-dummy,0.8337,1356,507,1692,890
3296,110.05,boneka-asli,0.8166,1375,278,1702,628
3296,110.05,boneka-asli,0.8005,1091,233,1375,581
3296,110.05,boneka-dummy,0.7322,1091,231,1376,579
3296,110.05,boneka-asli,0.5956,690,376,1004,774
3296,110.05,boneka-asli,0.5820,1568,505,1867,783
3297,110.08,boneka-asli,0.8594,147,269,507,655
3297,110.08,boneka-asli,0.8460,1376,281,1709,624
3297,110.08,boneka-dummy,0.8039,1359,513,1689,901
3297,110.08,boneka-asli,0.7709,1096,237,1382,588
3297,110.08,boneka-dummy,0.7708,419,580,822,1071
3297,110.08,boneka-dummy,0.6843,1095,239,1385,589
3297,110.08,boneka-asli,0.5611,0,703,375,1080
3297,110.08,boneka-dummy,0.5230,696,376,1017,783
3298,110.11,boneka-asli,0.8830,151,275,529,662
3298,110.11,boneka-asli,0.8790,1383,283,1714,631
3298,110.11,boneka-dummy,0.8333,1369,515,1696,904
3298,110.11,boneka-dummy,0.8153,426,581,831,1060
3298,110.11,boneka-asli,0.7251,1104,247,1385,591
3298,110.11,boneka-asli,0.7082,1,613,377,1080
3298,110.11,boneka-dummy,0.6834,1104,251,1389,592
3298,110.11,boneka-asli,0.5502,729,755,1006,1005
3298,110.11,boneka-asli,0.5393,683,388,1011,782
3299,110.15,boneka-asli,0.8406,1389,286,1715,649
3299,110.15,boneka-asli,0.8403,157,278,534,679
3299,110.15,boneka-dummy,0.8045,1369,520,1705,907
3299,110.15,boneka-asli,0.7539,1109,253,1389,599
3299,110.15,boneka-asli,0.7463,6,649,408,1080
3299,110.15,boneka-dummy,0.7161,431,585,839,1079
3299,110.15,boneka-dummy,0.7088,1105,253,1395,597
3299,110.15,boneka-asli,0.6392,1585,587,1892,807
3299,110.15,boneka-asli,0.5667,685,391,1009,784
3300,110.18,boneka-dummy,0.8439,1379,521,1714,909
3300,110.18,boneka-asli,0.8304,14,664,381,1080
3300,110.18,boneka-asli,0.8121,1396,292,1721,668
3300,110.18,boneka-dummy,0.8063,434,586,837,1055
3300,110.18,boneka-dummy,0.8012,1116,253,1400,599
3300,110.18,boneka-asli,0.7803,165,283,528,662
3300,110.18,boneka-asli,0.7417,1118,254,1395,602
3300,110.18,boneka-asli,0.5956,1562,594,1918,1076
3300,110.18,boneka-asli,0.5074,752,763,1030,1015
3301,110.21,boneka-dummy,0.8825,1395,523,1726,909
3301,110.21,boneka-asli,0.8337,177,287,539,687
3301,110.21,boneka-asli,0.8320,22,629,374,1080
3301,110.21,boneka-asli,0.8165,1126,259,1400,605
3301,110.21,boneka-dummy,0.8089,442,588,848,1064
3301,110.21,boneka-asli,0.7928,1400,298,1730,644
3301,110.21,boneka-dummy,0.6356,1123,255,1405,603
3301,110.21,boneka-asli,0.5156,1604,546,1917,810
3301,110.21,boneka-asli,0.5135,752,768,1025,1017
3301,110.21,boneka-asli,0.5114,1568,562,1918,1063
3302,110.25,boneka-dummy,0.8439,1404,532,1734,918
3302,110.25,boneka-asli,0.8431,183,292,550,694
3302,110.25,boneka-dummy,0.8226,460,598,856,1071
3302,110.25,boneka-asli,0.8157,1138,263,1408,613
3302,110.25,boneka-asli,0.8142,31,638,375,1080
3302,110.25,boneka-asli,0.7723,1412,301,1738,646
3302,110.25,boneka-asli,0.7643,1588,560,1917,1054
3302,110.25,boneka-asli,0.6966,709,400,1055,800
3302,110.25,boneka-asli,0.5789,1619,536,1915,812
3303,110.28,boneka-asli,0.9018,193,302,560,692
3303,110.28,boneka-dummy,0.8615,467,603,857,1074
3303,110.28,boneka-asli,0.8158,1426,304,1757,657
3303,110.28,boneka-dummy,0.7793,1406,537,1754,927
3303,110.28,boneka-asli,0.7703,1150,268,1422,617
3303,110.28,boneka-dummy,0.7264,1142,265,1433,613
3303,110.28,boneka-asli,0.6879,46,663,436,1080
3303,110.28,boneka-asli,0.6574,716,412,1068,798
3303,110.28,boneka-asli,0.5657,1629,577,1915,816
3303,110.28,boneka-asli,0.5292,1587,593,1917,1045
3304,110.31,boneka-asli,0.8908,205,308,573,704
3304,110.31,boneka-dummy,0.8679,478,602,881,1078
3304,110.31,boneka-asli,0.7936,1180,274,1433,622
3304,110.31,boneka-asli,0.7886,1615,522,1916,1032
3304,110.31,boneka-asli,0.7641,1435,310,1766,645
3304,110.31,boneka-dummy,0.7493,741,409,1072,810
3304,110.31,boneka-dummy,0.7194,1426,540,1770,930
3304,110.31,boneka-asli,0.7093,62,661,484,1080
3304,110.31,boneka-dummy,0.6742,1153,272,1439,619
3304,110.31,boneka-asli,0.6075,733,414,1062,807
3305,110.35,boneka-asli,0.8581,217,314,584,711
3305,110.35,boneka-dummy,0.8175,1440,547,1791,935
3305,110.35,boneka-asli,0.7483,1168,278,1448,621
3305,110.35,boneka-asli,0.7353,1445,316,1778,659
3305,110.35,boneka-asli,0.6852,1637,529,1918,1028
3305,110.35,boneka-dummy,0.6765,499,607,890,1080
3305,110.35,boneka-dummy,0.6240,1167,277,1452,619
3305,110.35,boneka-asli,0.6172,1052,775,1404,1080
3305,110.35,boneka-asli,0.5234,763,420,1082,813
3306,110.38,boneka-asli,0.8797,237,326,596,688
3306,110.38,boneka-dummy,0.8515,1455,556,1808,954
3306,110.38,boneka-dummy,0.8444,1183,281,1467,637
3306,110.38,boneka-dummy,0.8437,514,623,906,1080
3306,110.38,boneka-asli,0.7954,1467,325,1806,679
3306,110.38,boneka-asli,0.7155,1181,283,1466,637
3306,110.38,boneka-asli,0.6951,763,428,1103,821
3307,110.41,boneka-dummy,0.8918,520,633,925,1080
3307,110.41,boneka-asli,0.8770,244,331,617,723
3307,110.41,boneka-dummy,0.8587,1469,564,1826,961
3307,110.41,boneka-dummy,0.8536,1195,295,1484,646
3307,110.41,boneka-asli,0.7043,1483,331,1819,705
3307,110.41,boneka-asli,0.6339,1197,294,1482,647
3307,110.41,boneka-asli,0.5613,773,440,1111,836
3308,110.45,boneka-dummy,0.8940,539,648,942,1080
3308,110.45,boneka-dummy,0.8599,1213,298,1500,657
3308,110.45,boneka-asli,0.8406,259,341,622,736
3308,110.45,boneka-dummy,0.8254,1495,576,1842,974
3308,110.45,boneka-asli,0.7845,1496,337,1838,702
3308,110.45,boneka-asli,0.7370,1214,302,1497,658
3309,110.48,boneka-asli,0.8929,279,350,641,739
3309,110.48,boneka-dummy,0.8903,546,654,960,1080
3309,110.48,boneka-dummy,0.8611,1228,303,1520,665
3309,110.48,boneka-asli,0.7275,817,451,1155,851
3309,110.48,boneka-asli,0.6969,1230,308,1515,666
3309,110.48,boneka-asli,0.6719,1519,343,1866,694
3309,110.48,boneka-dummy,0.6653,1515,581,1868,984
3310,110.51,boneka-asli,0.8955,288,355,661,734
3310,110.51,boneka-dummy,0.8910,566,657,976,1080
3310,110.51,boneka-dummy,0.8584,1245,307,1537,667
3310,110.51,boneka-dummy,0.8010,1538,589,1904,993
3310,110.51,boneka-dummy,0.7999,823,456,1169,858
3310,110.51,boneka-asli,0.7714,1258,313,1529,669
3310,110.51,boneka-asli,0.6325,815,458,1163,859
3310,110.51,boneka-asli,0.6129,0,511,375,1080
3310,110.51,boneka-asli,0.5654,1534,349,1876,703
3311,110.55,boneka-dummy,0.8752,578,664,990,1080
3311,110.55,boneka-dummy,0.8737,1264,314,1560,674
3311,110.55,boneka-asli,0.7857,304,358,680,750
3311,110.55,boneka-asli,0.6998,849,466,1195,865
3311,110.55,boneka-dummy,0.6766,1554,589,1917,1000
3311,110.55,boneka-asli,0.5096,1562,356,1913,721
3312,110.58,boneka-dummy,0.8757,1279,319,1582,675
3312,110.58,boneka-asli,0.8573,321,362,687,733
3312,110.58,boneka-dummy,0.8385,589,673,1003,1080
3312,110.58,boneka-dummy,0.7548,1574,595,1918,1009
3312,110.58,boneka-dummy,0.7517,861,461,1211,871
3312,110.58,boneka-asli,0.5426,1576,362,1911,718
3312,110.58,boneka-asli,0.5133,859,464,1205,868
3313,110.61,boneka-asli,0.8712,333,367,696,731
3313,110.61,boneka-dummy,0.8702,1294,324,1599,683
3313,110.61,boneka-dummy,0.8491,595,676,1018,1080
3313,110.61,boneka-asli,0.7027,1297,325,1595,683
3313,110.61,boneka-dummy,0.6522,1593,597,1918,1027
3313,110.61,boneka-dummy,0.5291,861,461,1213,875
3314,110.65,boneka-dummy,0.8766,1311,324,1617,685
3314,110.65,boneka-asli,0.8739,347,371,711,739
3314,110.65,boneka-dummy,0.8270,610,677,1026,1080
3314,110.65,boneka-dummy,0.7485,1599,606,1920,1026
3314,110.65,boneka-dummy,0.6874,870,470,1235,880
3314,110.65,boneka-asli,0.6385,1610,369,1919,735
3315,110.68,boneka-dummy,0.8755,1320,324,1633,689
3315,110.68,boneka-dummy,0.8316,1624,609,1920,1035
3315,110.68,boneka-asli,0.8034,356,372,721,747
3315,110.68,boneka-dummy,0.5829,890,475,1252,879
3315,110.68,boneka-dummy,0.5607,603,680,1041,1080
3315,110.68,boneka-asli,0.5143,891,474,1245,880
3316,110.71,boneka-dummy,0.8829,1340,326,1649,690
3316,110.71,boneka-asli,0.8803,365,374,729,741
3316,110.71,boneka-dummy,0.8633,1642,609,1919,1039
3316,110.71,boneka-dummy,0.7223,615,683,1048,1080
3316,110.71,boneka-asli,0.5461,897,477,1251,885
3317,110.75,boneka-asli,0.8876,377,373,739,756
3317,110.75,boneka-dummy,0.8737,1353,326,1670,691
3317,110.75,boneka-dummy,0.8632,1657,608,1918,1053
3317,110.75,boneka-dummy,0.5780,621,684,1062,1080
3317,110.75,boneka-asli,0.5432,902,476,1257,886
3318,110.78,boneka-dummy,0.8909,1679,605,1919,1066
3318,110.78,boneka-asli,0.8760,382,372,743,761
3318,110.78,boneka-dummy,0.8730,1362,326,1682,696
3318,110.78,boneka-dummy,0.7186,641,681,1071,1080
3318,110.78,boneka-dummy,0.6739,913,476,1282,891
3319,110.81,boneka-dummy,0.8721,1370,322,1701,704
3319,110.81,boneka-dummy,0.8596,1692,603,1919,1075
3319,110.81,boneka-asli,0.8064,388,370,745,765
3319,110.81,boneka-dummy,0.7399,916,473,1305,896
3319,110.81,boneka-asli,0.7092,1690,365,1919,735
3319,110.81,boneka-dummy,0.5401,647,678,1074,1080
3319,110.81,boneka-asli,0.5281,222,724,629,1080
3320,110.85,boneka-dummy,0.8791,1373,320,1710,710
3320,110.85,boneka-asli,0.8345,379,368,747,770
3320,110.85,boneka-dummy,0.7357,1712,608,1919,1080
3320,110.85,boneka-dummy,0.7298,918,469,1306,909
3320,110.85,boneka-asli,0.7112,1699,365,1919,736
3320,110.85,boneka-dummy,0.6012,625,680,1074,1080
3321,110.88,boneka-dummy,0.8897,1374,321,1720,712
3321,110.88,boneka-asli,0.8409,372,362,749,777
3321,110.88,boneka-dummy,0.7979,924,466,1305,912
3321,110.88,boneka-dummy,0.7083,1707,369,1920,746
3321,110.88,boneka-dummy,0.6877,1722,593,1919,1080
3321,110.88,boneka-dummy,0.6324,614,679,1072,1080
3321,110.88,boneka-dummy,0.5317,631,496,883,629
3322,110.91,boneka-dummy,0.8802,1386,320,1726,712
3322,110.91,boneka-asli,0.8348,362,360,750,782
3322,110.91,boneka-dummy,0.7425,919,462,1311,916
3322,110.91,boneka-dummy,0.6461,612,678,1072,1080
3322,110.91,boneka-dummy,0.6000,1729,388,1919,1080
3322,110.91,boneka-asli,0.5148,905,465,1299,960
3323,110.95,boneka-dummy,0.8580,1399,317,1736,720
3323,110.95,boneka-asli,0.7429,354,358,740,782
3323,110.95,boneka-dummy,0.7364,931,464,1321,919
3323,110.95,boneka-dummy,0.6065,628,681,1075,1080
3323,110.95,boneka-dummy,0.5288,1744,652,1919,1080
3323,110.95,boneka-dummy,0.5133,1730,395,1920,761
3324,110.98,boneka-dummy,0.7986,1402,311,1748,729
3324,110.98,boneka-asli,0.7783,350,359,741,780
3324,110.98,boneka-asli,0.7579,907,469,1323,1060
3324,110.98,boneka-asli,0.7246,192,709,625,1080
3324,110.98,boneka-asli,0.6874,1402,325,1734,724
3324,110.98,boneka-dummy,0.6852,1767,670,1919,1080
3324,110.98,boneka-dummy,0.5115,1744,396,1919,758
3325,111.01,boneka-dummy,0.8332,1761,400,1919,779
3325,111.01,boneka-dummy,0.8282,1407,314,1780,739
3325,111.01,boneka-asli,0.7763,347,357,753,831
3325,111.01,boneka-asli,0.7234,923,465,1341,1080
3325,111.01,boneka-asli,0.7014,188,705,690,1080
3325,111.01,boneka-asli,0.6883,1435,327,1751,730
3325,111.01,boneka-dummy,0.5013,1775,667,1919,1080
3326,111.05,boneka-asli,0.8229,342,365,767,809
3326,111.05,boneka-dummy,0.7590,1415,330,1793,754
3326,111.05,boneka-dummy,0.6681,1777,405,1919,796
3326,111.05,boneka-asli,0.6412,189,723,732,1080
3326,111.05,boneka-asli,0.5785,928,481,1360,1038
3326,111.05,boneka-asli,0.5261,1423,331,1785,750
3327,111.08,boneka-asli,0.8542,358,374,781,858
3327,111.08,boneka-dummy,0.7760,1443,338,1830,765
3327,111.08,boneka-dummy,0.5556,974,493,1395,985
3327,111.08,boneka-asli,0.5312,187,621,695,1080
3328,111.11,boneka-dummy,0.8685,1452,347,1854,776
3328,111.11,boneka-asli,0.6928,377,378,771,861
3328,111.11,boneka-dummy,0.5857,993,497,1411,1017
3328,111.11,boneka-asli,0.5694,207,622,761,1080
3328,111.11,boneka-dummy,0.5583,764,750,1141,1072
3328,111.11,boneka-dummy,0.5035,1816,397,1919,824
3329,111.15,boneka-dummy,0.8854,1479,361,1865,789
3329,111.15,boneka-asli,0.6890,377,384,797,849
3329,111.15,boneka-dummy,0.5759,736,771,1149,1075
3329,111.15,boneka-dummy,0.5465,1015,512,1447,1020
3330,111.18,boneka-dummy,0.8838,1484,357,1892,814
3330,111.18,boneka-asli,0.6612,390,396,814,864
3330,111.18,boneka-dummy,0.6201,1037,524,1460,1060
3330,111.18,boneka-dummy,0.5386,853,780,1188,1080
3331,111.21,boneka-dummy,0.9081,1529,380,1918,835
3331,111.21,boneka-asli,0.7310,1077,531,1491,1079
3331,111.21,boneka-asli,0.7090,417,396,839,864
3332,111.25,boneka-dummy,0.8980,1538,389,1919,838
3332,111.25,boneka-asli,0.7478,435,403,856,892
3332,111.25,boneka-asli,0.5534,827,795,1301,1078
3332,111.25,boneka-dummy,0.5142,1113,549,1530,1080
3333,111.28,boneka-dummy,0.8755,1581,392,1920,863
3333,111.28,boneka-asli,0.5669,1147,558,1566,1080
3333,111.28,boneka-asli,0.5292,710,641,1284,1080
3334,111.31,boneka-dummy,0.8874,1624,404,1920,861
3334,111.31,boneka-dummy,0.8521,1184,565,1628,1080
3334,111.31,boneka-asli,0.7390,488,411,911,885
3335,111.35,boneka-dummy,0.8323,1671,409,1920,855
3335,111.35,boneka-dummy,0.7609,1265,561,1671,1080
3335,111.35,boneka-asli,0.5963,524,407,959,898
3336,111.38,boneka-dummy,0.7064,1743,507,1920,864
3336,111.38,boneka-asli,0.6694,571,410,998,895
3336,111.38,boneka-dummy,0.5533,1299,564,1755,1080
3337,111.41,boneka-dummy,0.8042,1327,573,1885,1080
3337,111.41,boneka-asli,0.5587,633,412,1060,896
3338,111.45,boneka-dummy,0.8450,1268,574,1920,1080
3339,111.48,boneka-dummy,0.7665,1398,569,1919,1080
3339,111.48,boneka-asli,0.5530,1337,569,1920,1080
3340,111.51,boneka-asli,0.7770,1424,569,1920,1080
3340,111.51,boneka-dummy,0.6673,1460,570,1919,1080
3340,111.51,boneka-dummy,0.5420,841,415,1257,903
3341,111.55,boneka-asli,0.7104,1596,606,1919,1080
3341,111.55,boneka-asli,0.5458,901,415,1321,909
3342,111.58,boneka-asli,0.6875,1698,565,1920,1080
3343,111.61,boneka-dummy,0.6056,1027,412,1450,926
3345,111.68,boneka-dummy,0.5631,1124,416,1560,938
3347,111.75,boneka-dummy,0.7820,1225,431,1661,963
3347,111.75,boneka-asli,0.7231,852,664,1258,1080
3348,111.78,boneka-asli,0.7564,895,668,1308,1080
3348,111.78,boneka-dummy,0.7178,1260,435,1733,963
3349,111.81,boneka-dummy,0.7569,1314,443,1768,965
3350,111.85,boneka-dummy,0.7153,1348,449,1807,1014
3351,111.88,boneka-dummy,0.8894,1386,449,1851,1031
3352,111.91,boneka-dummy,0.8070,1421,461,1908,1029
3352,111.91,boneka-dummy,0.6627,1075,693,1483,1080
3353,111.95,boneka-dummy,0.8406,1435,463,1918,1064
3354,111.98,boneka-dummy,0.8509,1475,475,1919,1055
3355,112.02,boneka-dummy,0.8125,1504,480,1919,1071
3355,112.02,boneka-asli,0.5437,1154,716,1574,1079
3356,112.05,boneka-dummy,0.8605,1512,486,1920,1070
3356,112.05,boneka-asli,0.5346,1148,725,1608,1079
3357,112.08,boneka-dummy,0.8625,1504,495,1920,1073
3358,112.12,boneka-dummy,0.8766,1509,499,1919,1080
3359,112.15,boneka-dummy,0.9239,1527,502,1919,1080
3359,112.15,boneka-asli,0.6124,1205,729,1647,1080
3360,112.18,boneka-dummy,0.9177,1548,512,1919,1080
3361,112.22,boneka-dummy,0.9133,1551,515,1919,1080
3362,112.25,boneka-dummy,0.8990,1560,518,1919,1080
3363,112.28,boneka-dummy,0.8963,1566,521,1919,1080
3364,112.32,boneka-dummy,0.9052,1564,524,1918,1080
3365,112.35,boneka-dummy,0.9159,1557,532,1918,1080
3366,112.38,boneka-dummy,0.9055,1536,539,1918,1079
3367,112.42,boneka-dummy,0.9092,1518,543,1918,1079
3368,112.45,boneka-dummy,0.9025,1509,549,1919,1080
3369,112.48,boneka-dummy,0.9242,1512,552,1920,1080
3370,112.52,boneka-dummy,0.9245,1512,555,1920,1080
3371,112.55,boneka-dummy,0.9163,1510,565,1920,1080
3372,112.58,boneka-dummy,0.8942,1494,566,1920,1080
3373,112.62,boneka-dummy,0.8617,1495,570,1919,1080
3374,112.65,boneka-dummy,0.8915,1486,574,1919,1080
3375,112.68,boneka-dummy,0.8820,1490,576,1919,1080
3376,112.72,boneka-dummy,0.9115,1488,579,1919,1080
3377,112.75,boneka-dummy,0.9064,1479,580,1920,1080
3378,112.78,boneka-dummy,0.9225,1469,580,1920,1080
3379,112.82,boneka-dummy,0.9271,1470,583,1919,1080
3380,112.85,boneka-dummy,0.9271,1458,580,1919,1080
3381,112.88,boneka-dummy,0.9148,1466,578,1919,1080
3382,112.92,boneka-dummy,0.9220,1461,579,1919,1079
3383,112.95,boneka-dummy,0.9116,1452,577,1918,1078
3384,112.98,boneka-dummy,0.9199,1442,575,1918,1078
3385,113.02,boneka-dummy,0.8734,1431,567,1909,1078
3386,113.05,boneka-dummy,0.8909,1419,565,1899,1080
3387,113.08,boneka-dummy,0.8591,1419,551,1886,1078
3388,113.12,boneka-dummy,0.8632,1414,551,1872,1078
3389,113.15,boneka-dummy,0.8750,1403,549,1860,1078
3390,113.18,boneka-dummy,0.8992,1391,547,1847,1080
3391,113.22,boneka-dummy,0.8743,1381,545,1839,1080
3391,113.22,boneka-asli,0.7106,1135,768,1432,1080
3392,113.25,boneka-dummy,0.8435,1364,537,1831,1075
3392,113.25,boneka-asli,0.6314,1099,766,1427,1077
3393,113.28,boneka-dummy,0.8835,1359,520,1821,1067
3394,113.32,boneka-dummy,0.8637,1346,512,1806,1059
3394,113.32,boneka-asli,0.6761,1033,752,1431,1078
3395,113.35,boneka-dummy,0.7675,1334,505,1791,1044
3395,113.35,boneka-asli,0.7000,1037,777,1409,1079
3396,113.38,boneka-dummy,0.7954,1331,500,1782,1046
3396,113.38,boneka-asli,0.6983,1024,738,1393,1080
3397,113.42,boneka-dummy,0.6830,1336,498,1769,1015
3398,113.45,boneka-dummy,0.7746,1328,496,1755,1019
3398,113.45,boneka-asli,0.6520,982,732,1377,1080
3399,113.48,boneka-dummy,0.6707,1317,495,1751,1015
3399,113.48,boneka-asli,0.6520,967,724,1371,1080
3400,113.52,boneka-asli,0.7529,1050,723,1330,1080
3400,113.52,boneka-dummy,0.6908,1290,489,1736,995
3401,113.55,boneka-asli,0.6745,1021,720,1329,1079
3401,113.55,boneka-dummy,0.6400,1289,488,1724,995
3402,113.58,boneka-dummy,0.6593,1276,485,1705,1007
3402,113.58,boneka-asli,0.6075,1016,722,1318,1079
3403,113.62,boneka-asli,0.5792,1026,722,1308,1078
3404,113.65,boneka-asli,0.6972,918,717,1287,1080
3404,113.65,boneka-asli,0.5201,1501,659,1919,1080
3405,113.68,boneka-dummy,0.6123,1245,476,1662,998
3405,113.68,boneka-asli,0.5827,848,720,1273,1080
3406,113.72,boneka-dummy,0.7686,1230,475,1652,987
3406,113.72,boneka-asli,0.6638,947,711,1260,1080
3407,113.75,boneka-dummy,0.7252,1209,469,1639,970
3407,113.75,boneka-asli,0.5808,1487,655,1919,1080
3408,113.78,boneka-asli,0.6948,1192,467,1622,967
3408,113.78,boneka-asli,0.6848,1551,628,1920,1080
3409,113.82,boneka-asli,0.6098,1484,623,1919,1080
3409,113.82,boneka-dummy,0.5333,1184,450,1596,972
3410,113.85,boneka-asli,0.6438,1561,624,1919,1080
3410,113.85,boneka-asli,0.5447,1166,453,1579,963
3410,113.85,boneka-asli,0.5128,822,689,1187,1080
3411,113.88,boneka-asli,0.7756,1574,615,1919,1080
3411,113.88,boneka-dummy,0.7374,1153,450,1561,952
3411,113.88,boneka-asli,0.5241,818,694,1169,1080
3412,113.92,boneka-dummy,0.8000,1142,443,1549,955
3412,113.92,boneka-asli,0.7799,1557,608,1919,1080
3413,113.95,boneka-asli,0.6939,1433,607,1920,1080
3413,113.95,boneka-dummy,0.6239,1119,433,1539,949
3413,113.95,boneka-asli,0.5608,738,676,1161,1080
3414,113.98,boneka-asli,0.6968,1472,589,1918,1080
3414,113.98,boneka-asli,0.5823,1108,421,1524,942
3414,113.98,boneka-asli,0.5383,1513,811,1838,1080
3415,114.02,boneka-asli,0.8124,1455,589,1915,1079
3415,114.02,boneka-asli,0.6570,1090,417,1501,925
3416,114.05,boneka-asli,0.7888,1415,597,1887,1078
3416,114.05,boneka-asli,0.5823,1078,414,1491,924
3417,114.09,boneka-asli,0.6758,1416,797,1787,1072
3417,114.09,boneka-asli,0.5905,1363,601,1858,1077
3418,114.12,boneka-asli,0.7274,1410,580,1837,1074
3419,114.15,boneka-asli,0.7150,1394,583,1837,1074
3419,114.15,boneka-asli,0.5535,1041,411,1454,909
3419,114.15,boneka-asli,0.5450,1686,528,1920,1080
3420,114.19,boneka-asli,0.7631,1423,578,1817,1069
3420,114.19,boneka-asli,0.5797,1020,411,1433,898
3421,114.22,boneka-asli,0.8235,1418,579,1804,1064
3421,114.22,boneka-dummy,0.6140,1015,405,1417,877
3421,114.22,boneka-asli,0.5759,1013,407,1409,892
3421,114.22,boneka-asli,0.5580,1748,524,1919,998
3422,114.25,boneka-asli,0.6612,1375,579,1784,1058
3422,114.25,boneka-dummy,0.5572,1002,404,1400,901
3422,114.25,boneka-asli,0.5411,1733,516,1919,969
3423,114.29,boneka-asli,0.5172,989,395,1385,927
3424,114.32,boneka-asli,0.6562,972,388,1374,911
3424,114.32,boneka-asli,0.5508,1318,609,1689,1023
3425,114.35,boneka-asli,0.6611,1498,464,1919,1080
3425,114.35,boneka-asli,0.5640,1314,545,1733,1021
3426,114.39,boneka-asli,0.7839,1452,447,1919,1080
3426,114.39,boneka-asli,0.5762,1344,672,1662,1004
3426,114.39,boneka-asli,0.5346,762,617,1020,806
3427,114.42,boneka-dummy,0.6467,948,356,1338,852
3427,114.42,boneka-asli,0.6453,1395,447,1919,1080
3428,114.45,boneka-asli,0.6774,1316,514,1684,987
3428,114.45,boneka-asli,0.6656,942,347,1318,856
3428,114.45,boneka-asli,0.6108,1393,423,1920,1080
3428,114.45,boneka-asli,0.5223,879,687,1507,1080
3429,114.49,boneka-asli,0.6862,1320,514,1682,970
3429,114.49,boneka-asli,0.5174,866,766,1490,1080
3429,114.49,boneka-asli,0.5150,1340,445,1920,1080
3430,114.52,boneka-asli,0.7329,1360,408,1919,1080
3430,114.52,boneka-asli,0.5642,1306,514,1663,965
3430,114.52,boneka-dummy,0.5082,912,327,1293,809
3431,114.55,boneka-dummy,0.6829,899,323,1284,794
3431,114.55,boneka-asli,0.5061,1343,398,1919,1080
3432,114.59,boneka-asli,0.5323,888,320,1263,821
3433,114.62,boneka-asli,0.6048,917,724,1413,1080
3433,114.62,boneka-dummy,0.5799,1448,388,1919,1006
3433,114.62,boneka-dummy,0.5615,868,314,1255,780
3433,114.62,boneka-asli,0.5354,872,314,1245,794
3434,114.65,boneka-dummy,0.7055,1251,494,1800,1080
3434,114.65,boneka-asli,0.5847,864,727,1417,1078
3434,114.65,boneka-asli,0.5668,865,314,1235,801
3434,114.65,boneka-dummy,0.5611,858,314,1241,792
3434,114.65,boneka-dummy,0.5085,1446,391,1919,938
3435,114.69,boneka-asli,0.6809,854,312,1219,786
3435,114.69,boneka-dummy,0.5939,1243,487,1783,1080
3435,114.69,boneka-dummy,0.5824,1433,389,1919,939
3435,114.69,boneka-asli,0.5533,721,747,1056,1080
3436,114.72,boneka-dummy,0.7565,1406,383,1919,934
3436,114.72,boneka-asli,0.6452,839,309,1203,801
3436,114.72,boneka-dummy,0.6443,1236,479,1746,1080
3437,114.75,boneka-dummy,0.6790,1421,382,1919,934
3437,114.75,boneka-dummy,0.6685,1213,465,1732,1080
3437,114.75,boneka-asli,0.6040,822,308,1187,784
3437,114.75,boneka-dummy,0.5254,819,309,1195,779
3438,114.79,boneka-dummy,0.7761,1189,495,1703,1080
3438,114.79,boneka-dummy,0.6906,1381,381,1918,930
3438,114.79,boneka-asli,0.5743,811,310,1169,761
3438,114.79,boneka-dummy,0.5322,809,307,1183,772
3439,114.82,boneka-dummy,0.8525,1186,495,1684,1080
3439,114.82,boneka-asli,0.6278,792,308,1159,757
3439,114.82,boneka-dummy,0.5733,786,304,1164,765
3439,114.82,boneka-dummy,0.5672,1378,375,1906,917
3440,114.85,boneka-dummy,0.8837,1168,500,1661,1080
3440,114.85,boneka-asli,0.6986,775,302,1149,771
3440,114.85,boneka-asli,0.6622,1344,369,1898,936
3440,114.85,boneka-asli,0.5533,636,755,1007,1080
3441,114.89,boneka-dummy,0.8757,1157,510,1650,1080
3441,114.89,boneka-asli,0.6737,767,299,1137,764
3441,114.89,boneka-dummy,0.5080,1344,368,1873,900
3442,114.92,boneka-dummy,0.8949,1145,479,1636,1080
3442,114.92,boneka-asli,0.7736,758,294,1125,773
3442,114.92,boneka-asli,0.5035,1340,353,1842,970
3443,114.95,boneka-dummy,0.8980,1128,476,1609,1080
3443,114.95,boneka-asli,0.8075,736,289,1108,738
3443,114.95,boneka-dummy,0.5010,1305,352,1831,880
3444,114.99,boneka-dummy,0.8615,1089,483,1598,1080
3444,114.99,boneka-asli,0.7634,719,286,1091,743
3444,114.99,boneka-dummy,0.7044,1322,348,1809,869
3444,114.99,boneka-asli,0.5888,1492,716,1918,1080
3445,115.02,boneka-dummy,0.8862,1079,468,1576,1080
3445,115.02,boneka-asli,0.8323,714,278,1081,719
3445,115.02,boneka-asli,0.6633,1471,643,1920,1080
3445,115.02,boneka-dummy,0.6335,1321,342,1787,867
3445,115.02,boneka-asli,0.5176,554,749,941,1080
3446,115.05,boneka-dummy,0.9018,1063,470,1553,1080
3446,115.05,boneka-asli,0.8251,705,272,1062,726
3446,115.05,boneka-dummy,0.8175,1770,372,1919,685
3446,115.05,boneka-asli,0.7076,1457,783,1920,1080
3446,115.05,boneka-asli,0.6566,529,729,926,1080
3447,115.09,boneka-dummy,0.9051,1049,441,1530,1080
3447,115.09,boneka-dummy,0.8285,1753,361,1919,666
3447,115.09,boneka-asli,0.8073,691,266,1052,697
3447,115.09,boneka-asli,0.7595,512,721,905,1080
3447,115.09,boneka-asli,0.5794,1442,699,1920,1080
3447,115.09,boneka-dummy,0.5403,1218,322,1738,850
3448,115.12,boneka-dummy,0.8917,1026,453,1513,1080
3448,115.12,boneka-dummy,0.7945,1738,272,1919,670
3448,115.12,boneka-asli,0.7602,667,257,1045,695
3448,115.12,boneka-asli,0.6500,495,717,888,1080
3449,115.15,boneka-dummy,0.9272,998,455,1491,1080
3449,115.15,boneka-dummy,0.8150,1716,342,1919,760
3449,115.15,boneka-asli,0.7965,480,703,883,1080
3449,115.15,boneka-asli,0.7878,662,254,1022,690
3449,115.15,boneka-dummy,0.5754,1510,577,1919,1080
3449,115.15,boneka-dummy,0.5256,1245,310,1701,840
3450,115.19,boneka-dummy,0.8913,980,447,1462,1080
3450,115.19,boneka-dummy,0.7946,1699,350,1919,773
3450,115.19,boneka-asli,0.7862,461,693,875,1080
3450,115.19,boneka-asli,0.7649,645,249,1006,681
3450,115.19,boneka-dummy,0.7295,1269,307,1684,826
3451,115.22,boneka-dummy,0.8079,964,451,1443,1080
3451,115.22,boneka-dummy,0.8027,1690,341,1918,767
3451,115.22,boneka-dummy,0.7623,1296,301,1654,823
3451,115.22,boneka-asli,0.7450,626,239,993,675
3451,115.22,boneka-asli,0.7371,435,699,827,1080
3451,115.22,boneka-asli,0.6679,1368,638,1920,1080
3452,115.25,boneka-dummy,0.8759,950,417,1425,1080
3452,115.25,boneka-dummy,0.8438,1670,222,1919,655
3452,115.25,boneka-asli,0.7849,615,235,979,685
3452,115.25,boneka-asli,0.7772,416,669,818,1080
3452,115.25,boneka-dummy,0.6982,1300,304,1662,812
3452,115.25,boneka-asli,0.5385,1325,728,1899,1080
3453,115.29,boneka-dummy,0.8566,932,422,1412,1080
3453,115.29,boneka-asli,0.8019,608,229,963,666
3453,115.29,boneka-asli,0.7908,404,628,810,1079
3453,115.29,boneka-dummy,0.7828,1651,225,1919,650
3453,115.29,boneka-asli,0.6869,1280,723,1920,1080
3453,115.29,boneka-dummy,0.5526,1266,291,1636,831
3454,115.32,boneka-dummy,0.8943,895,409,1387,1080
3454,115.32,boneka-asli,0.7892,582,225,948,650
3454,115.32,boneka-dummy,0.7482,1637,284,1917,636
3454,115.32,boneka-asli,0.7429,374,682,797,1080
3454,115.32,boneka-asli,0.7147,1220,280,1601,802
3455,115.35,boneka-dummy,0.8943,879,407,1362,1080
3455,115.35,boneka-dummy,0.8365,1623,320,1920,636
3455,115.35,boneka-asli,0.7954,576,221,931,647
3455,115.35,boneka-asli,0.7316,356,692,768,1080
3455,115.35,boneka-asli,0.5850,1292,734,1860,1080
3456,115.39,boneka-dummy,0.8560,862,397,1344,1079
3456,115.39,boneka-dummy,0.8219,1602,242,1917,630
3456,115.39,boneka-asli,0.8077,552,210,919,663
3456,115.39,boneka-asli,0.7025,327,682,746,1080
3456,115.39,boneka-asli,0.6837,1203,275,1553,792
3457,115.42,boneka-dummy,0.8009,852,396,1326,1063
3457,115.42,boneka-asli,0.7977,537,206,899,672
3457,115.42,boneka-asli,0.7297,1177,272,1542,784
3457,115.42,boneka-asli,0.7086,311,644,740,1080
3457,115.42,boneka-dummy,0.5907,1592,295,1916,628
3457,115.42,boneka-asli,0.5439,1589,217,1917,633
3457,115.42,boneka-dummy,0.5244,1182,269,1542,785
3458,115.45,boneka-asli,0.7951,520,208,885,642
3458,115.45,boneka-dummy,0.7820,823,388,1304,1062
3458,115.45,boneka-dummy,0.7073,1570,276,1917,627
3458,115.45,boneka-asli,0.6998,1154,267,1526,784
3458,115.45,boneka-dummy,0.6479,1173,268,1528,781
3458,115.45,boneka-asli,0.5706,296,659,725,1035
3459,115.49,boneka-dummy,0.8374,791,390,1276,1067
3459,115.49,boneka-asli,0.7866,504,207,863,648
3459,115.49,boneka-dummy,0.7132,1547,278,1912,630
3459,115.49,boneka-asli,0.7115,1108,269,1503,780
3460,115.52,boneka-dummy,0.8507,775,388,1250,1070
3460,115.52,boneka-asli,0.8255,478,207,850,646
3460,115.52,boneka-dummy,0.7851,1533,295,1888,631
3460,115.52,boneka-asli,0.7327,1133,271,1473,781
3460,115.52,boneka-asli,0.6194,230,621,688,1080
3460,115.52,boneka-dummy,0.5565,1137,269,1483,782
3460,115.52,boneka-asli,0.5128,1534,222,1882,633
3461,115.55,boneka-asli,0.8361,465,201,823,633
3461,115.55,boneka-dummy,0.8254,1511,297,1869,628
3461,115.55,boneka-dummy,0.7952,753,387,1224,1054
3461,115.55,boneka-asli,0.7904,1084,266,1448,774
3461,115.55,boneka-asli,0.5017,186,650,711,1080
3462,115.59,boneka-dummy,0.8045,734,381,1203,1059
3462,115.59,boneka-asli,0.7789,437,198,806,625
3462,115.59,boneka-dummy,0.7197,1497,275,1851,629
3462,115.59,boneka-dummy,0.7003,1093,264,1439,777
3462,115.59,boneka-asli,0.6300,1090,266,1436,779
3462,115.59,boneka-asli,0.5417,1363,583,1787,1071
3462,115.59,boneka-asli,0.5199,1634,667,1912,916
3463,115.62,boneka-dummy,0.8486,696,386,1168,1057
3463,115.62,boneka-asli,0.8251,422,198,787,624
3463,115.62,boneka-dummy,0.8061,1478,259,1836,634
3463,115.62,boneka-asli,0.7802,1025,269,1408,782
3463,115.62,boneka-asli,0.6350,143,579,604,1080
3464,115.65,boneka-dummy,0.8403,672,386,1152,1057
3464,115.65,boneka-dummy,0.7894,1452,304,1822,637
3464,115.65,boneka-asli,0.7873,400,198,765,632
3464,115.65,boneka-asli,0.7814,1029,272,1379,781
3464,115.65,boneka-asli,0.6869,98,610,601,1080
3464,115.65,boneka-dummy,0.5169,1035,267,1392,779
3465,115.69,boneka-dummy,0.8501,1434,280,1798,639
3465,115.69,boneka-dummy,0.8067,642,388,1125,1063
3465,115.69,boneka-asli,0.7702,378,195,747,632
3465,115.69,boneka-asli,0.7433,995,272,1355,787
3465,115.69,boneka-dummy,0.5924,1774,292,1919,680
3465,115.69,boneka-dummy,0.5559,1006,270,1353,784
3466,115.72,boneka-dummy,0.8534,605,389,1104,1071
3466,115.72,boneka-dummy,0.7441,1412,273,1777,643
3466,115.72,boneka-asli,0.7175,971,274,1342,811
3466,115.72,boneka-asli,0.6661,371,197,717,644
3466,115.72,boneka-asli,0.5349,1758,296,1920,685
3466,115.72,boneka-dummy,0.5324,984,272,1339,785
3467,115.75,boneka-dummy,0.8723,590,390,1067,1074
3467,115.75,boneka-asli,0.8051,336,199,689,642
3467,115.75,boneka-dummy,0.7856,1396,257,1753,648
3467,115.75,boneka-asli,0.7429,947,277,1315,793
3467,115.75,boneka-asli,0.6852,1737,301,1919,677
3467,115.75,boneka-asli,0.5224,1211,586,1670,1080
3467,115.75,boneka-asli,0.5122,851,727,1466,1080
3468,115.79,boneka-dummy,0.8976,560,397,1049,1074
3468,115.79,boneka-asli,0.7773,1722,304,1919,682
3468,115.79,boneka-asli,0.7673,926,279,1282,805
3468,115.79,boneka-dummy,0.7298,1380,239,1740,654
3468,115.79,boneka-asli,0.7183,321,200,670,646
3468,115.79,boneka-dummy,0.7127,1761,511,1919,966
3468,115.79,boneka-asli,0.5050,2,598,512,1077
3469,115.82,boneka-dummy,0.8860,529,403,1028,1080
3469,115.82,boneka-dummy,0.7900,1355,247,1715,661
3469,115.82,boneka-asli,0.7890,908,283,1270,804
3469,115.82,boneka-asli,0.7052,1697,298,1919,694
3469,115.82,boneka-asli,0.6599,297,204,644,653
3469,115.82,boneka-dummy,0.6548,1734,499,1919,1075
3470,115.85,boneka-dummy,0.9050,511,406,1011,1080
3470,115.85,boneka-dummy,0.8052,1346,250,1694,663
3470,115.85,boneka-asli,0.7489,884,290,1253,811
3470,115.85,boneka-dummy,0.7475,1712,439,1919,992
3470,115.85,boneka-asli,0.7248,283,203,630,668
3470,115.85,boneka-asli,0.6953,1673,294,1920,697
3470,115.85,boneka-asli,0.5896,0,593,401,1052
3471,115.89,boneka-dummy,0.9126,484,414,985,1080
3471,115.89,boneka-dummy,0.8475,1331,256,1681,668
3471,115.89,boneka-dummy,0.8198,1689,471,1919,1001
3471,115.89,boneka-asli,0.7889,1660,296,1919,710
3471,115.89,boneka-asli,0.6259,0,619,410,1078
3471,115.89,boneka-asli,0.6231,271,207,610,648
3471,115.89,boneka-asli,0.5448,860,298,1238,808
3472,115.92,boneka-dummy,0.9078,466,423,966,1080
3472,115.92,boneka-dummy,0.8623,1660,491,1920,999
3472,115.92,boneka-asli,0.7914,1641,306,1919,716
3472,115.92,boneka-asli,0.7303,0,671,414,1080
3472,115.92,boneka-dummy,0.6959,1310,271,1652,672
3472,115.92,boneka-asli,0.6633,240,213,583,652
3472,115.92,boneka-asli,0.6317,1318,269,1633,675
3472,115.92,boneka-dummy,0.5470,850,302,1224,799
3472,115.92,boneka-asli,0.5219,841,302,1216,809
3473,115.95,boneka-dummy,0.9107,1643,505,1920,1012
3473,115.95,boneka-dummy,0.9025,442,436,938,1080
3473,115.95,boneka-asli,0.8208,1627,309,1918,729
3473,115.95,boneka-dummy,0.8072,1295,325,1652,676
3473,115.95,boneka-asli,0.7340,0,625,409,1080
3473,115.95,boneka-dummy,0.6948,825,309,1205,807
3473,115.95,boneka-asli,0.6773,228,215,569,660
3474,115.99,boneka-dummy,0.8915,422,443,925,1080
3474,115.99,boneka-asli,0.8641,1611,319,1918,735
3474,115.99,boneka-dummy,0.8533,1619,507,1919,1039
3474,115.99,boneka-dummy,0.7958,1279,341,1625,683
3474,115.99,boneka-dummy,0.7216,214,216,568,680
3474,115.99,boneka-asli,0.6167,0,614,401,1076
3475,116.02,boneka-dummy,0.9284,1602,517,1918,1017
3475,116.02,boneka-dummy,0.9263,398,446,903,1080
3475,116.02,boneka-dummy,0.8089,1262,284,1603,691
3475,116.02,boneka-asli,0.8052,1591,325,1918,742
3475,116.02,boneka-asli,0.6253,186,223,538,669
3475,116.02,boneka-asli,0.5059,0,604,449,1055
3475,116.02,boneka-asli,0.5014,769,318,1153,964
3476,116.05,boneka-dummy,0.9239,376,448,878,1080
3476,116.05,boneka-dummy,0.8754,1589,524,1919,1030
3476,116.05,boneka-asli,0.8460,1579,328,1917,735
3476,116.05,boneka-dummy,0.8211,1246,279,1586,698
3476,116.05,boneka-asli,0.6071,172,225,524,673
3476,116.05,boneka-asli,0.5643,757,317,1143,1046
3477,116.09,boneka-dummy,0.9263,357,455,859,1080
3477,116.09,boneka-dummy,0.8617,1570,525,1918,1028
3477,116.09,boneka-asli,0.8182,1566,329,1918,764
3477,116.09,boneka-asli,0.8030,729,319,1127,841
3477,116.09,boneka-dummy,0.7695,1232,286,1578,699
3477,116.09,boneka-asli,0.5030,152,226,514,674
3478,116.12,boneka-dummy,0.9238,344,459,847,1080
3478,116.12,boneka-dummy,0.7938,1550,528,1920,1040
3478,116.12,boneka-asli,0.7864,718,325,1102,850
3478,116.12,boneka-asli,0.7849,1545,335,1918,789
3478,116.12,boneka-dummy,0.7721,1217,289,1557,704
3479,116.16,boneka-dummy,0.9254,322,451,832,1080
3479,116.16,boneka-dummy,0.8112,1535,507,1920,1042
3479,116.16,boneka-dummy,0.7731,1209,290,1542,704
3479,116.16,boneka-asli,0.7581,704,327,1095,874
3479,116.16,boneka-asli,0.7041,1535,339,1919,819
3479,116.16,boneka-asli,0.6237,0,597,355,903
3479,116.16,boneka-asli,0.5715,126,226,473,680
3480,116.19,boneka-dummy,0.9417,304,448,817,1080
3480,116.19,boneka-dummy,0.8146,1193,291,1529,702
3480,116.19,boneka-asli,0.7746,676,323,1084,862
3480,116.19,boneka-asli,0.7605,1513,341,1920,1032
3480,116.19,boneka-asli,0.6225,112,223,464,677
3481,116.22,boneka-dummy,0.8938,282,446,800,1080
3481,116.22,boneka-asli,0.8248,1499,336,1920,1029
3481,116.22,boneka-dummy,0.7796,1181,289,1521,700
3481,116.22,boneka-asli,0.7045,668,319,1058,873
3482,116.26,boneka-dummy,0.9208,274,448,787,1080
3482,116.26,boneka-dummy,0.7796,1168,304,1505,699
3482,116.26,boneka-asli,0.7399,1488,339,1917,1027
3482,116.26,boneka-asli,0.5910,663,317,1049,989
3482,116.26,boneka-asli,0.5772,84,215,433,677
3483,116.29,boneka-dummy,0.8958,261,442,772,1080
3483,116.29,boneka-asli,0.8130,1475,334,1887,1032
3483,116.29,boneka-dummy,0.7344,1155,290,1493,698
3483,116.29,boneka-asli,0.7260,644,314,1044,861
3483,116.29,boneka-asli,0.5535,70,213,429,674
3483,116.29,boneka-asli,0.5017,1156,290,1485,697
3484,116.32,boneka-dummy,0.9177,238,443,753,1080
3484,116.32,boneka-asli,0.8463,1464,337,1868,1031
3484,116.32,boneka-asli,0.7727,39,209,403,688
3484,116.32,boneka-dummy,0.7722,1141,289,1480,697
3484,116.32,boneka-asli,0.5657,621,314,1023,836
3485,116.36,boneka-dummy,0.8760,220,439,740,1080
3485,116.36,boneka-asli,0.8387,1449,340,1851,1032
3485,116.36,boneka-asli,0.8384,32,207,397,675
3485,116.36,boneka-dummy,0.7609,1126,332,1462,697
3485,116.36,boneka-asli,0.6344,1706,657,1920,1080
3485,116.36,boneka-dummy,0.5624,1446,529,1861,1025
3485,116.36,boneka-asli,0.5378,0,627,376,1080
3485,116.36,boneka-asli,0.5372,607,312,1007,850
3486,116.39,boneka-dummy,0.9062,192,438,728,1080
3486,116.39,boneka-asli,0.8856,1432,343,1839,1022
3486,116.39,boneka-asli,0.8190,22,204,381,678
3486,116.39,boneka-asli,0.7599,1684,652,1920,1080
3486,116.39,boneka-dummy,0.6849,1116,330,1444,698
3486,116.39,boneka-asli,0.6471,591,315,995,872
3487,116.42,boneka-dummy,0.9322,177,439,709,1080
3487,116.42,boneka-asli,0.8447,1408,345,1836,1022
3487,116.42,boneka-asli,0.7771,6,206,376,681
3487,116.42,boneka-asli,0.6686,1651,653,1920,1080
3487,116.42,boneka-dummy,0.6401,1102,290,1438,696
3488,116.46,boneka-dummy,0.8910,163,440,693,1080
3488,116.46,boneka-asli,0.8421,1401,346,1814,1022
3488,116.46,boneka-asli,0.8384,2,205,361,677
3488,116.46,boneka-dummy,0.7688,1091,295,1417,703
3488,116.46,boneka-asli,0.5139,953,798,1241,1075
3488,116.46,boneka-asli,0.5085,1628,725,1919,1080
3489,116.49,boneka-dummy,0.9161,145,442,680,1080
3489,116.49,boneka-asli,0.8571,1,202,355,688
3489,116.49,boneka-asli,0.8202,1380,349,1783,1025
3489,116.49,boneka-dummy,0.7986,1078,293,1404,702
3489,116.49,boneka-asli,0.5635,1606,716,1920,1080
3489,116.49,boneka-asli,0.5469,550,314,952,856
3490,116.52,boneka-dummy,0.9193,124,439,656,1080
3490,116.52,boneka-asli,0.8455,1363,352,1764,1025
3490,116.52,boneka-dummy,0.8399,1061,295,1391,698
3490,116.52,boneka-asli,0.8257,1614,670,1917,1080
3490,116.52,boneka-asli,0.7157,1,200,346,681
3490,116.52,boneka-asli,0.5288,524,314,940,834
3491,116.56,boneka-dummy,0.9119,100,439,640,1080
3491,116.56,boneka-asli,0.8731,1354,355,1755,1028
3491,116.56,boneka-asli,0.8060,1590,668,1916,1080
3491,116.56,boneka-dummy,0.7929,1048,293,1382,702
3491,116.56,boneka-asli,0.7744,518,317,912,843
3491,116.56,boneka-asli,0.7424,0,205,324,668
3492,116.59,boneka-dummy,0.9411,78,441,623,1080
3492,116.59,boneka-asli,0.8656,1337,358,1741,1031
3492,116.59,boneka-asli,0.8597,1571,668,1917,1080
3492,116.59,boneka-dummy,0.7737,1036,311,1361,704
3492,116.59,boneka-asli,0.7207,490,319,902,861
3492,116.59,boneka-asli,0.6398,0,205,319,672
3492,116.59,boneka-dummy,0.5348,1324,542,1757,1027
3493,116.62,boneka-dummy,0.9251,60,444,602,1080
3493,116.62,boneka-asli,0.8631,1312,359,1733,1033
3493,116.62,boneka-dummy,0.8343,1021,304,1350,706
3493,116.62,boneka-asli,0.7746,1552,684,1917,1080
3493,116.62,boneka-asli,0.7388,0,206,306,678
3493,116.62,boneka-asli,0.5224,471,319,888,849
3494,116.66,boneka-dummy,0.9360,39,448,587,1080
3494,116.66,boneka-asli,0.8455,1292,362,1715,1028
3494,116.66,boneka-dummy,0.8448,1006,307,1340,707
3494,116.66,boneka-asli,0.7043,453,323,869,859
3494,116.66,boneka-asli,0.6828,0,211,284,696
3494,116.66,boneka-asli,0.6409,1528,695,1918,1080
3494,116.66,boneka-dummy,0.5021,1289,550,1676,1028
3495,116.69,boneka-dummy,0.9362,15,448,571,1080
3495,116.69,boneka-asli,0.8482,1274,369,1679,1036
3495,116.69,boneka-dummy,0.8127,988,351,1324,708
3495,116.69,boneka-asli,0.7858,0,211,266,722
3495,116.69,boneka-asli,0.7721,429,324,859,847
3495,116.69,boneka-asli,0.7171,1508,646,1920,1080
3496,116.72,boneka-dummy,0.9338,8,444,550,1080
3496,116.72,boneka-asli,0.8847,1261,370,1669,1042
3496,116.72,boneka-dummy,0.7941,975,318,1304,709
3496,116.72,boneka-asli,0.7928,0,212,255,754
3496,116.72,boneka-asli,0.7341,416,328,839,833
3496,116.72,boneka-asli,0.6606,1476,711,1900,1080
3496,116.72,boneka-asli,0.5554,974,317,1294,714
3497,116.76,boneka-dummy,0.9340,0,445,534,1080
3497,116.76,boneka-asli,0.8430,1256,371,1657,1044
3497,116.76,boneka-dummy,0.7705,967,318,1305,713
3497,116.76,boneka-asli,0.7578,392,332,821,844
3497,116.76,boneka-asli,0.7559,0,213,239,791
3497,116.76,boneka-asli,0.6098,968,318,1287,716
3497,116.76,boneka-asli,0.5676,1470,708,1834,1080
3498,116.79,boneka-dummy,0.9494,0,448,515,1080
3498,116.79,boneka-asli,0.8427,1236,374,1647,1045
3498,116.79,boneka-asli,0.7622,375,329,806,843
3498,116.79,boneka-asli,0.7247,0,209,218,805
3498,116.79,boneka-dummy,0.7026,956,316,1286,713
3498,116.79,boneka-asli,0.6582,954,322,1271,717
3498,116.79,boneka-asli,0.5690,1453,691,1849,1080
3498,116.79,boneka-asli,0.5303,418,795,737,1080
3499,116.82,boneka-dummy,0.9510,0,450,497,1080
3499,116.82,boneka-asli,0.8253,1221,375,1640,1049
3499,116.82,boneka-asli,0.7890,368,336,796,851
3499,116.82,boneka-asli,0.7786,0,210,195,868
3499,116.82,boneka-asli,0.7131,948,323,1257,719
3499,116.82,boneka-dummy,0.6286,1210,562,1594,1050
3499,116.82,boneka-dummy,0.5502,943,388,1272,717
3500,116.86,boneka-dummy,0.9412,0,457,487,1080
3500,116.86,boneka-asli,0.7451,0,215,180,918
3500,116.86,boneka-asli,0.7391,946,325,1246,722
3500,116.86,boneka-asli,0.7235,1215,377,1625,1049
3500,116.86,boneka-asli,0.6775,357,339,785,846
3500,116.86,boneka-dummy,0.6636,1204,568,1563,1053
3500,116.86,boneka-asli,0.6511,721,673,1098,1079
3500,116.86,boneka-dummy,0.5639,933,327,1260,720
3501,116.89,boneka-dummy,0.9480,0,451,479,1080
3501,116.89,boneka-asli,0.8172,1191,379,1614,1052
3501,116.89,boneka-asli,0.7218,0,218,175,944
3501,116.89,boneka-asli,0.7184,926,325,1237,722
3501,116.89,boneka-asli,0.6461,339,339,774,845
3501,116.89,boneka-dummy,0.5740,925,358,1256,720
3501,116.89,boneka-dummy,0.5273,1187,572,1567,1050
3502,116.92,boneka-dummy,0.9441,0,453,467,1080
3502,116.92,boneka-asli,0.8518,1182,380,1598,1058
3502,116.92,boneka-dummy,0.7646,918,351,1252,721
3502,116.92,boneka-asli,0.7622,327,338,767,849
3502,116.92,boneka-asli,0.7191,918,325,1230,722
3502,116.92,boneka-asli,0.6870,0,222,163,936
3502,116.92,boneka-asli,0.5219,649,700,1130,1079
3503,116.96,boneka-dummy,0.9453,0,455,458,1080
3503,116.96,boneka-dummy,0.8042,910,389,1236,723
3503,116.96,boneka-asli,0.7738,319,340,765,848
3503,116.96,boneka-asli,0.7661,1176,383,1592,1054
3503,116.96,boneka-asli,0.7036,906,327,1214,724
3503,116.96,boneka-asli,0.6139,0,212,154,837
3503,116.96,boneka-asli,0.5083,327,813,705,1080
3504,116.99,boneka-dummy,0.9494,1,455,442,1080
3504,116.99,boneka-asli,0.7778,311,344,749,850
3504,116.99,boneka-asli,0.7765,902,327,1207,724
3504,116.99,boneka-asli,0.7385,1167,382,1584,1057
3504,116.99,boneka-dummy,0.5696,897,378,1222,725
3505,117.02,boneka-dummy,0.9474,1,456,436,1080
3505,117.02,boneka-asli,0.7956,1167,385,1579,1054
3505,117.02,boneka-asli,0.7845,898,327,1202,725
3505,117.02,boneka-asli,0.7755,300,340,745,848
3505,117.02,boneka-dummy,0.6920,894,361,1211,727
3505,117.02,boneka-asli,0.6113,0,273,151,719
3506,117.06,boneka-dummy,0.9468,1,456,430,1080
3506,117.06,boneka-asli,0.8030,1166,386,1570,1054
3506,117.06,boneka-asli,0.7942,902,327,1196,725
3506,117.06,boneka-asli,0.7495,290,339,738,849
3506,117.06,boneka-asli,0.6239,0,271,145,729
3507,117.09,boneka-dummy,0.9406,1,453,429,1080
3507,117.09,boneka-asli,0.8258,1149,384,1562,1053
3507,117.09,boneka-asli,0.7677,886,326,1191,721
3507,117.09,boneka-asli,0.7494,290,336,733,863
3507,117.09,boneka-asli,0.6597,0,284,134,716
3508,117.12,boneka-dummy,0.9461,0,462,420,1080
3508,117.12,boneka-asli,0.8292,1157,384,1557,1054
3508,117.12,boneka-asli,0.7744,285,334,726,858
3508,117.12,boneka-asli,0.7385,879,325,1191,721
3508,117.12,boneka-dummy,0.6723,0,289,147,694
3508,117.12,boneka-dummy,0.5045,1138,572,1499,1054
3509,117.16,boneka-dummy,0.9263,0,458,415,1080
3509,117.16,boneka-asli,0.8551,1140,384,1553,1053
3509,117.16,boneka-asli,0.7789,873,325,1184,721
3509,117.16,boneka-asli,0.7242,275,331,715,862
3509,117.16,boneka-dummy,0.5661,873,350,1201,720
3510,117.19,boneka-dummy,0.9545,0,454,404,1080
3510,117.19,boneka-asli,0.8452,1132,383,1549,1050
3510,117.19,boneka-asli,0.7836,863,325,1171,721
3510,117.19,boneka-asli,0.7605,275,331,709,859
3510,117.19,boneka-dummy,0.6580,861,396,1181,721
3510,117.19,boneka-asli,0.6177,0,452,318,758
3510,117.19,boneka-asli,0.5391,653,831,955,1065
3510,117.19,boneka-dummy,0.5304,1121,564,1482,1050
3510,117.19,boneka-asli,0.5038,299,793,644,1080
3511,117.22,boneka-dummy,0.9529,0,450,399,1080
3511,117.22,boneka-asli,0.8556,1124,382,1548,1046
3511,117.22,boneka-asli,0.7888,854,325,1165,719
3511,117.22,boneka-asli,0.7106,268,325,705,848
3511,117.22,boneka-dummy,0.6947,1115,566,1463,1047
3511,117.22,boneka-dummy,0.6109,852,342,1178,718
3512,117.26,boneka-dummy,0.9402,0,440,392,1080
3512,117.26,boneka-asli,0.8081,1111,380,1536,1047
3512,117.26,boneka-asli,0.7839,852,322,1154,718
3512,117.26,boneka-asli,0.6903,264,321,691,854
3512,117.26,boneka-dummy,0.6543,1106,570,1459,1046
3513,117.29,boneka-dummy,0.9107,0,439,382,1080
3513,117.29,boneka-asli,0.8270,1093,379,1516,1050
3513,117.29,boneka-asli,0.7447,834,322,1145,717
3513,117.29,boneka-dummy,0.5403,1095,584,1455,1045
3513,117.29,boneka-asli,0.5401,238,319,682,848
3514,117.32,boneka-dummy,0.9348,0,437,368,1080
3514,117.32,boneka-asli,0.8412,1081,378,1503,1043
3514,117.32,boneka-dummy,0.7511,822,379,1158,716
3514,117.32,boneka-asli,0.7022,825,319,1141,717
3514,117.32,boneka-asli,0.6012,222,315,674,859
3514,117.32,boneka-asli,0.5777,251,793,579,1080
3514,117.32,boneka-dummy,0.5361,1085,569,1466,1041
3515,117.36,boneka-dummy,0.8770,0,425,349,1080
3515,117.36,boneka-dummy,0.8263,805,309,1139,712
3515,117.36,boneka-asli,0.8117,1070,376,1488,1033
3515,117.36,boneka-asli,0.5656,812,317,1131,713
3515,117.36,boneka-asli,0.5453,217,312,665,835
3515,117.36,boneka-asli,0.5271,1286,714,1647,1080
3515,117.36,boneka-asli,0.5017,236,792,659,1079
3516,117.39,boneka-dummy,0.8704,0,416,334,1080
3516,117.39,boneka-asli,0.8222,1066,372,1482,1023
3516,117.39,boneka-dummy,0.7429,796,374,1119,710
3516,117.39,boneka-dummy,0.6560,1062,556,1400,1026
3516,117.39,boneka-asli,0.6297,1281,666,1625,1080
3516,117.39,boneka-dummy,0.5799,186,303,646,867
3517,117.42,boneka-asli,0.8603,1049,371,1467,1031
3517,117.42,boneka-dummy,0.8200,0,411,315,1080
3517,117.42,boneka-dummy,0.7775,783,399,1112,710
3517,117.42,boneka-asli,0.6303,1258,730,1660,1080
3517,117.42,boneka-dummy,0.5084,1041,558,1412,1028
3518,117.46,boneka-dummy,0.8267,0,414,297,1080
3518,117.46,boneka-asli,0.8244,1028,370,1452,1025
3518,117.46,boneka-dummy,0.7509,772,297,1099,708
3519,117.49,boneka-dummy,0.8490,0,396,280,1080
3519,117.49,boneka-dummy,0.7855,753,318,1079,707
3519,117.49,boneka-asli,0.7776,1011,371,1436,1020
3519,117.49,boneka-asli,0.6359,1144,370,1429,799
3519,117.49,boneka-asli,0.5352,1274,665,1639,937
3520,117.52,boneka-asli,0.8688,990,371,1416,1018
3520,117.52,boneka-dummy,0.8562,0,386,262,1080
3520,117.52,boneka-dummy,0.7218,743,368,1069,701
3521,117.56,boneka-dummy,0.8372,0,386,245,1080
3521,117.56,boneka-asli,0.8259,977,368,1397,1018
3521,117.56,boneka-dummy,0.7724,727,299,1060,704
3521,117.56,boneka-asli,0.6671,1199,672,1542,1080
3521,117.56,boneka-asli,0.5121,102,288,577,824
3522,117.59,boneka-asli,0.8307,1178,648,1531,1080
3522,117.59,boneka-dummy,0.8086,719,301,1040,701
3522,117.59,boneka-dummy,0.7617,1,404,211,1080
3522,117.59,boneka-asli,0.6717,964,367,1392,1014
3522,117.59,boneka-dummy,0.5278,966,566,1306,1015
3523,117.62,boneka-asli,0.8502,948,372,1370,1015
3523,117.62,boneka-asli,0.7343,70,289,529,826
3523,117.62,boneka-dummy,0.7232,697,301,1022,703
3523,117.62,boneka-dummy,0.7232,1,405,197,1080
3523,117.62,boneka-asli,0.5386,1146,674,1567,1080
3524,117.66,boneka-dummy,0.8227,680,296,1012,700
3524,117.66,boneka-asli,0.7508,1021,370,1346,788
3524,117.66,boneka-dummy,0.7075,0,436,192,1079
3524,117.66,boneka-asli,0.6096,1139,637,1555,1080
3524,117.66,boneka-dummy,0.5756,921,544,1271,1013
3524,117.66,boneka-asli,0.5743,37,290,512,808
3525,117.69,boneka-dummy,0.8152,660,294,992,695
3525,117.69,boneka-asli,0.7663,1119,631,1550,1080
3525,117.69,boneka-dummy,0.6732,901,552,1257,1009
3525,117.69,boneka-asli,0.6519,1037,372,1327,788
3525,117.69,boneka-asli,0.5346,898,373,1333,991
3525,117.69,boneka-dummy,0.5286,7,286,488,798
3526,117.72,boneka-dummy,0.8606,642,307,971,702
3526,117.72,boneka-asli,0.8093,1089,636,1465,1080
3526,117.72,boneka-asli,0.7925,880,371,1303,1013
3526,117.72,boneka-asli,0.5697,485,637,910,1080
3526,117.72,boneka-asli,0.5320,1,289,479,806
3527,117.76,boneka-dummy,0.8610,625,303,959,703
3527,117.76,boneka-asli,0.7418,982,370,1280,792
3527,117.76,boneka-dummy,0.7343,854,553,1208,1015
3527,117.76,boneka-asli,0.5995,1063,654,1469,1080
3527,117.76,boneka-dummy,0.5572,0,285,439,822
3527,117.76,boneka-asli,0.5108,459,662,919,1080
3528,117.79,boneka-dummy,0.8451,602,306,942,705
3528,117.79,boneka-dummy,0.7766,0,294,418,825
3528,117.79,boneka-dummy,0.7407,830,556,1191,1017
3528,117.79,boneka-asli,0.7205,983,375,1259,795
3528,117.79,boneka-asli,0.6120,1046,642,1446,1080
3528,117.79,boneka-asli,0.5108,827,370,1258,1021
3529,117.82,boneka-dummy,0.8407,586,306,910,704
3529,117.82,boneka-dummy,0.8027,804,563,1162,1021
3529,117.82,boneka-asli,0.7218,948,378,1235,794
3529,117.82,boneka-asli,0.5458,1015,657,1441,1080
3530,117.86,boneka-dummy,0.8273,557,306,891,708
3530,117.86,boneka-asli,0.7619,937,375,1215,804
3530,117.86,boneka-asli,0.5884,0,299,374,978
3530,117.86,boneka-dummy,0.5528,779,564,1128,1022
3531,117.89,boneka-dummy,0.8412,538,309,870,710
3531,117.89,boneka-asli,0.8137,889,377,1188,805
3531,117.89,boneka-asli,0.7367,0,301,338,864
3531,117.89,boneka-dummy,0.7083,756,569,1096,1026
3532,117.92,boneka-dummy,0.8162,727,571,1056,1033
3532,117.92,boneka-asli,0.8109,870,383,1173,806
3532,117.92,boneka-dummy,0.7752,511,379,848,714
3532,117.92,boneka-asli,0.5849,515,319,827,716
3532,117.92,boneka-asli,0.5637,0,304,313,849
3533,117.96,boneka-asli,0.7738,842,390,1143,808
3533,117.96,boneka-dummy,0.7636,488,387,823,721
3533,117.96,boneka-dummy,0.7342,695,577,1053,1042
3533,117.96,boneka-asli,0.6457,488,323,798,722
3533,117.96,boneka-dummy,0.5009,1018,672,1357,958
3534,117.99,boneka-asli,0.8431,821,391,1122,813
3534,117.99,boneka-dummy,0.7907,675,580,1008,1045
3534,117.99,boneka-dummy,0.7820,463,315,798,721
3534,117.99,boneka-asli,0.6173,473,325,775,724
3534,117.99,boneka-dummy,0.5039,0,310,261,1043
3535,118.02,boneka-dummy,0.8476,642,583,978,1046
3535,118.02,boneka-dummy,0.8187,441,326,773,724
3535,118.02,boneka-asli,0.7987,788,394,1093,819
3535,118.02,boneka-asli,0.7963,0,311,226,998
3535,118.02,boneka-asli,0.5681,440,326,756,724
3536,118.06,boneka-asli,0.8459,769,397,1075,817
3536,118.06,boneka-dummy,0.8382,416,380,749,727
3536,118.06,boneka-dummy,0.8229,622,585,963,1048
3536,118.06,boneka-asli,0.7371,0,340,200,890
3536,118.06,boneka-asli,0.6833,418,327,729,726
3536,118.06,boneka-dummy,0.6281,926,668,1283,965
3537,118.09,boneka-asli,0.8247,739,398,1051,817
3537,118.09,boneka-dummy,0.8110,589,586,950,1051
3537,118.09,boneka-dummy,0.8052,393,374,722,729
3537,118.09,boneka-asli,0.6388,0,345,177,907
3537,118.09,boneka-asli,0.5840,394,327,705,726
3537,118.09,boneka-dummy,0.5177,931,665,1226,963
3538,118.13,boneka-asli,0.8717,720,397,1032,819
3538,118.13,boneka-dummy,0.8629,580,585,905,1051
3538,118.13,boneka-dummy,0.8253,372,358,697,731
3538,118.13,boneka-asli,0.6534,371,328,685,727
3538,118.13,boneka-dummy,0.5106,891,664,1215,965
3539,118.16,boneka-dummy,0.8553,545,584,894,1052
3539,118.16,boneka-dummy,0.8399,348,381,674,732
3539,118.16,boneka-asli,0.8247,694,397,1002,821
3539,118.16,boneka-asli,0.5479,347,327,661,726
3539,118.16,boneka-dummy,0.5358,0,486,393,910
3539,118.16,boneka-dummy,0.5233,884,670,1199,957
3540,118.19,boneka-asli,0.8688,689,396,985,820
3540,118.19,boneka-dummy,0.8632,531,582,853,1050
3540,118.19,boneka-dummy,0.8302,325,343,654,732
3540,118.19,boneka-asli,0.6566,326,327,642,727
3541,118.23,boneka-asli,0.8415,661,397,960,808
3541,118.23,boneka-dummy,0.8288,499,585,835,1046
3541,118.23,boneka-dummy,0.8039,304,385,637,728
3541,118.23,boneka-asli,0.6663,0,729,483,1080
3541,118.23,boneka-asli,0.5482,307,326,614,724
3542,118.26,boneka-asli,0.8651,648,392,943,806
3542,118.26,boneka-dummy,0.8094,480,582,814,1046
3542,118.26,boneka-dummy,0.7997,283,326,619,724
3542,118.26,boneka-asli,0.6468,278,326,609,723
3543,118.29,boneka-dummy,0.8645,453,577,781,1041
3543,118.29,boneka-asli,0.8459,620,392,912,803
3543,118.29,boneka-dummy,0.8183,258,369,592,727
3543,118.29,boneka-asli,0.5063,0,738,430,1080
3544,118.33,boneka-asli,0.8835,609,383,895,804
3544,118.33,boneka-dummy,0.8782,439,572,761,1041
3544,118.33,boneka-dummy,0.7294,235,356,575,725
3544,118.33,boneka-asli,0.7043,235,323,563,720
3545,118.36,boneka-asli,0.8656,581,383,863,794
3545,118.36,boneka-dummy,0.8564,412,573,748,1035
3545,118.36,boneka-dummy,0.7383,216,363,544,720
3545,118.36,boneka-asli,0.6669,226,321,534,720
3546,118.39,boneka-dummy,0.8844,391,564,716,1027
3546,118.39,boneka-asli,0.8533,559,379,850,788
3546,118.39,boneka-dummy,0.8447,194,311,527,714
3547,118.43,boneka-asli,0.8710,541,372,823,792
3547,118.43,boneka-dummy,0.8676,361,561,715,1022
3547,118.43,boneka-dummy,0.8463,166,307,501,715
3548,118.46,boneka-asli,0.8831,513,374,802,779
3548,118.46,boneka-dummy,0.8613,334,553,671,1014
3548,118.46,boneka-dummy,0.8502,143,301,475,709
3549,118.49,boneka-asli,0.8776,476,369,770,773
3549,118.49,boneka-dummy,0.8282,108,303,441,705
3549,118.49,boneka-dummy,0.7663,302,547,636,1008
3550,118.53,boneka-asli,0.8929,439,365,738,778
3550,118.53,boneka-dummy,0.8438,76,338,410,704
3550,118.53,boneka-dummy,0.7646,262,543,626,1001
3551,118.56,boneka-asli,0.8332,395,362,706,777
3551,118.56,boneka-dummy,0.8266,42,292,370,700
3551,118.56,boneka-dummy,0.8000,219,537,577,999
3552,118.59,boneka-asli,0.8392,366,357,668,772
3552,118.59,boneka-dummy,0.7856,177,536,543,1000
3552,118.59,boneka-dummy,0.7295,2,286,322,702
3553,118.63,boneka-dummy,0.8284,1,326,299,700
3553,118.63,boneka-asli,0.7663,331,355,628,765
3553,118.63,boneka-dummy,0.7444,136,532,496,998
3554,118.66,boneka-dummy,0.7872,96,531,454,997
3554,118.66,boneka-dummy,0.7535,1,290,256,701
3554,118.66,boneka-asli,0.5968,319,352,587,759
3554,118.66,boneka-asli,0.5325,3,284,252,704
3555,118.69,boneka-dummy,0.8221,54,527,423,1001
3555,118.69,boneka-dummy,0.7655,0,289,213,692
3555,118.69,boneka-asli,0.7541,259,347,561,756
3556,118.73,boneka-dummy,0.8498,10,528,393,998
3556,118.73,boneka-dummy,0.8117,0,279,162,696
3556,118.73,boneka-asli,0.7664,218,346,519,747
3557,118.76,boneka-dummy,0.8453,0,526,355,1002
3557,118.76,boneka-dummy,0.7353,0,383,127,693
3557,118.76,boneka-dummy,0.5567,188,345,475,743
3558,118.79,boneka-dummy,0.8238,0,522,325,1006
3558,118.79,boneka-dummy,0.5209,136,339,458,757
3559,118.83,boneka-dummy,0.6763,0,522,297,999
3559,118.83,boneka-asli,0.5198,101,341,394,730
3560,118.86,boneka-dummy,0.6334,0,514,234,995
3561,118.89,boneka-dummy,0.6925,0,326,317,1038
3587,119.76,boneka-asli,0.7059,1,305,312,1032
3588,119.79,boneka-dummy,0.6925,0,485,347,986
3588,119.79,boneka-asli,0.6678,107,315,377,726
3589,119.83,boneka-dummy,0.7523,0,488,293,984
3590,119.86,boneka-dummy,0.8603,4,499,373,972
3590,119.86,boneka-dummy,0.6663,0,318,136,692
3590,119.86,boneka-asli,0.6633,190,323,495,784
3591,119.89,boneka-asli,0.8510,239,326,533,741
3591,119.89,boneka-dummy,0.8267,49,502,406,974
3591,119.89,boneka-dummy,0.8064,0,274,188,686
3592,119.93,boneka-dummy,0.8198,96,505,441,978
3592,119.93,boneka-asli,0.8043,277,325,582,747
3592,119.93,boneka-dummy,0.8027,0,278,226,692
3593,119.96,boneka-dummy,0.8408,1,305,271,699
3593,119.96,boneka-asli,0.7994,325,330,622,749
3593,119.96,boneka-dummy,0.7929,148,508,523,985
3594,119.99,boneka-asli,0.8759,369,329,666,751
3594,119.99,boneka-dummy,0.8428,3,278,314,701
3594,119.99,boneka-dummy,0.7509,202,512,566,988
3595,120.03,boneka-asli,0.8629,417,329,712,747
3595,120.03,boneka-dummy,0.8318,25,280,362,701
3595,120.03,boneka-dummy,0.7299,255,516,630,989
3596,120.06,boneka-asli,0.8272,455,327,754,762
3596,120.06,boneka-dummy,0.8038,63,275,404,708
3596,120.06,boneka-dummy,0.6892,298,523,674,1003
3597,120.09,boneka-asli,0.7868,489,338,797,763
3597,120.09,boneka-dummy,0.7684,103,281,448,710
3597,120.09,boneka-dummy,0.6895,345,530,700,1004
3598,120.13,boneka-dummy,0.8181,141,292,484,715
3598,120.13,boneka-asli,0.7412,519,348,832,777
3598,120.13,boneka-dummy,0.6494,631,612,1064,1080
3598,120.13,boneka-dummy,0.5957,387,547,761,1020
3598,120.13,boneka-dummy,0.5917,727,620,1056,898
3599,120.16,boneka-asli,0.7892,558,355,867,787
3599,120.16,boneka-dummy,0.7019,177,301,525,721
3599,120.16,boneka-dummy,0.6758,436,548,805,1036
3599,120.16,boneka-dummy,0.6675,664,611,1098,1080
3599,120.16,boneka-dummy,0.6420,0,497,199,1080
3600,120.20,boneka-asli,0.8357,607,361,908,803
3600,120.20,boneka-dummy,0.7769,212,315,563,738
3600,120.20,boneka-dummy,0.6581,483,562,830,1057
3600,120.20,boneka-dummy,0.6509,755,623,1160,1080
3601,120.23,boneka-dummy,0.8375,248,307,595,752
3601,120.23,boneka-asli,0.8103,659,371,944,814
3601,120.23,boneka-dummy,0.7481,520,580,877,1072
3601,120.23,boneka-dummy,0.6320,0,514,264,1016
3601,120.23,boneka-dummy,0.5520,782,639,1165,1080
3602,120.26,boneka-dummy,0.8133,281,320,628,759
3602,120.26,boneka-dummy,0.6979,555,584,960,1080
3602,120.26,boneka-asli,0.6954,669,373,986,825
3603,120.30,boneka-dummy,0.8090,316,324,667,767
3603,120.30,boneka-asli,0.6893,663,387,1027,1080
3603,120.30,boneka-dummy,0.5947,600,523,1004,1080
3604,120.33,boneka-asli,0.8183,667,390,1069,1080
3604,120.33,boneka-dummy,0.7835,346,328,717,771
3604,120.33,boneka-asli,0.5673,0,387,161,1080
3604,120.33,boneka-dummy,0.5659,644,607,1023,1080
3605,120.36,boneka-dummy,0.7406,381,335,736,781
3605,120.36,boneka-asli,0.6918,707,390,1106,1080
3605,120.36,boneka-dummy,0.6522,698,473,1090,1080
3605,120.36,boneka-asli,0.5800,0,386,193,1080
3606,120.40,boneka-asli,0.7828,0,403,222,1075
3606,120.40,boneka-asli,0.7789,752,395,1159,1080
3606,120.40,boneka-dummy,0.7641,418,338,781,789
3606,120.40,boneka-dummy,0.5407,17,527,441,1057
3607,120.43,boneka-asli,0.8299,793,401,1195,1080
3607,120.43,boneka-dummy,0.7826,447,340,817,792
3607,120.43,boneka-asli,0.7238,1,390,258,1080
3608,120.46,boneka-dummy,0.8267,484,340,857,792
3608,120.46,boneka-asli,0.8035,832,398,1240,1080
3608,120.46,boneka-asli,0.6708,0,386,310,1074
3609,120.50,boneka-dummy,0.8356,515,333,888,789
3609,120.50,boneka-dummy,0.7876,870,448,1294,1080
3609,120.50,boneka-asli,0.7658,870,395,1277,1080
3609,120.50,boneka-asli,0.7009,0,371,348,1068
3609,120.50,boneka-dummy,0.5460,185,526,553,1065
3610,120.53,boneka-dummy,0.8925,906,610,1368,1080
3610,120.53,boneka-dummy,0.8339,542,323,921,787
3610,120.53,boneka-asli,0.8031,904,389,1301,841
3610,120.53,boneka-asli,0.5587,1196,788,1545,1033
3610,120.53,boneka-dummy,0.5183,224,519,577,1071
3611,120.56,boneka-dummy,0.8460,938,602,1402,1080
3611,120.56,boneka-dummy,0.8044,558,309,953,784
3611,120.56,boneka-asli,0.7973,929,382,1348,849
3611,120.56,boneka-asli,0.6424,0,343,405,1063
3612,120.60,boneka-dummy,0.8431,578,309,979,774
3612,120.60,boneka-dummy,0.8200,970,598,1405,1080
3612,120.60,boneka-asli,0.8037,956,372,1381,892
3613,120.63,boneka-dummy,0.8633,1001,582,1479,1080
3613,120.63,boneka-asli,0.8240,983,361,1394,822
3613,120.63,boneka-dummy,0.7808,601,297,989,771
3613,120.63,boneka-asli,0.5146,1,301,455,1074
3614,120.66,boneka-dummy,0.8756,1038,555,1504,1080
3614,120.66,boneka-dummy,0.8478,615,284,1004,759
3614,120.66,boneka-asli,0.8207,997,342,1439,805
3614,120.66,boneka-asli,0.6139,0,273,462,1064
3615,120.70,boneka-asli,0.8635,1029,330,1465,798
3615,120.70,boneka-dummy,0.8269,1066,542,1525,1080
3615,120.70,boneka-dummy,0.6727,632,261,1026,752
3615,120.70,boneka-asli,0.6087,0,248,506,1059
3616,120.73,boneka-dummy,0.9282,1093,526,1586,1080
3616,120.73,boneka-dummy,0.8350,643,243,1074,739
3616,120.73,boneka-asli,0.8220,1049,316,1483,784
3616,120.73,boneka-dummy,0.7021,0,217,520,1011
3617,120.76,boneka-dummy,0.9190,1113,507,1612,1080
3617,120.76,boneka-dummy,0.8772,657,227,1081,740
3617,120.76,boneka-dummy,0.8112,0,181,538,1012
3617,120.76,boneka-asli,0.7266,1059,303,1513,788
3618,120.80,boneka-dummy,0.9205,1131,502,1633,1080
3618,120.80,boneka-dummy,0.8714,657,217,1085,730
3618,120.80,boneka-dummy,0.8193,0,154,533,993
3618,120.80,boneka-asli,0.6734,1066,290,1524,778
3619,120.83,boneka-dummy,0.9337,1136,494,1651,1080
3619,120.83,boneka-dummy,0.8730,659,206,1080,727
3619,120.83,boneka-dummy,0.7297,0,139,530,1008
3619,120.83,boneka-asli,0.6233,1069,281,1520,778
3620,120.86,boneka-dummy,0.9363,1142,473,1665,1080
3620,120.86,boneka-dummy,0.8714,653,195,1078,728
3620,120.86,boneka-dummy,0.7330,0,115,519,1026
3620,120.86,boneka-asli,0.7130,1076,275,1517,776
3620,120.86,boneka-asli,0.5982,0,114,500,991
3621,120.90,boneka-dummy,0.9341,1139,457,1678,1080
3621,120.90,boneka-dummy,0.8883,643,177,1079,717
3621,120.90,boneka-asli,0.7967,0,93,487,991
3621,120.90,boneka-dummy,0.6761,0,81,512,1039
3621,120.90,boneka-asli,0.6625,1066,259,1518,774
3621,120.90,boneka-asli,0.5423,587,694,1135,1080
3622,120.93,boneka-dummy,0.9133,1131,428,1672,1080
3622,120.93,boneka-dummy,0.8668,628,154,1071,697
3622,120.93,boneka-dummy,0.7050,0,38,488,1039
3622,120.93,boneka-asli,0.6054,1063,237,1495,763
3622,120.93,boneka-asli,0.5487,609,694,1123,1080
3622,120.93,boneka-asli,0.5149,1470,736,1919,1080
3622,120.93,boneka-asli,0.5140,0,41,478,995
3623,120.96,boneka-dummy,0.8899,1113,417,1671,1080
3623,120.96,boneka-asli,0.8531,1045,221,1500,746
3623,120.96,boneka-dummy,0.7708,605,134,1067,687
3623,120.96,boneka-asli,0.6366,699,702,1112,1080
3623,120.96,boneka-asli,0.6175,0,0,430,950
3624,121.00,boneka-dummy,0.8945,1096,414,1671,1080
3624,121.00,boneka-asli,0.8536,1027,201,1504,741
3624,121.00,boneka-dummy,0.8431,583,114,1045,676
3624,121.00,boneka-asli,0.5021,618,698,1085,1080
3625,121.03,boneka-dummy,0.8882,1072,401,1670,1080
3625,121.03,boneka-asli,0.8085,1006,182,1503,729
3625,121.03,boneka-dummy,0.8004,560,90,1036,668
3625,121.03,boneka-asli,0.6347,1450,707,1919,1080
3625,121.03,boneka-asli,0.5420,601,699,1061,1080
3626,121.06,boneka-dummy,0.8765,1047,384,1651,1080
3626,121.06,boneka-asli,0.7461,985,167,1470,723
3626,121.06,boneka-asli,0.7136,1444,691,1919,1080
3626,121.06,boneka-dummy,0.6923,528,62,1005,653
3626,121.06,boneka-asli,0.5345,0,0,308,944
3627,121.10,boneka-dummy,0.8632,1032,352,1636,1080
3627,121.10,boneka-dummy,0.7566,493,49,988,640
3627,121.10,boneka-asli,0.7036,969,152,1450,702
3627,121.10,boneka-asli,0.6937,1424,670,1920,1080
3627,121.10,boneka-asli,0.5168,0,0,266,939
3628,121.13,boneka-dummy,0.8711,1014,291,1628,1080
3628,121.13,boneka-asli,0.7656,955,132,1435,702
3628,121.13,boneka-asli,0.7564,1431,674,1919,1080
3628,121.13,boneka-dummy,0.6929,462,36,958,621
3628,121.13,boneka-dummy,0.5302,1,291,523,970
3629,121.16,boneka-dummy,0.8617,993,282,1625,1080
3629,121.16,boneka-dummy,0.8090,447,14,938,617
3629,121.16,boneka-asli,0.7985,937,113,1415,685
3629,121.16,boneka-asli,0.7320,1399,656,1920,1080
3629,121.16,boneka-dummy,0.5463,2,312,493,989
3629,121.16,boneka-asli,0.5008,528,668,982,1054
3630,121.20,boneka-dummy,0.8456,973,234,1628,1080
3630,121.20,boneka-dummy,0.8113,418,0,931,612
3630,121.20,boneka-asli,0.7881,916,107,1399,673
3630,121.20,boneka-asli,0.7464,1426,669,1919,1080
3630,121.20,boneka-dummy,0.5666,0,312,468,971
3631,121.23,boneka-dummy,0.8893,394,0,917,619
3631,121.23,boneka-dummy,0.8359,959,208,1619,1080
3631,121.23,boneka-asli,0.7817,892,98,1395,693
3631,121.23,boneka-dummy,0.7538,0,287,460,1044
3631,121.23,boneka-asli,0.7350,1419,677,1919,1080
3631,121.23,boneka-asli,0.5363,470,634,952,1080
3632,121.26,boneka-dummy,0.9001,371,0,892,624
3632,121.26,boneka-dummy,0.8305,947,290,1607,1080
3632,121.26,boneka-asli,0.7856,1409,684,1919,1080
3632,121.26,boneka-dummy,0.7854,0,296,432,999
3632,121.26,boneka-asli,0.7513,869,94,1393,703
3632,121.26,boneka-asli,0.6360,462,645,941,1080
3633,121.30,boneka-dummy,0.8645,347,0,877,624
3633,121.30,boneka-dummy,0.8641,937,263,1612,1080
3633,121.30,boneka-asli,0.7542,845,88,1397,717
3633,121.30,boneka-asli,0.6950,433,666,920,1080
3633,121.30,boneka-asli,0.5949,1391,695,1919,1080
3633,121.30,boneka-dummy,0.5092,0,298,400,1018
3634,121.33,boneka-dummy,0.8416,910,171,1615,1080
3634,121.33,boneka-dummy,0.8397,318,0,871,628
3634,121.33,boneka-asli,0.7217,842,84,1375,710
3634,121.33,boneka-asli,0.6729,378,654,904,1080
3634,121.33,boneka-dummy,0.6594,0,297,379,1064
3634,121.33,boneka-asli,0.5987,1363,701,1919,1080
3635,121.36,boneka-dummy,0.8597,289,0,845,631
3635,121.36,boneka-dummy,0.8548,901,141,1626,1080
3635,121.36,boneka-dummy,0.7243,0,285,336,1080
3635,121.36,boneka-asli,0.6845,377,645,881,1080
3635,121.36,boneka-asli,0.6001,837,76,1377,713
3635,121.36,boneka-asli,0.5160,1344,687,1920,1080
3636,121.40,boneka-dummy,0.9071,265,0,829,626
3636,121.40,boneka-dummy,0.8263,875,73,1617,1080
3636,121.40,boneka-asli,0.6767,356,637,864,1080
3637,121.43,boneka-dummy,0.8937,226,0,809,617
3637,121.43,boneka-dummy,0.8237,849,0,1597,1080
3637,121.43,boneka-asli,0.7450,337,634,835,1080
3637,121.43,boneka-asli,0.7277,778,57,1336,710
3637,121.43,boneka-asli,0.6846,1345,695,1919,1080
3638,121.46,boneka-dummy,0.8556,194,0,783,618
3638,121.46,boneka-dummy,0.7510,814,0,1568,1080
3638,121.46,boneka-asli,0.7273,756,49,1315,711
3638,121.46,boneka-asli,0.6834,272,626,798,1080
3638,121.46,boneka-asli,0.6704,1332,691,1919,1080
3639,121.50,boneka-dummy,0.8650,158,0,756,620
3639,121.50,boneka-dummy,0.8338,783,55,1548,1080
3639,121.50,boneka-asli,0.7426,736,49,1279,707
3639,121.50,boneka-asli,0.6885,218,640,762,1080
3639,121.50,boneka-asli,0.6136,1261,683,1920,1080
3640,121.53,boneka-dummy,0.9073,120,0,718,619
3640,121.53,boneka-dummy,0.7974,752,0,1511,1080
3640,121.53,boneka-asli,0.6285,1267,673,1920,1080
3640,121.53,boneka-asli,0.6034,203,634,731,1080
3640,121.53,boneka-asli,0.5577,700,45,1317,775
3641,121.56,boneka-dummy,0.9002,88,0,708,618
3641,121.56,boneka-dummy,0.8010,731,0,1485,1080
3641,121.56,boneka-asli,0.7149,675,32,1228,696
3641,121.56,boneka-asli,0.7082,116,611,699,1080
3641,121.56,boneka-asli,0.6199,1269,671,1920,1080
3642,121.60,boneka-dummy,0.8847,65,0,692,605
3642,121.60,boneka-dummy,0.7879,717,28,1471,1080
3642,121.60,boneka-asli,0.7812,144,611,687,1080
3642,121.60,boneka-asli,0.7788,670,23,1215,691
3642,121.60,boneka-asli,0.6271,1231,644,1918,1080
3643,121.63,boneka-dummy,0.9005,47,0,667,586
3643,121.63,boneka-asli,0.7929,204,584,682,1080
3643,121.63,boneka-dummy,0.7677,710,0,1465,1080
3643,121.63,boneka-asli,0.7525,1256,645,1919,1080
3643,121.63,boneka-asli,0.6868,661,0,1209,655
3643,121.63,boneka-asli,0.5730,916,4,1208,273
3644,121.66,boneka-dummy,0.9011,48,0,664,583
3644,121.66,boneka-dummy,0.8043,714,0,1465,1080
3644,121.66,boneka-asli,0.7758,156,572,679,1080
3644,121.66,boneka-asli,0.6666,1258,624,1920,1080
3644,121.66,boneka-asli,0.5524,920,0,1182,257
3644,121.66,boneka-asli,0.5085,660,0,1189,647
3645,121.70,boneka-dummy,0.9128,24,0,668,573
3645,121.70,boneka-dummy,0.8284,714,0,1467,1080
3645,121.70,boneka-asli,0.7846,137,548,676,1080
3645,121.70,boneka-asli,0.7104,920,0,1174,249
3645,121.70,boneka-asli,0.6760,1258,616,1920,1080
3646,121.73,boneka-dummy,0.9292,25,0,663,565
3646,121.73,boneka-asli,0.8120,124,532,677,1080
3646,121.73,boneka-dummy,0.7818,717,0,1476,1080
3646,121.73,boneka-asli,0.7540,922,0,1180,242
3646,121.73,boneka-asli,0.6689,1242,614,1920,1080
3647,121.76,boneka-dummy,0.9319,26,0,668,559
3647,121.76,boneka-asli,0.8215,38,529,684,1080
3647,121.76,boneka-dummy,0.7975,713,0,1498,1080
3647,121.76,boneka-asli,0.7920,917,0,1188,239
3647,121.76,boneka-asli,0.7095,1263,610,1919,1080
3648,121.80,boneka-dummy,0.9299,30,0,671,555
3648,121.80,boneka-dummy,0.8139,711,0,1503,1080
3648,121.80,boneka-asli,0.7843,96,523,690,1080
3648,121.80,boneka-asli,0.7791,1264,616,1903,1080
3648,121.80,boneka-asli,0.6706,926,0,1204,226
3649,121.83,boneka-dummy,0.9226,33,0,674,544
3649,121.83,boneka-dummy,0.8110,723,0,1526,1080
3649,121.83,boneka-asli,0.7772,82,531,705,1080
3649,121.83,boneka-asli,0.7677,1262,600,1920,1080
3649,121.83,boneka-asli,0.7097,661,0,1258,634
3650,121.86,boneka-dummy,0.9029,35,0,680,548
3650,121.86,boneka-dummy,0.8357,736,15,1553,1080
3650,121.86,boneka-asli,0.7913,77,517,723,1080
3650,121.86,boneka-asli,0.7499,1275,609,1919,1080
3650,121.86,boneka-asli,0.6823,938,0,1286,228
3651,121.90,boneka-dummy,0.8813,65,0,695,550
3651,121.90,boneka-dummy,0.8138,746,0,1588,1080
3651,121.90,boneka-asli,0.7833,1314,595,1920,1080
3651,121.90,boneka-asli,0.7316,190,538,748,1080
3651,121.90,boneka-asli,0.6874,679,0,1263,637
3651,121.90,boneka-asli,0.6736,956,0,1282,224
3651,121.90,boneka-asli,0.5568,0,410,493,1062
3652,121.93,boneka-dummy,0.8823,81,0,714,556
3652,121.93,boneka-dummy,0.8326,771,0,1612,1080
3652,121.93,boneka-asli,0.8169,1328,609,1918,1080
3652,121.93,boneka-asli,0.7499,212,539,769,1080
3652,121.93,boneka-asli,0.7443,974,0,1242,231
3652,121.93,boneka-asli,0.6067,0,432,583,1056
3653,121.96,boneka-dummy,0.8980,98,0,726,556
3653,121.96,boneka-asli,0.7755,238,578,801,1080
3653,121.96,boneka-asli,0.7663,1356,610,1919,1080
3653,121.96,boneka-dummy,0.7619,804,0,1641,1080
3653,121.96,boneka-asli,0.6304,985,0,1302,233
3654,122.00,boneka-dummy,0.9013,117,0,744,551
3654,122.00,boneka-dummy,0.7697,842,0,1672,1080
3654,122.00,boneka-asli,0.7413,267,587,836,1080
3654,122.00,boneka-asli,0.7311,1357,603,1920,1080
3654,122.00,boneka-asli,0.5969,1016,0,1255,223
3654,122.00,boneka-asli,0.5159,730,0,1329,642
3655,122.03,boneka-dummy,0.8876,157,0,769,556
3655,122.03,boneka-asli,0.7805,1399,609,1920,1080
3655,122.03,boneka-asli,0.7686,318,596,875,1080
3655,122.03,boneka-dummy,0.7424,849,0,1711,1080
3655,122.03,boneka-asli,0.5468,1,458,674,1044
3656,122.06,boneka-dummy,0.9001,172,0,793,563
3656,122.06,boneka-asli,0.7586,1393,628,1920,1080
3656,122.06,boneka-dummy,0.7433,881,0,1764,1080
3656,122.06,boneka-asli,0.6901,246,594,916,1080
3656,122.06,boneka-asli,0.6654,762,0,1363,670
3657,122.10,boneka-dummy,0.8770,174,0,825,579
3657,122.10,boneka-dummy,0.7473,893,0,1810,1080
3657,122.10,boneka-asli,0.6654,346,578,935,1080
3657,122.10,boneka-asli,0.6120,1433,626,1919,1080
3657,122.10,boneka-asli,0.5004,771,0,1433,684
3658,122.13,boneka-dummy,0.8603,177,0,835,601
3658,122.13,boneka-dummy,0.8348,939,0,1794,1080
3658,122.13,boneka-asli,0.8176,776,0,1468,720
3658,122.13,boneka-asli,0.6655,1456,644,1919,1080
3658,122.13,boneka-asli,0.6255,338,604,957,1080
3659,122.16,boneka-dummy,0.8961,175,12,828,631
3659,122.16,boneka-asli,0.8117,788,18,1481,755
3659,122.16,boneka-dummy,0.7571,951,67,1824,1080
3659,122.16,boneka-dummy,0.5833,798,20,1463,757
3659,122.16,boneka-asli,0.5668,4,515,780,1080
3660,122.20,boneka-dummy,0.8563,181,1,841,688
3660,122.20,boneka-dummy,0.7750,966,241,1877,1080
3660,122.20,boneka-asli,0.6294,801,48,1492,786
3660,122.20,boneka-dummy,0.5197,805,49,1484,781
3661,122.23,boneka-dummy,0.8833,177,0,849,727
3661,122.23,boneka-dummy,0.8339,970,321,1913,1080
3661,122.23,boneka-asli,0.7022,811,68,1514,834
3661,122.23,boneka-dummy,0.5872,819,65,1519,831
3662,122.27,boneka-dummy,0.8567,181,0,849,765
3662,122.27,boneka-asli,0.7838,825,110,1534,874
3662,122.27,boneka-dummy,0.7359,826,113,1535,868
3662,122.27,boneka-dummy,0.6733,1023,368,1914,1080
3663,122.30,boneka-dummy,0.9046,177,0,856,825
3663,122.30,boneka-dummy,0.7646,1079,455,1915,1080
3663,122.30,boneka-dummy,0.5932,829,148,1537,932
3663,122.30,boneka-asli,0.5837,827,149,1542,939
3664,122.33,boneka-dummy,0.8841,182,28,856,868
3664,122.33,boneka-dummy,0.7756,1127,539,1918,1080
3664,122.33,boneka-dummy,0.7514,839,186,1558,978
3665,122.37,boneka-dummy,0.9165,179,68,869,922
3665,122.37,boneka-dummy,0.8750,1227,593,1920,1080
3665,122.37,boneka-dummy,0.7846,845,224,1578,1041
3665,122.37,boneka-asli,0.7227,842,227,1583,1042
3666,122.40,boneka-dummy,0.8858,174,111,887,976
3666,122.40,boneka-dummy,0.8814,1356,679,1920,1080
3666,122.40,boneka-dummy,0.8160,843,257,1614,1080
3666,122.40,boneka-asli,0.5930,842,258,1615,1080
3667,122.43,boneka-dummy,0.9027,167,140,900,1055
3667,122.43,boneka-dummy,0.8281,1407,758,1920,1080
3667,122.43,boneka-asli,0.7797,848,300,1620,1080
3667,122.43,boneka-dummy,0.7762,852,289,1632,1080
3668,122.47,boneka-dummy,0.9100,167,167,889,1080
3668,122.47,boneka-asli,0.7186,850,318,1646,1080
3668,122.47,boneka-dummy,0.5887,857,310,1613,1080
3669,122.50,boneka-dummy,0.8979,176,193,882,1080
3669,122.50,boneka-asli,0.7358,872,345,1663,1080
3670,122.53,boneka-dummy,0.9054,178,207,920,1080
3670,122.53,boneka-asli,0.8401,884,356,1728,1080
3671,122.57,boneka-dummy,0.8937,177,211,945,1080
3671,122.57,boneka-asli,0.8273,905,365,1745,1080
3672,122.60,boneka-dummy,0.9181,174,205,968,1080
3672,122.60,boneka-asli,0.8474,929,376,1782,1080
3673,122.63,boneka-dummy,0.9069,188,209,981,1080
3673,122.63,boneka-asli,0.7402,939,384,1755,1080
3674,122.67,boneka-dummy,0.8730,175,210,979,1080
3674,122.67,boneka-asli,0.8138,959,386,1727,1080
3675,122.70,boneka-dummy,0.8853,169,211,989,1080
3675,122.70,boneka-asli,0.7357,976,395,1724,1080
3676,122.73,boneka-dummy,0.8890,176,208,1002,1080
3676,122.73,boneka-asli,0.6270,990,394,1762,1080
3676,122.73,boneka-dummy,0.6041,1002,373,1870,1080
3677,122.77,boneka-dummy,0.8911,179,205,1012,1080
3677,122.77,boneka-asli,0.6408,999,388,1869,1080
3678,122.80,boneka-dummy,0.8785,186,199,1019,1080
3678,122.80,boneka-asli,0.6127,1021,369,1848,1080
3679,122.83,boneka-dummy,0.8604,192,277,1031,1080
3679,122.83,boneka-asli,0.6165,0,36,100,857
3679,122.83,boneka-dummy,0.5266,1011,337,1890,1080
3680,122.87,boneka-dummy,0.8798,206,191,1051,1080
3680,122.87,boneka-asli,0.6676,1018,331,1912,1080
3680,122.87,boneka-asli,0.6120,0,54,106,859
3681,122.90,boneka-dummy,0.8540,207,138,1067,1080
3681,122.90,boneka-asli,0.8039,1034,311,1907,1080
3682,122.93,boneka-dummy,0.8831,216,135,1078,1080
3682,122.93,boneka-asli,0.5762,1140,300,1896,1080
3683,122.97,boneka-dummy,0.8661,221,85,1088,1080
3683,122.97,boneka-dummy,0.6305,1051,204,1912,1080
3683,122.97,boneka-asli,0.5792,1069,293,1915,1080
3684,123.00,boneka-dummy,0.8628,216,77,1093,1080
3684,123.00,boneka-dummy,0.6545,1082,276,1918,1080
3685,123.03,boneka-dummy,0.8390,214,88,1096,1080
3685,123.03,boneka-dummy,0.7937,1071,225,1918,1080
3686,123.07,boneka-dummy,0.8364,191,100,1088,1080
3686,123.07,boneka-dummy,0.7974,1069,219,1919,1080
3686,123.07,boneka-asli,0.5869,0,108,108,862
3687,123.10,boneka-dummy,0.8565,1053,215,1918,1080
3687,123.10,boneka-dummy,0.8301,212,76,1078,1080
3687,123.10,boneka-asli,0.5196,0,87,102,858
3688,123.13,boneka-dummy,0.8630,1047,209,1918,1080
3688,123.13,boneka-dummy,0.8386,209,61,1072,1080
3689,123.17,boneka-dummy,0.9068,1049,171,1918,1080
3689,123.17,boneka-dummy,0.8414,213,41,1078,1080
3690,123.20,boneka-dummy,0.9084,1062,95,1918,1080
3690,123.20,boneka-dummy,0.8557,236,55,1082,1080
3690,123.20,boneka-asli,0.5813,0,79,104,830
3691,123.23,boneka-dummy,0.8779,1065,92,1918,1080
3691,123.23,boneka-dummy,0.8441,240,41,1088,1080
3691,123.23,boneka-asli,0.6055,0,56,107,836
3692,123.27,boneka-dummy,0.8647,1068,109,1919,1080
3692,123.27,boneka-dummy,0.8511,230,66,1096,1080
3692,123.27,boneka-asli,0.5556,0,105,108,859
3693,123.30,boneka-dummy,0.8614,1076,96,1919,1080
3693,123.30,boneka-dummy,0.8603,258,71,1112,1080
3694,123.33,boneka-dummy,0.8627,267,77,1119,1080
3694,123.33,boneka-dummy,0.8487,1090,94,1919,1080
3694,123.33,boneka-asli,0.6007,1106,200,1920,1080
3695,123.37,boneka-dummy,0.8404,256,60,1136,1080
3695,123.37,boneka-dummy,0.7170,1105,116,1920,1080
3695,123.37,boneka-asli,0.6865,1114,202,1920,1080
3696,123.40,boneka-dummy,0.8439,274,87,1145,1080
3696,123.40,boneka-dummy,0.7683,1120,158,1920,1080
3696,123.40,boneka-asli,0.6789,1124,219,1920,1080
3697,123.43,boneka-dummy,0.8316,317,74,1151,1080
3697,123.43,boneka-dummy,0.6272,1124,194,1920,1080
3697,123.43,boneka-asli,0.6259,1128,240,1920,1080
3698,123.47,boneka-dummy,0.8090,319,121,1165,1080
3698,123.47,boneka-asli,0.6788,1147,248,1919,1080
3699,123.50,boneka-dummy,0.8138,339,146,1178,1080
3699,123.50,boneka-asli,0.7639,1162,256,1919,1080
3700,123.53,boneka-dummy,0.8552,376,149,1201,1080
3700,123.53,boneka-asli,0.8002,1176,273,1920,1080
3701,123.57,boneka-dummy,0.8506,381,233,1221,1080
3701,123.57,boneka-asli,0.7028,1195,289,1920,1080
3701,123.57,boneka-dummy,0.5385,0,615,219,1080
3702,123.60,boneka-dummy,0.8604,428,216,1236,1080
3702,123.60,boneka-asli,0.6951,1214,313,1920,1080
3703,123.63,boneka-dummy,0.8516,453,289,1257,1080
3704,123.67,boneka-dummy,0.8202,491,243,1290,1080
3704,123.67,boneka-asli,0.6663,1250,356,1920,1080
3704,123.67,boneka-dummy,0.6239,1254,342,1920,1080
3705,123.70,boneka-dummy,0.8352,529,274,1297,1080
3705,123.70,boneka-dummy,0.7692,1277,367,1920,1080
3705,123.70,boneka-asli,0.5251,1269,379,1919,1080
3706,123.73,boneka-dummy,0.8129,560,303,1292,1080
3706,123.73,boneka-asli,0.6575,1303,401,1920,1080
3707,123.77,boneka-dummy,0.8576,589,330,1341,1080
3707,123.77,boneka-asli,0.6950,1328,418,1919,1080
3708,123.80,boneka-dummy,0.8939,647,346,1337,1080
3708,123.80,boneka-asli,0.7213,1336,444,1919,1080
3709,123.83,boneka-dummy,0.8699,654,369,1356,1080
3709,123.83,boneka-asli,0.6886,1348,454,1919,1080
3710,123.87,boneka-dummy,0.8791,689,373,1380,1080
3710,123.87,boneka-asli,0.7791,1372,462,1919,1080
3711,123.90,boneka-dummy,0.9007,732,380,1413,1080
3711,123.90,boneka-asli,0.8190,1392,475,1920,1080
3712,123.93,boneka-dummy,0.8896,753,384,1435,1080
3712,123.93,boneka-asli,0.8702,1418,481,1919,1080
3712,123.93,boneka-dummy,0.5750,0,670,621,1080
3713,123.97,boneka-dummy,0.9034,783,382,1469,1080
3713,123.97,boneka-asli,0.8541,1435,476,1919,1080
3714,124.00,boneka-dummy,0.9094,829,382,1484,1080
3714,124.00,boneka-asli,0.7842,1464,468,1920,1080
3715,124.03,boneka-dummy,0.9229,854,384,1514,1080
3715,124.03,boneka-asli,0.8272,1481,468,1919,1080
3716,124.07,boneka-dummy,0.9080,889,377,1523,1080
3716,124.07,boneka-asli,0.8614,1504,466,1919,1080
3716,124.07,boneka-dummy,0.5213,0,561,884,1080
3717,124.10,boneka-dummy,0.9072,916,377,1547,1080
3717,124.10,boneka-asli,0.8729,1520,469,1919,1080
3717,124.10,boneka-asli,0.5099,2,536,921,1080
3718,124.13,boneka-dummy,0.9027,947,362,1548,1080
3718,124.13,boneka-asli,0.8520,1538,467,1919,1080
3718,124.13,boneka-dummy,0.6017,3,490,985,1080
3719,124.17,boneka-dummy,0.9046,971,360,1575,1080
3719,124.17,boneka-asli,0.8504,1554,474,1920,1080
3719,124.17,boneka-asli,0.5062,7,478,1020,1080
3720,124.20,boneka-dummy,0.9310,998,361,1605,1080
3720,124.20,boneka-dummy,0.7511,1568,478,1919,1080
3720,124.20,boneka-dummy,0.5386,7,465,1027,1080
3720,124.20,boneka-asli,0.5182,1570,485,1920,1080
3721,124.23,boneka-dummy,0.9299,1030,358,1607,1078
3721,124.23,boneka-dummy,0.8875,1582,467,1919,1080
3722,124.27,boneka-dummy,0.9291,1052,356,1620,1067
3722,124.27,boneka-dummy,0.8803,1597,471,1919,1080
3722,124.27,boneka-asli,0.6765,1596,476,1919,1080
3722,124.27,boneka-dummy,0.6330,52,430,1137,1080
3723,124.30,boneka-dummy,0.9314,1056,356,1650,1044
3723,124.30,boneka-asli,0.8903,1605,476,1919,1080
3723,124.30,boneka-dummy,0.5718,1608,472,1919,1080
3724,124.34,boneka-dummy,0.9374,1082,354,1657,1020
3724,124.34,boneka-dummy,0.8738,1620,467,1918,1080
3724,124.34,boneka-asli,0.8534,1616,472,1920,1080
3725,124.37,boneka-dummy,0.9444,1104,351,1676,1017
3725,124.37,boneka-asli,0.8598,1633,469,1920,1076
3725,124.37,boneka-dummy,0.7967,1634,460,1918,1080
3725,124.37,boneka-asli,0.5035,247,398,1244,1080
3726,124.40,boneka-dummy,0.9378,1128,361,1694,1010
3726,124.40,boneka-asli,0.8722,1652,476,1920,1070
3726,124.40,boneka-dummy,0.5792,1650,468,1920,1080
3727,124.44,boneka-dummy,0.9229,1134,374,1705,1011
3727,124.44,boneka-asli,0.7583,1675,500,1920,1073
3727,124.44,boneka-dummy,0.7214,1667,483,1920,1080
3728,124.47,boneka-dummy,0.9244,1168,392,1720,997
3728,124.47,boneka-asli,0.7522,1687,511,1919,1071
3729,124.50,boneka-dummy,0.9336,1197,400,1739,994
3729,124.50,boneka-asli,0.7016,1691,515,1920,1062
3730,124.54,boneka-dummy,0.9334,1211,406,1747,988
3730,124.54,boneka-dummy,0.5220,1697,520,1919,1045
3731,124.57,boneka-dummy,0.9236,1219,408,1758,992
3731,124.57,boneka-dummy,0.7064,0,292,214,1080
3731,124.57,boneka-dummy,0.6935,1722,517,1919,1041
3732,124.60,boneka-dummy,0.8993,1256,411,1779,982
3732,124.60,boneka-asli,0.7260,0,296,280,1068
3732,124.60,boneka-dummy,0.6365,1741,520,1919,1024
3732,124.60,boneka-asli,0.6303,554,453,1391,1080
3732,124.60,boneka-dummy,0.5485,0,298,281,1080
3733,124.64,boneka-dummy,0.8893,1284,411,1806,964
3733,124.64,boneka-asli,0.6735,0,234,337,1032
3733,124.64,boneka-asli,0.5677,551,447,1439,1080
3733,124.64,boneka-asli,0.5547,104,598,885,1080
3733,124.64,boneka-dummy,0.5302,1751,582,1919,1016
3734,124.67,boneka-dummy,0.8907,1295,415,1815,970
3734,124.67,boneka-asli,0.7762,584,447,1467,1080
3734,124.67,boneka-asli,0.6503,380,594,941,1080
3734,124.67,boneka-dummy,0.6157,174,599,618,1080
3734,124.67,boneka-dummy,0.5532,0,244,398,1070
3735,124.70,boneka-dummy,0.9237,1329,417,1836,959
3735,124.70,boneka-asli,0.8526,704,452,1495,1080
3735,124.70,boneka-asli,0.6848,540,600,969,1080
3735,124.70,boneka-asli,0.6315,0,258,466,988
3735,124.70,boneka-dummy,0.5348,245,598,652,1073
3736,124.74,boneka-dummy,0.9023,1359,422,1862,968
3736,124.74,boneka-asli,0.8236,782,457,1531,1080
3736,124.74,boneka-dummy,0.6148,0,262,516,1016
3736,124.74,boneka-asli,0.5467,613,588,1051,1080
3737,124.77,boneka-dummy,0.8761,1386,424,1888,964
3737,124.77,boneka-asli,0.8399,869,458,1560,1080
3737,124.77,boneka-asli,0.7685,599,586,1114,1080
3737,124.77,boneka-dummy,0.5078,6,270,572,968
3738,124.80,boneka-dummy,0.8830,1410,424,1888,996
3738,124.80,boneka-asli,0.8564,933,455,1572,1080
3738,124.80,boneka-dummy,0.5904,409,589,753,1080
3738,124.80,boneka-asli,0.5249,68,272,601,963
3739,124.84,boneka-dummy,0.9231,1420,420,1909,937
3739,124.84,boneka-asli,0.7968,956,444,1601,1080
3739,124.84,boneka-dummy,0.6712,154,272,640,932
3740,124.87,boneka-dummy,0.9090,1461,419,1918,920
3740,124.87,boneka-asli,0.7624,927,438,1634,1080
3740,124.87,boneka-dummy,0.7353,194,264,674,881
3741,124.90,boneka-dummy,0.9264,1472,420,1920,913
3741,124.90,boneka-asli,0.6651,936,425,1655,1079
3741,124.90,boneka-dummy,0.5942,256,266,713,878
3741,124.90,boneka-asli,0.5807,626,580,1086,1079
3742,124.94,boneka-dummy,0.8829,1499,414,1919,898
3742,124.94,boneka-asli,0.7533,960,417,1673,1080
3742,124.94,boneka-asli,0.6169,615,575,1145,1067
3742,124.94,boneka-dummy,0.5613,292,256,759,870
3743,124.97,boneka-dummy,0.8922,1517,409,1918,886
3743,124.97,boneka-asli,0.7344,991,406,1683,1080
3743,124.97,boneka-asli,0.6881,639,579,1168,1060
3743,124.97,boneka-dummy,0.5127,324,252,783,853
3744,125.00,boneka-dummy,0.8564,1530,401,1919,915
3744,125.00,boneka-asli,0.7679,1001,379,1720,1080
3744,125.00,boneka-dummy,0.6147,360,244,814,861
3744,125.00,boneka-asli,0.5995,862,564,1172,1024
3745,125.04,boneka-dummy,0.8609,1550,392,1919,855
3745,125.04,boneka-asli,0.6932,997,383,1722,1080
3745,125.04,boneka-asli,0.5882,383,231,828,829
3745,125.04,boneka-asli,0.5150,870,551,1186,1005
3746,125.07,boneka-dummy,0.8462,1563,380,1920,854
3746,125.07,boneka-asli,0.7384,1002,364,1738,1080
3746,125.07,boneka-dummy,0.6570,407,215,842,801
3746,125.07,boneka-asli,0.5019,802,529,1242,996
3747,125.10,boneka-dummy,0.8754,1592,368,1919,868
3747,125.10,boneka-asli,0.7467,964,353,1745,1080
3747,125.10,boneka-asli,0.7078,896,507,1239,984
3747,125.10,boneka-dummy,0.5680,419,207,857,807
3748,125.14,boneka-dummy,0.7875,1551,364,1919,933
3748,125.14,boneka-asli,0.7686,902,527,1238,948
3748,125.14,boneka-asli,0.7585,955,278,1749,1080
3749,125.17,boneka-asli,0.8106,938,312,1743,1080
3749,125.17,boneka-dummy,0.8013,1638,348,1920,839
3749,125.17,boneka-dummy,0.6830,1457,749,1918,1080
3749,125.17,boneka-asli,0.6443,942,497,1244,923
3749,125.17,boneka-asli,0.5936,457,193,877,757
3749,125.17,boneka-asli,0.5252,219,677,615,1080
3750,125.20,boneka-asli,0.8210,973,295,1745,1080
3750,125.20,boneka-dummy,0.7904,1651,337,1919,822
3750,125.20,boneka-asli,0.6270,911,493,1236,904
3751,125.24,boneka-asli,0.7994,969,284,1742,1080
3751,125.24,boneka-dummy,0.7882,1659,316,1919,831
3751,125.24,boneka-asli,0.7294,475,162,888,734
3751,125.24,boneka-asli,0.7129,952,475,1237,879
3751,125.24,boneka-asli,0.5392,248,644,628,1080
3752,125.27,boneka-asli,0.8361,975,262,1739,1080
3752,125.27,boneka-dummy,0.7555,1653,333,1920,838
3752,125.27,boneka-asli,0.6530,249,609,679,1080
3752,125.27,boneka-asli,0.6239,477,145,888,742
3753,125.30,boneka-dummy,0.8330,1640,294,1920,753
3753,125.30,boneka-asli,0.8042,970,250,1736,1080
3753,125.30,boneka-asli,0.6636,478,127,883,702
3753,125.30,boneka-asli,0.5431,255,586,844,1080
3754,125.34,boneka-asli,0.7978,968,234,1733,1080
3754,125.34,boneka-dummy,0.7816,1655,282,1920,781
3754,125.34,boneka-asli,0.5745,259,565,836,1080
3755,125.37,boneka-asli,0.7967,967,213,1729,1080
3755,125.37,boneka-dummy,0.6921,1646,273,1920,737
3755,125.37,boneka-asli,0.5933,258,569,952,1080
3755,125.37,boneka-dummy,0.5695,972,74,1747,1080
3756,125.40,boneka-dummy,0.7906,1644,263,1920,716
3756,125.40,boneka-asli,0.7613,963,206,1727,1041
3756,125.40,boneka-asli,0.6009,484,97,886,627
3756,125.40,boneka-dummy,0.5769,965,79,1727,1080
3757,125.44,boneka-dummy,0.8083,1637,243,1920,716
3757,125.44,boneka-asli,0.7799,482,81,885,625
3757,125.44,boneka-dummy,0.6850,962,98,1716,1080
3757,125.44,boneka-asli,0.6636,960,177,1727,1062
3757,125.44,boneka-asli,0.6083,262,568,768,1080
3758,125.47,boneka-dummy,0.7688,1622,229,1919,779
3758,125.47,boneka-dummy,0.7402,956,134,1691,1066
3758,125.47,boneka-asli,0.6481,489,67,882,620
3758,125.47,boneka-asli,0.5933,956,162,1719,1030
3759,125.50,boneka-dummy,0.8311,1637,245,1918,674
3759,125.50,boneka-asli,0.6264,951,153,1708,1013
3759,125.50,boneka-dummy,0.6091,954,140,1710,1025
3759,125.50,boneka-asli,0.5976,503,601,1062,1080
3759,125.50,boneka-asli,0.5559,1723,228,1920,390
3759,125.50,boneka-asli,0.5231,243,511,773,1080
3759,125.50,boneka-asli,0.5099,485,57,877,585
3760,125.54,boneka-dummy,0.8394,1634,237,1918,644
3760,125.54,boneka-dummy,0.7049,943,147,1725,1014
3760,125.54,boneka-asli,0.6104,1348,708,1920,1080
3760,125.54,boneka-asli,0.5650,237,567,781,1080
3760,125.54,boneka-asli,0.5198,1723,216,1919,380
3760,125.54,boneka-asli,0.5115,943,142,1703,992
3761,125.57,boneka-dummy,0.7714,1638,197,1919,636
3761,125.57,boneka-dummy,0.7544,932,59,1683,1043
3761,125.57,boneka-asli,0.5684,481,33,864,562
3761,125.57,boneka-asli,0.5374,1403,500,1919,1080
3761,125.57,boneka-asli,0.5297,228,525,712,1080
3761,125.57,boneka-asli,0.5188,1720,205,1919,367
3762,125.60,boneka-dummy,0.7540,908,86,1681,1026
3762,125.60,boneka-asli,0.7440,1362,731,1919,1080
3762,125.60,boneka-asli,0.6714,476,26,863,561
3762,125.60,boneka-dummy,0.6482,1638,188,1920,643
3762,125.60,boneka-asli,0.5023,508,727,999,1080
3763,125.64,boneka-dummy,0.7270,878,96,1687,1004
3763,125.64,boneka-dummy,0.6827,1613,184,1919,754
3763,125.64,boneka-asli,0.6153,1354,494,1917,1078
3763,125.64,boneka-asli,0.5630,470,21,860,558
3764,125.67,boneka-dummy,0.7828,1611,179,1919,709
3764,125.67,boneka-dummy,0.7651,869,105,1547,979
3764,125.67,boneka-asli,0.6369,468,17,856,532
3765,125.70,boneka-asli,0.8066,453,20,849,531
3765,125.70,boneka-dummy,0.7680,860,103,1531,976
3765,125.70,boneka-dummy,0.7247,1620,180,1917,647
3765,125.70,boneka-asli,0.6703,1335,481,1920,1065
3766,125.74,boneka-asli,0.8190,455,15,846,535
3766,125.74,boneka-dummy,0.7715,1619,188,1917,608
3766,125.74,boneka-dummy,0.7629,849,98,1507,978
3766,125.74,boneka-asli,0.6298,1291,712,1920,1080
3767,125.77,boneka-asli,0.8317,455,11,839,536
3767,125.77,boneka-dummy,0.8060,844,90,1502,966
3767,125.77,boneka-dummy,0.7378,1617,160,1919,600
3767,125.77,boneka-asli,0.5716,1466,481,1767,771
3767,125.77,boneka-asli,0.5468,41,524,623,1080
3767,125.77,boneka-asli,0.5262,948,686,1649,1080
3767,125.77,boneka-asli,0.5228,1316,477,1916,1073
3768,125.80,boneka-asli,0.8355,454,7,835,550
3768,125.80,boneka-dummy,0.7922,1618,156,1916,588
3768,125.80,boneka-dummy,0.7463,833,86,1608,934
3768,125.80,boneka-asli,0.5492,1311,470,1917,1080
3768,125.80,boneka-asli,0.5171,1467,473,1763,754
3768,125.80,boneka-asli,0.5088,10,497,629,1080
3769,125.84,boneka-asli,0.8146,446,7,830,533
3769,125.84,boneka-dummy,0.7750,1612,145,1919,593
3769,125.84,boneka-dummy,0.7352,821,78,1622,927
3769,125.84,boneka-asli,0.6046,9,559,617,1080
3769,125.84,boneka-asli,0.5560,1317,465,1916,1080
3770,125.87,boneka-asli,0.8036,443,7,825,534
3770,125.87,boneka-dummy,0.7272,1609,139,1918,588
3770,125.87,boneka-dummy,0.7180,806,66,1628,927
3770,125.87,boneka-asli,0.6621,1,599,639,1080
3770,125.87,boneka-asli,0.5551,844,729,1618,1080
3770,125.87,boneka-asli,0.5440,1232,651,1917,1080
3771,125.90,boneka-asli,0.7659,430,6,823,529
3771,125.90,boneka-dummy,0.7558,1601,163,1919,587
3771,125.90,boneka-dummy,0.7305,787,71,1452,925
3771,125.90,boneka-asli,0.6723,1,602,666,1080
3772,125.94,boneka-dummy,0.7991,771,74,1396,929
3772,125.94,boneka-asli,0.7603,422,5,816,530
3772,125.94,boneka-asli,0.7366,0,573,501,1080
3772,125.94,boneka-dummy,0.7269,1599,131,1917,584
3772,125.94,boneka-asli,0.5465,1279,597,1913,1080
3773,125.97,boneka-asli,0.7958,413,7,810,532
3773,125.97,boneka-dummy,0.7619,1592,127,1918,591
3773,125.97,boneka-dummy,0.7605,758,70,1445,939
3773,125.97,boneka-asli,0.6420,0,521,563,1080
3774,126.00,boneka-asli,0.8159,409,7,802,532
3774,126.00,boneka-dummy,0.8010,720,79,1373,950
3774,126.00,boneka-dummy,0.7414,1591,129,1918,592
3774,126.00,boneka-asli,0.6805,0,570,560,1080
3774,126.00,boneka-asli,0.5389,1410,469,1771,755
3774,126.00,boneka-asli,0.5348,285,452,565,681
3775,126.04,boneka-dummy,0.8372,712,87,1327,955
3775,126.04,boneka-asli,0.7872,397,13,791,519
3775,126.04,boneka-dummy,0.7682,1583,132,1918,596
3775,126.04,boneka-asli,0.6590,0,486,604,1080
3775,126.04,boneka-asli,0.5511,1233,749,1915,1080
3775,126.04,boneka-asli,0.5079,1183,73,1541,686
3776,126.07,boneka-dummy,0.8466,678,104,1317,966
3776,126.07,boneka-asli,0.7454,388,18,782,537
3776,126.07,boneka-dummy,0.7147,1564,136,1918,600
3776,126.07,boneka-asli,0.6308,0,515,565,1080
3776,126.07,boneka-asli,0.5105,1169,724,1824,1080
3777,126.10,boneka-dummy,0.8259,666,108,1309,984
3777,126.10,boneka-dummy,0.7793,1566,144,1918,609
3777,126.10,boneka-asli,0.7585,374,24,769,562
3777,126.10,boneka-asli,0.6291,0,459,554,1080
3777,126.10,boneka-asli,0.5625,237,475,588,732
3777,126.10,boneka-asli,0.5306,1197,639,1786,1080
3777,126.10,boneka-dummy,0.5052,1136,81,1536,712
3778,126.14,boneka-dummy,0.8376,641,114,1261,992
3778,126.14,boneka-asli,0.8205,360,28,762,562
3778,126.14,boneka-asli,0.7434,215,473,583,737
3778,126.14,boneka-dummy,0.6879,1544,146,1917,612
3778,126.14,boneka-asli,0.5448,0,462,441,1080
3778,126.14,boneka-dummy,0.5299,1131,90,1514,702
3778,126.14,boneka-asli,0.5027,1166,616,1778,1080
3779,126.17,boneka-dummy,0.8550,616,116,1243,996
3779,126.17,boneka-asli,0.8378,347,31,751,575
3779,126.17,boneka-dummy,0.6696,1539,165,1916,616
3779,126.17,boneka-asli,0.6283,1609,793,1830,1023
3779,126.17,boneka-asli,0.5658,0,492,449,1080
3779,126.17,boneka-asli,0.5582,198,471,553,735
3779,126.17,boneka-dummy,0.5048,1105,89,1498,702
3780,126.20,boneka-asli,0.8760,336,34,738,566
3780,126.20,boneka-dummy,0.8720,599,119,1235,998
3780,126.20,boneka-dummy,0.7109,1523,194,1916,618
3780,126.20,boneka-asli,0.6594,191,477,555,747
3780,126.20,boneka-asli,0.6121,1086,98,1468,718
3780,126.20,boneka-asli,0.6102,131,695,683,1080
3780,126.20,boneka-asli,0.6036,0,470,449,1080
3780,126.20,boneka-asli,0.5736,1149,733,1684,1080
3780,126.20,boneka-asli,0.5559,1583,801,1810,1028
3781,126.24,boneka-dummy,0.8484,565,118,1234,1011
3781,126.24,boneka-asli,0.7870,324,39,728,575
3781,126.24,boneka-dummy,0.6603,1523,172,1916,624
3781,126.24,boneka-asli,0.6317,0,481,499,1080
3781,126.24,boneka-asli,0.6112,1059,106,1464,738
3781,126.24,boneka-asli,0.5134,1519,809,1812,1042
3782,126.27,boneka-asli,0.8066,316,45,721,571
3782,126.27,boneka-dummy,0.7611,564,119,1220,1020
3782,126.27,boneka-dummy,0.6870,1526,151,1915,626
3782,126.27,boneka-asli,0.6766,0,473,508,1080
3782,126.27,boneka-asli,0.5824,1050,111,1450,755
3782,126.27,boneka-asli,0.5210,1525,558,1823,805
3783,126.30,boneka-asli,0.8100,318,52,713,568
3783,126.30,boneka-dummy,0.7754,1521,154,1913,627
3783,126.30,boneka-dummy,0.7751,559,145,1191,1027
3783,126.30,boneka-asli,0.6476,0,478,504,1080
3783,126.30,boneka-asli,0.5628,1038,112,1444,770
3783,126.30,boneka-asli,0.5347,1516,563,1879,808
3784,126.34,boneka-dummy,0.8244,546,154,1188,1026
3784,126.34,boneka-asli,0.7691,317,54,704,562
3784,126.34,boneka-dummy,0.7295,1514,188,1913,631
3784,126.34,boneka-asli,0.6782,1028,113,1443,754
3784,126.34,boneka-asli,0.5643,0,495,505,1080
3784,126.34,boneka-asli,0.5285,1093,666,1577,1080
3784,126.34,boneka-asli,0.5065,1491,561,1886,811
3785,126.37,boneka-dummy,0.8108,527,151,1173,1052
3785,126.37,boneka-dummy,0.7993,1499,155,1912,677
3785,126.37,boneka-asli,0.7986,308,56,692,567
3785,126.37,boneka-asli,0.5292,0,498,524,1080
3785,126.37,boneka-asli,0.5223,1502,564,1832,818
3786,126.41,boneka-dummy,0.8147,516,153,1151,1063
3786,126.41,boneka-asli,0.8039,290,61,679,585
3786,126.41,boneka-dummy,0.7855,1490,173,1910,641
3786,126.41,boneka-asli,0.7822,998,121,1442,760
3786,126.41,boneka-asli,0.5107,1031,682,1632,1080
3787,126.44,boneka-dummy,0.8971,481,173,1129,1064
3787,126.44,boneka-dummy,0.8453,1489,172,1900,655
3787,126.44,boneka-asli,0.7759,281,72,662,581
3787,126.44,boneka-asli,0.7580,974,131,1429,759
3787,126.44,boneka-asli,0.5887,81,507,483,797
3788,126.47,boneka-dummy,0.8844,1483,181,1900,669
3788,126.47,boneka-dummy,0.8767,465,190,1115,1080
3788,126.47,boneka-asli,0.7597,953,144,1414,788
3788,126.47,boneka-asli,0.7544,259,78,652,628
3788,126.47,boneka-asli,0.5670,1005,708,1635,1080
3788,126.47,boneka-asli,0.5340,1617,182,1831,360
3789,126.51,boneka-dummy,0.8731,424,238,1068,1080
3789,126.51,boneka-dummy,0.8276,1474,196,1884,693
3789,126.51,boneka-asli,0.7472,928,160,1383,799
3789,126.51,boneka-asli,0.7111,230,95,625,624
3789,126.51,boneka-asli,0.5588,0,510,443,1019
3789,126.51,boneka-asli,0.5300,991,717,1628,1080
3790,126.54,boneka-dummy,0.8869,406,253,1061,1080
3790,126.54,boneka-dummy,0.8600,1471,206,1878,706
3790,126.54,boneka-asli,0.7009,223,108,604,654
3790,126.54,boneka-asli,0.5860,0,526,485,1007
3790,126.54,boneka-asli,0.5852,912,178,1372,837
3791,126.57,boneka-dummy,0.8943,1473,216,1883,712
3791,126.57,boneka-dummy,0.8671,393,257,1061,1080
3791,126.57,boneka-asli,0.7017,899,191,1368,915
3791,126.57,boneka-asli,0.6634,217,111,600,669
3791,126.57,boneka-asli,0.6393,1351,628,1822,1080
3791,126.57,boneka-asli,0.5801,0,544,574,1009
3792,126.61,boneka-dummy,0.8796,1477,221,1896,724
3792,126.61,boneka-dummy,0.8632,382,268,1063,1080
3792,126.61,boneka-asli,0.6852,208,119,600,662
3792,126.61,boneka-asli,0.6378,898,196,1369,879
3792,126.61,boneka-asli,0.6358,0,501,563,966
3792,126.61,boneka-asli,0.6021,1330,632,1875,1080
3793,126.64,boneka-dummy,0.8995,384,276,1058,1080
3793,126.64,boneka-dummy,0.8807,1475,225,1897,736
3793,126.64,boneka-asli,0.7407,205,119,594,672
3793,126.64,boneka-asli,0.6419,938,892,1306,1078
3793,126.64,boneka-asli,0.6254,884,204,1364,880
3793,126.64,boneka-asli,0.5890,0,508,549,984
3793,126.64,boneka-asli,0.5761,1331,671,1850,1080
3794,126.67,boneka-dummy,0.8999,383,278,1055,1080
3794,126.67,boneka-dummy,0.8800,1465,225,1903,737
3794,126.67,boneka-asli,0.7755,203,123,591,684
3794,126.67,boneka-asli,0.7222,933,820,1304,1078
3794,126.67,boneka-asli,0.6002,884,206,1362,879
3794,126.67,boneka-asli,0.5715,1328,686,1919,1080
3794,126.67,boneka-asli,0.5597,0,476,559,963
3795,126.71,boneka-dummy,0.8991,379,283,1053,1080
3795,126.71,boneka-dummy,0.8851,1472,229,1901,757
3795,126.71,boneka-asli,0.7331,205,124,589,689
3795,126.71,boneka-asli,0.6909,924,811,1314,1080
3795,126.71,boneka-asli,0.6218,881,208,1363,887
3795,126.71,boneka-asli,0.5345,0,501,524,1080
3796,126.74,boneka-dummy,0.8931,1474,232,1905,756
3796,126.74,boneka-dummy,0.8875,383,292,1050,1080
3796,126.74,boneka-asli,0.6842,917,793,1314,1079
3796,126.74,boneka-asli,0.6804,196,127,587,689
3796,126.74,boneka-asli,0.6235,874,210,1363,902
3796,126.74,boneka-asli,0.5820,0,524,497,1072
3797,126.77,boneka-dummy,0.8863,375,299,1047,1080
3797,126.77,boneka-dummy,0.8862,1469,236,1908,762
3797,126.77,boneka-asli,0.7370,199,128,585,683
3797,126.77,boneka-asli,0.6534,875,213,1363,905
3797,126.77,boneka-asli,0.6240,913,810,1309,1079
3797,126.77,boneka-asli,0.5104,1286,664,1867,1080
3797,126.77,boneka-asli,0.5057,0,573,406,836
3798,126.81,boneka-dummy,0.8993,1468,238,1908,764
3798,126.81,boneka-dummy,0.8751,372,296,1051,1080
3798,126.81,boneka-asli,0.7716,199,129,582,683
3798,126.81,boneka-asli,0.6432,914,814,1311,1079
3798,126.81,boneka-asli,0.5747,0,482,531,1080
3798,126.81,boneka-asli,0.5201,872,214,1366,899
3799,126.84,boneka-dummy,0.9099,1471,236,1910,761
3799,126.84,boneka-dummy,0.8710,372,293,1039,1080
3799,126.84,boneka-asli,0.7589,192,128,576,683
3799,126.84,boneka-asli,0.5726,0,489,507,1080
3799,126.84,boneka-asli,0.5538,910,826,1323,1078
3800,126.87,boneka-dummy,0.9159,1473,225,1911,761
3800,126.87,boneka-dummy,0.8773,371,269,1036,1080
3800,126.87,boneka-asli,0.7522,201,120,575,661
3800,126.87,boneka-asli,0.6193,0,545,479,1080
3800,126.87,boneka-asli,0.5351,868,201,1366,861
3800,126.87,boneka-asli,0.5115,845,800,1484,1079
3801,126.91,boneka-dummy,0.9135,1472,225,1913,755
3801,126.91,boneka-dummy,0.8793,373,257,1037,1080
3801,126.91,boneka-asli,0.7144,195,119,579,664
3801,126.91,boneka-asli,0.6852,864,200,1363,861
3801,126.91,boneka-asli,0.6727,0,541,509,1080
3801,126.91,boneka-asli,0.5621,1295,692,1920,1080
3802,126.94,boneka-dummy,0.9120,1473,225,1913,752
3802,126.94,boneka-dummy,0.8695,372,255,1034,1080
3802,126.94,boneka-asli,0.7023,195,119,579,663
3802,126.94,boneka-asli,0.6586,0,527,528,1080
3803,126.97,boneka-dummy,0.9214,1474,230,1910,756
3803,126.97,boneka-dummy,0.8578,370,264,1022,1080
3803,126.97,boneka-asli,0.7617,192,123,572,665
3803,126.97,boneka-asli,0.6574,0,521,511,1080
3803,126.97,boneka-dummy,0.6136,861,204,1364,860
3804,127.01,boneka-dummy,0.8942,1474,239,1913,759
3804,127.01,boneka-dummy,0.8554,352,287,1011,1080
3804,127.01,boneka-asli,0.7509,196,128,570,670
3804,127.01,boneka-asli,0.6388,0,492,506,1080
3804,127.01,boneka-dummy,0.5464,855,210,1367,901
3804,127.01,boneka-asli,0.5403,853,211,1358,915
3805,127.04,boneka-dummy,0.8897,1478,250,1913,770
3805,127.04,boneka-dummy,0.8614,347,291,1015,1080
3805,127.04,boneka-asli,0.7254,195,140,566,685
3805,127.04,boneka-asli,0.6833,853,219,1360,948
3805,127.04,boneka-asli,0.5275,0,439,489,1072
3806,127.07,boneka-dummy,0.9075,1480,260,1917,775
3806,127.07,boneka-dummy,0.8789,343,303,1015,1080
3806,127.07,boneka-asli,0.6956,204,148,564,688
3806,127.07,boneka-dummy,0.5916,1196,507,1527,948
3806,127.07,boneka-asli,0.5685,0,577,486,1080
3806,127.07,boneka-dummy,0.5416,854,228,1359,935
3806,127.07,boneka-asli,0.5069,853,230,1352,994
3806,127.07,boneka-asli,0.5064,1582,777,1920,1080
3807,127.11,boneka-dummy,0.9020,1490,265,1920,777
3807,127.11,boneka-dummy,0.8736,344,358,1021,1080
3807,127.11,boneka-asli,0.6414,208,155,580,690
3807,127.11,boneka-asli,0.6138,1315,692,1808,1080
3807,127.11,boneka-asli,0.5632,0,583,459,1080
3807,127.11,boneka-asli,0.5479,861,241,1365,973
3807,127.11,boneka-asli,0.5373,908,851,1319,1080
3808,127.14,boneka-dummy,0.9030,1490,270,1919,789
3808,127.14,boneka-dummy,0.8052,338,323,1026,1080
3808,127.14,boneka-asli,0.6268,0,589,478,1080
3808,127.14,boneka-asli,0.5299,1331,692,1917,1080
3808,127.14,boneka-asli,0.5293,861,250,1374,1028
3808,127.14,boneka-asli,0.5156,205,157,583,697
3809,127.17,boneka-dummy,0.9003,1497,281,1919,808
3809,127.17,boneka-dummy,0.8281,359,347,1029,1080
3809,127.17,boneka-asli,0.5765,220,162,588,707
3809,127.17,boneka-asli,0.5606,0,590,468,1080
3809,127.17,boneka-asli,0.5487,1334,689,1870,1080
3809,127.17,boneka-asli,0.5426,866,253,1379,1061
3810,127.21,boneka-dummy,0.9060,1501,284,1919,800
3810,127.21,boneka-dummy,0.8300,365,349,1040,1080
3810,127.21,boneka-asli,0.6777,0,596,459,1080
3810,127.21,boneka-asli,0.6747,242,167,594,713
3810,127.21,boneka-asli,0.5333,1290,677,1863,1080
3811,127.24,boneka-dummy,0.9043,1514,280,1919,824
3811,127.24,boneka-dummy,0.8611,376,344,1058,1080
3811,127.24,boneka-asli,0.6408,251,164,609,703
3811,127.24,boneka-asli,0.5600,0,589,513,1080
3812,127.27,boneka-dummy,0.9006,1520,275,1919,841
3812,127.27,boneka-dummy,0.8893,392,326,1061,1080
3812,127.27,boneka-asli,0.6622,262,157,638,692
3812,127.27,boneka-asli,0.5894,911,249,1431,1011
3812,127.27,boneka-asli,0.5784,0,586,499,1080
3813,127.31,boneka-dummy,0.8835,404,314,1078,1080
3813,127.31,boneka-dummy,0.8629,1531,270,1919,960
3813,127.31,boneka-asli,0.7900,921,238,1436,997
3813,127.31,boneka-asli,0.6407,277,153,648,694
3814,127.34,boneka-dummy,0.8922,437,294,1099,1080
3814,127.34,boneka-dummy,0.8232,1548,266,1919,894
3814,127.34,boneka-asli,0.7152,291,153,654,708
3814,127.34,boneka-asli,0.6757,936,231,1447,976
3814,127.34,boneka-asli,0.6476,0,564,516,1080
3815,127.37,boneka-dummy,0.8647,460,301,1116,1080
3815,127.37,boneka-dummy,0.8075,1567,262,1919,942
3815,127.37,boneka-asli,0.7496,301,147,658,697
3815,127.37,boneka-asli,0.6329,0,574,576,1080
3815,127.37,boneka-asli,0.5465,951,223,1453,931
3815,127.37,boneka-asli,0.5356,1289,680,1865,1080
3815,127.37,boneka-dummy,0.5030,952,220,1456,906
3816,127.41,boneka-dummy,0.8805,467,281,1114,1080
3816,127.41,boneka-dummy,0.8432,1574,255,1919,779
3816,127.41,boneka-asli,0.7591,316,140,671,676
3816,127.41,boneka-asli,0.6738,0,559,604,1080
3816,127.41,boneka-dummy,0.5970,959,217,1468,884
3816,127.41,boneka-asli,0.5080,984,827,1403,1077
3817,127.44,boneka-dummy,0.8920,469,273,1120,1080
3817,127.44,boneka-dummy,0.8646,1575,252,1919,787
3817,127.44,boneka-asli,0.7492,323,137,676,676
3817,127.44,boneka-asli,0.5697,997,793,1408,1077
3817,127.44,boneka-asli,0.5651,0,546,597,1080
3817,127.44,boneka-asli,0.5078,1509,673,1918,1009
3818,127.47,boneka-dummy,0.8907,478,273,1132,1080
3818,127.47,boneka-dummy,0.8312,1583,250,1920,944
3818,127.47,boneka-asli,0.7514,333,141,688,679
3818,127.47,boneka-asli,0.6402,0,675,633,1080
3818,127.47,boneka-asli,0.5781,1527,676,1917,1014
3818,127.47,boneka-asli,0.5605,967,213,1462,917
3818,127.47,boneka-asli,0.5234,999,800,1416,1076
3819,127.51,boneka-dummy,0.8991,479,276,1142,1080
3819,127.51,boneka-asli,0.7629,348,144,696,670
3819,127.51,boneka-dummy,0.7610,1584,251,1920,960
3819,127.51,boneka-asli,0.6264,976,796,1405,1077
3819,127.51,boneka-asli,0.6211,976,214,1472,900
3819,127.51,boneka-asli,0.5527,0,690,633,1080
3820,127.54,boneka-dummy,0.8988,477,269,1140,1080
3820,127.54,boneka-dummy,0.8325,1587,247,1919,924
3820,127.54,boneka-asli,0.7763,355,137,699,666
3820,127.54,boneka-asli,0.5532,0,557,628,1080
3821,127.57,boneka-dummy,0.8859,476,256,1141,1080
3821,127.57,boneka-dummy,0.8388,1595,241,1919,954
3821,127.57,boneka-asli,0.8088,989,206,1475,881
3821,127.57,boneka-asli,0.7446,358,132,706,685
3821,127.57,boneka-asli,0.5839,0,556,597,1080
3822,127.61,boneka-dummy,0.8798,469,256,1153,1080
3822,127.61,boneka-dummy,0.8366,1600,243,1919,901
3822,127.61,boneka-asli,0.7443,991,207,1478,867
3822,127.61,boneka-asli,0.6848,368,133,711,677
3822,127.61,boneka-asli,0.5373,0,544,625,1080
3823,127.64,boneka-dummy,0.8579,483,270,1169,1080
3823,127.64,boneka-dummy,0.8236,1603,248,1919,871
3823,127.64,boneka-asli,0.7718,989,210,1493,849
3824,127.67,boneka-dummy,0.8619,480,275,1166,1080
3824,127.67,boneka-dummy,0.8100,1604,254,1919,848
3824,127.67,boneka-asli,0.7741,997,213,1499,845
3825,127.71,boneka-dummy,0.8679,521,270,1167,1080
3825,127.71,boneka-dummy,0.7942,1609,241,1920,909
3825,127.71,boneka-asli,0.7666,1002,211,1500,856
3825,127.71,boneka-asli,0.6544,0,543,704,1080
3825,127.71,boneka-asli,0.5474,383,147,731,679
3826,127.74,boneka-dummy,0.8663,526,266,1167,1080
3826,127.74,boneka-asli,0.8371,1006,209,1503,877
3826,127.74,boneka-dummy,0.8180,1610,239,1919,926
3826,127.74,boneka-asli,0.6787,395,145,735,677
3826,127.74,boneka-asli,0.6520,0,551,636,1080
3827,127.77,boneka-dummy,0.8556,529,264,1177,1080
3827,127.77,boneka-asli,0.7989,1014,206,1508,885
3827,127.77,boneka-dummy,0.7481,1617,234,1920,950
3827,127.77,boneka-asli,0.6489,406,145,741,698
3827,127.77,boneka-asli,0.5123,0,539,685,1080
3828,127.81,boneka-dummy,0.8707,547,266,1203,1080
3828,127.81,boneka-asli,0.7360,416,147,751,681
3828,127.81,boneka-asli,0.6785,1016,205,1526,921
3828,127.81,boneka-dummy,0.6390,1630,235,1920,963
3828,127.81,boneka-asli,0.5007,0,532,719,1080
3829,127.84,boneka-dummy,0.8856,556,269,1203,1080
3829,127.84,boneka-asli,0.7005,427,150,760,683
3829,127.84,boneka-dummy,0.6144,1652,235,1919,987
3829,127.84,boneka-asli,0.6041,0,558,715,1080
3830,127.87,boneka-dummy,0.8849,571,271,1212,1080
3830,127.87,boneka-dummy,0.6911,1667,373,1919,788
3830,127.87,boneka-asli,0.6645,446,150,774,681
3830,127.87,boneka-asli,0.6526,0,556,746,1080
3830,127.87,boneka-asli,0.6280,1041,207,1546,864
3831,127.91,boneka-dummy,0.8858,569,261,1214,1080
3831,127.91,boneka-dummy,0.7146,1681,298,1919,730
3831,127.91,boneka-asli,0.7100,457,149,783,678
3831,127.91,boneka-asli,0.6519,1540,651,1918,1080
3831,127.91,boneka-asli,0.6505,1052,205,1545,841
3831,127.91,boneka-asli,0.5475,0,775,445,1080
3832,127.94,boneka-dummy,0.8748,571,258,1237,1080
3832,127.94,boneka-asli,0.8060,1068,203,1557,983
3832,127.94,boneka-asli,0.7073,460,146,793,682
3832,127.94,boneka-asli,0.6014,1535,636,1915,1080
3832,127.94,boneka-dummy,0.5846,1692,272,1919,799
3832,127.94,boneka-asli,0.5542,1,555,713,1080
3833,127.97,boneka-dummy,0.8710,580,253,1249,1080
3833,127.97,boneka-asli,0.8252,1090,200,1573,954
3833,127.97,boneka-dummy,0.7948,1711,349,1919,797
3833,127.97,boneka-asli,0.6208,467,148,804,684
3833,127.97,boneka-asli,0.6198,1459,615,1915,1080
3833,127.97,boneka-asli,0.5662,0,547,722,1080
3834,128.01,boneka-dummy,0.8605,621,269,1269,1080
3834,128.01,boneka-asli,0.8529,1096,208,1586,881
3834,128.01,boneka-dummy,0.7512,1722,358,1919,752
3834,128.01,boneka-asli,0.7277,477,152,820,681
3834,128.01,boneka-asli,0.6639,1,552,760,1080
3834,128.01,boneka-asli,0.5416,1517,644,1919,1080
3835,128.04,boneka-dummy,0.8831,651,285,1271,1080
3835,128.04,boneka-asli,0.8389,1114,210,1607,936
3835,128.04,boneka-asli,0.7255,505,155,830,678
3835,128.04,boneka-dummy,0.6604,1747,366,1919,731
3835,128.04,boneka-asli,0.6508,0,545,792,1080
3836,128.07,boneka-dummy,0.8844,656,287,1278,1080
3836,128.07,boneka-asli,0.7452,518,159,849,679
3836,128.07,boneka-asli,0.5572,1133,213,1635,860
3836,128.07,boneka-asli,0.5570,13,539,814,1080
3837,128.11,boneka-dummy,0.9063,674,304,1300,1080
3837,128.11,boneka-asli,0.7375,543,166,876,679
3837,128.11,boneka-dummy,0.5472,1141,215,1650,869
3837,128.11,boneka-asli,0.5125,1139,215,1647,873
3838,128.14,boneka-dummy,0.9258,680,294,1323,1080
3838,128.14,boneka-asli,0.7390,560,170,884,680
3838,128.14,boneka-asli,0.5806,1157,217,1651,876
3839,128.17,boneka-dummy,0.8960,699,299,1334,1080
3839,128.17,boneka-asli,0.6074,568,167,886,681
3839,128.17,boneka-asli,0.5450,1178,213,1679,854
3840,128.21,boneka-dummy,0.8916,728,292,1356,1080
3840,128.21,boneka-asli,0.8003,1188,212,1691,848
3840,128.21,boneka-asli,0.5812,13,565,861,1080
3840,128.21,boneka-asli,0.5013,579,162,932,661
3841,128.24,boneka-dummy,0.8748,739,287,1384,1080
3841,128.24,boneka-asli,0.6671,1211,207,1720,882
3841,128.24,boneka-asli,0.5904,603,159,949,667
3841,128.24,boneka-asli,0.5429,19,548,878,1078
3842,128.27,boneka-dummy,0.8760,756,295,1399,1080
3842,128.27,boneka-asli,0.6898,620,159,950,653
3842,128.27,boneka-asli,0.6876,1223,205,1736,917
3842,128.27,boneka-asli,0.5268,77,552,909,1080
3843,128.31,boneka-dummy,0.8824,762,297,1408,1080
3843,128.31,boneka-asli,0.7406,635,163,972,657
3843,128.31,boneka-asli,0.6070,1230,203,1743,899
3843,128.31,boneka-asli,0.5635,80,566,873,1058
3844,128.34,boneka-dummy,0.8773,775,283,1434,1080
3844,128.34,boneka-asli,0.7806,1257,202,1760,979
3844,128.34,boneka-asli,0.7062,655,160,984,673
3845,128.37,boneka-dummy,0.8661,813,284,1458,1080
3845,128.37,boneka-asli,0.7936,1273,198,1792,899
3845,128.37,boneka-asli,0.7020,662,158,996,669
3846,128.41,boneka-dummy,0.8603,829,278,1462,1080
3846,128.41,boneka-asli,0.8407,1281,194,1818,986
3846,128.41,boneka-asli,0.6832,672,155,1018,672
3846,128.41,boneka-asli,0.5357,97,556,914,1080
3847,128.44,boneka-dummy,0.8551,843,269,1489,1080
3847,128.44,boneka-asli,0.8542,1307,192,1829,863
3847,128.44,boneka-asli,0.6485,691,153,1026,669
3847,128.44,boneka-asli,0.5735,2,560,667,1080
3848,128.48,boneka-dummy,0.8527,854,260,1487,1080
3848,128.48,boneka-asli,0.8183,1321,182,1847,844
3848,128.48,boneka-asli,0.7797,707,148,1039,671
3848,128.48,boneka-dummy,0.5031,1376,928,1613,1078
3849,128.51,boneka-dummy,0.8650,858,253,1503,1080
3849,128.51,boneka-asli,0.8140,1332,175,1857,862
3849,128.51,boneka-asli,0.7477,715,144,1056,672
3849,128.51,boneka-asli,0.5776,0,755,734,1080
3850,128.54,boneka-dummy,0.8647,865,252,1525,1080
3850,128.54,boneka-asli,0.8288,1347,172,1871,867
3850,128.54,boneka-asli,0.6780,743,142,1068,666
3850,128.54,boneka-asli,0.6590,12,752,719,1080
3851,128.58,boneka-dummy,0.8976,883,251,1539,1080
3851,128.58,boneka-asli,0.8137,1361,166,1905,881
3851,128.58,boneka-asli,0.6749,745,140,1085,673
3851,128.58,boneka-asli,0.6225,33,751,737,1080
3852,128.61,boneka-dummy,0.9039,894,247,1545,1080
3852,128.61,boneka-asli,0.8273,1374,157,1916,885
3852,128.61,boneka-asli,0.7123,752,136,1088,655
3852,128.61,boneka-asli,0.6204,1392,738,1919,1080
3852,128.61,boneka-asli,0.5643,118,756,756,1080
3853,128.64,boneka-dummy,0.8976,917,241,1552,1080
3853,128.64,boneka-asli,0.8126,1387,155,1918,916
3853,128.64,boneka-asli,0.6090,220,752,766,1080
3853,128.64,boneka-asli,0.5220,763,135,1107,653
3854,128.68,boneka-dummy,0.8762,926,255,1568,1080
3854,128.68,boneka-asli,0.8296,1397,154,1919,838
3854,128.68,boneka-asli,0.5935,231,748,762,1080
3854,128.68,boneka-asli,0.5060,770,133,1106,639
3855,128.71,boneka-dummy,0.8494,923,243,1579,1080
3855,128.71,boneka-asli,0.6860,1399,153,1919,810
3855,128.71,boneka-asli,0.6375,780,132,1124,642
3855,128.71,boneka-asli,0.5777,220,768,809,1080
3856,128.74,boneka-dummy,0.8184,939,232,1603,1080
3856,128.74,boneka-asli,0.7356,1393,153,1919,795
3857,128.78,boneka-dummy,0.8419,940,221,1605,1080
3857,128.78,boneka-asli,0.7007,1374,139,1919,780
3857,128.78,boneka-asli,0.5226,30,731,818,1080
